ID,Year_Birth,Education,Marital_Status,Income,Kidhome,Teenhome,Dt_Customer,Recency,MntWines,MntFruits,MntMeatProducts,MntFishProducts,MntSweetProducts,MntGoldProds,NumDealsPurchases,NumWebPurchases,NumCatalogPurchases,NumStorePurchases,NumWebVisitsMonth,AcceptedCmp3,AcceptedCmp4,AcceptedCmp5,AcceptedCmp1,AcceptedCmp2,Complain,Z_CostContact,Z_Revenue,Response,Enrollment_Year,Enrollment_Month,Age,Customer_Age,Customer_Tenure,Total_Children,Family_Size,Total_Spending,Total_Purchases,Total_Campaign_Acceptance,Avg_Spending_Per_Purchase,Digital_Engagement,Deal_Dependency,Preferred_Shopping_Channel,Product_Preference,Customer_Activity_Level
5524,1957,Graduation,Single,58138.0,0,0,2012-09-04,58,635.0,81.0,546.0,120.5,81.0,88.0,3,8,10,4,7,0,0,0,0,0,0,3,11,1,2012,9,67,57,664,0,1,1551.5,25,1,62.06,15,0.12,Catalog,Wines,High
2174,1954,Graduation,Single,46344.0,1,1,2014-03-08,38,11.0,1.0,6.0,2.0,1.0,6.0,2,1,1,2,5,0,0,0,0,0,0,3,11,0,2014,3,70,60,114,2,3,27.0,6,0,4.5,6,0.3333333333333333,Store,Wines,Low
4141,1965,Graduation,Married,71613.0,0,0,2013-08-21,26,426.0,49.0,127.0,111.0,21.0,42.0,1,8,2,10,4,0,0,0,0,0,0,3,11,0,2013,8,59,49,313,0,2,776.0,21,0,36.95238095238095,12,0.047619047619047616,Store,Wines,High
6182,1984,Graduation,Married,26646.0,1,0,2014-02-10,26,11.0,4.0,20.0,10.0,3.0,5.0,2,2,0,4,6,0,0,0,0,0,0,3,11,0,2014,2,40,30,140,1,3,53.0,8,0,6.625,8,0.25,Store,Meat,Low
5324,1981,Phd,Married,58293.0,1,0,2014-01-19,94,173.0,43.0,118.0,46.0,27.0,15.0,5,5,3,6,5,0,0,0,0,0,0,3,11,0,2014,1,43,33,162,1,3,422.0,19,0,22.210526315789473,10,0.2631578947368421,Store,Wines,Medium
7446,1967,Master,Married,62513.0,0,1,2013-09-09,16,520.0,42.0,98.0,0.0,42.0,14.0,2,6,4,10,6,0,0,0,0,0,0,3,11,0,2013,9,57,47,294,1,3,716.0,22,0,32.54545454545455,12,0.09090909090909091,Store,Wines,High
965,1971,Graduation,Divorced,55635.0,0,1,2012-11-13,34,235.0,65.0,164.0,50.0,49.0,27.0,4,7,3,7,6,0,0,0,0,0,0,3,11,0,2012,11,53,43,594,1,2,590.0,21,0,28.095238095238095,13,0.19047619047619047,Web,Wines,High
6177,1985,Phd,Married,33454.0,1,0,2013-05-08,32,76.0,10.0,56.0,3.0,1.0,23.0,2,4,0,4,8,0,0,0,0,0,0,3,11,0,2013,5,39,29,418,1,3,169.0,10,0,16.9,12,0.2,Web,Wines,Medium
4855,1974,Phd,Married,30351.0,1,0,2013-06-06,19,14.0,0.0,24.0,3.0,3.0,2.0,1,3,0,2,9,0,0,0,0,0,0,3,11,1,2013,6,50,40,389,1,3,46.0,6,1,7.666666666666667,12,0.16666666666666666,Web,Meat,Low
5899,1950,Phd,Married,5648.0,1,1,2014-03-13,68,28.0,0.0,6.0,1.0,1.0,13.0,1,1,0,0,20,1,0,0,0,0,0,3,11,0,2014,3,74,64,109,2,4,49.0,2,1,24.5,21,0.5,Web,Wines,Low
1994,1983,Graduation,Married,51381.5,1,0,2013-11-15,11,5.0,5.0,6.0,0.0,2.0,1.0,1,1,0,2,7,0,0,0,0,0,0,3,11,0,2013,11,41,31,227,1,3,19.0,4,0,4.75,8,0.25,Store,Meat,Low
387,1976,Undergraduate,Married,7500.0,0,0,2012-11-13,59,6.0,16.0,11.0,11.0,1.0,16.0,1,2,0,3,8,0,0,0,0,0,0,3,11,0,2012,11,48,38,594,0,2,61.0,6,0,10.166666666666666,10,0.16666666666666666,Store,Fruits,Low
2125,1959,Graduation,Divorced,63033.0,0,0,2013-11-15,82,194.0,61.0,480.0,120.5,81.0,30.0,1,3,4,8,2,0,0,0,0,0,0,3,11,0,2013,11,65,55,227,0,1,966.5,16,0,60.40625,5,0.0625,Store,Meat,Medium
8180,1952,Master,Divorced,59354.0,1,1,2013-11-15,53,233.0,2.0,53.0,3.0,5.0,14.0,3,6,1,5,6,0,0,0,0,0,0,3,11,0,2013,11,72,62,227,2,3,310.0,15,0,20.666666666666668,12,0.2,Web,Wines,Medium
2569,1987,Graduation,Married,17323.0,0,0,2012-10-10,38,3.0,14.0,17.0,6.0,1.0,5.0,1,1,0,3,8,0,0,0,0,0,0,3,11,0,2012,10,37,27,628,0,2,46.0,5,0,9.2,9,0.2,Store,Meat,Low
2114,1946,Phd,Single,82800.0,0,0,2012-11-24,23,1006.0,22.0,115.0,59.0,68.0,45.0,1,7,6,12,3,0,0,1,1,0,0,3,11,1,2012,11,78,68,583,0,1,1315.0,26,3,50.57692307692308,10,0.038461538461538464,Store,Wines,High
9736,1980,Graduation,Married,41850.0,1,1,2012-12-24,51,53.0,5.0,19.0,2.0,13.0,4.0,3,3,0,3,8,0,0,0,0,0,0,3,11,0,2012,12,44,34,553,2,4,96.0,9,0,10.666666666666666,11,0.3333333333333333,Web,Wines,Low
4939,1946,Graduation,Married,37760.0,0,0,2012-08-31,20,84.0,5.0,38.0,120.5,12.0,28.0,2,4,1,6,7,0,0,0,0,0,0,3,11,0,2012,8,78,68,668,0,2,287.5,13,0,22.115384615384617,11,0.15384615384615385,Store,Fish,Medium
6565,1949,Master,Married,76995.0,0,1,2013-03-28,91,1012.0,80.0,498.0,0.0,16.0,126.5,2,11,4,9,5,0,0,0,1,0,0,3,11,0,2013,3,75,65,459,1,3,1732.5,26,1,66.63461538461539,16,0.07692307692307693,Web,Wines,High
2278,1985,2N Cycle,Single,33812.0,1,0,2012-11-03,86,4.0,17.0,19.0,30.0,24.0,39.0,2,2,1,3,6,0,0,0,0,0,0,3,11,0,2012,11,39,29,604,1,2,133.0,8,0,16.625,8,0.25,Store,Gold,Low
9360,1982,Graduation,Married,37040.0,0,0,2012-08-08,41,86.0,2.0,73.0,69.0,38.0,48.0,1,4,2,5,8,0,0,0,0,0,0,3,11,0,2012,8,42,32,691,0,2,316.0,12,0,26.333333333333332,12,0.08333333333333333,Store,Wines,Medium
5376,1979,Graduation,Married,2447.0,1,0,2013-01-06,42,1.0,1.0,556.0,1.0,1.0,1.0,15,0,28,0,1,0,0,0,0,0,0,3,11,0,2013,1,45,35,540,1,3,561.0,43,0,13.046511627906977,1,0.3488372093023256,Catalog,Meat,High
1993,1949,Phd,Married,58607.0,0,1,2012-12-23,63,867.0,0.0,86.0,0.0,0.0,19.0,3,2,3,9,8,0,1,0,0,0,0,3,11,0,2012,12,75,65,554,1,3,972.0,17,1,57.1764705882353,10,0.17647058823529413,Store,Wines,Medium
4047,1954,Phd,Married,65324.0,0,1,2014-01-11,0,384.0,0.0,102.0,21.0,32.0,5.0,3,6,2,9,4,0,0,0,0,0,0,3,11,0,2014,1,70,60,170,1,3,544.0,20,0,27.2,10,0.15,Store,Wines,High
1409,1951,Graduation,Married,40689.0,0,1,2013-03-18,69,270.0,3.0,27.0,39.0,6.0,99.0,7,7,1,5,8,0,0,0,0,0,0,3,11,0,2013,3,73,63,469,1,3,444.0,20,0,22.2,15,0.35,Web,Wines,High
7892,1969,Graduation,Single,18589.0,0,0,2013-01-02,89,6.0,4.0,25.0,15.0,12.0,13.0,2,2,1,3,7,0,0,0,0,0,0,3,11,0,2013,1,55,45,544,0,1,75.0,8,0,9.375,9,0.25,Store,Meat,Low
2404,1976,Graduation,Married,53359.0,1,1,2013-05-27,4,173.0,4.0,30.0,3.0,6.0,41.0,4,5,1,4,7,0,0,0,0,0,0,3,11,0,2013,5,48,38,399,2,4,257.0,14,0,18.357142857142858,12,0.2857142857142857,Web,Wines,Medium
5255,1986,Graduation,Single,51381.5,1,0,2013-02-20,19,5.0,1.0,3.0,3.0,81.0,126.5,0,27,0,0,1,0,0,0,0,0,0,3,11,0,2013,2,38,28,495,1,2,219.5,27,0,8.12962962962963,28,0.0,Web,Gold,High
9422,1989,Graduation,Married,38360.0,1,0,2013-05-31,26,36.0,2.0,42.0,20.0,21.0,10.0,2,2,1,4,3,0,0,0,0,0,0,3,11,0,2013,5,35,25,395,1,3,131.0,9,0,14.555555555555555,5,0.2222222222222222,Store,Meat,Low
1966,1965,Phd,Married,84618.0,0,0,2013-11-22,96,684.0,81.0,556.0,21.0,66.0,0.0,1,6,9,10,2,0,0,1,0,0,0,3,11,0,2013,11,59,49,220,0,2,1408.0,26,1,54.15384615384615,8,0.038461538461538464,Store,Wines,High
6864,1989,Master,Divorced,10979.0,0,0,2014-05-22,34,8.0,4.0,10.0,2.0,2.0,4.0,2,3,0,3,5,0,0,0,0,0,0,3,11,0,2014,5,35,25,39,0,1,30.0,8,0,3.75,8,0.25,Web,Meat,Low
3033,1963,Master,Married,38620.0,0,0,2013-05-11,56,112.0,17.0,44.0,34.0,22.0,89.0,1,2,5,3,3,0,0,0,0,0,0,3,11,0,2013,5,61,51,415,0,2,318.0,11,0,28.90909090909091,5,0.09090909090909091,Catalog,Wines,Medium
5710,1970,Graduation,Married,40548.0,0,1,2012-10-10,31,110.0,0.0,5.0,2.0,0.0,3.0,2,2,1,4,5,0,1,0,0,0,0,3,11,0,2012,10,54,44,628,1,3,120.0,9,1,13.333333333333334,7,0.2222222222222222,Store,Wines,Low
7373,1952,Phd,Divorced,46610.0,0,2,2012-10-29,8,96.0,12.0,96.0,33.0,22.0,43.0,6,4,1,6,6,0,0,0,0,0,0,3,11,1,2012,10,72,62,609,2,3,302.0,17,1,17.764705882352942,10,0.35294117647058826,Store,Wines,Medium
8755,1946,Master,Married,68657.0,0,0,2013-02-20,4,482.0,34.0,471.0,119.0,68.0,22.0,1,3,5,9,7,0,0,0,0,0,0,3,11,0,2013,2,78,68,495,0,2,1196.0,18,0,66.44444444444444,10,0.05555555555555555,Store,Wines,Medium
10738,1951,Master,Single,49389.0,1,1,2013-08-29,55,40.0,0.0,19.0,2.0,1.0,3.0,1,2,0,3,7,0,0,0,0,0,0,3,11,0,2013,8,73,63,305,2,3,65.0,6,0,10.833333333333334,9,0.16666666666666666,Store,Wines,Low
4339,1970,Phd,Married,67353.0,0,1,2013-12-31,37,702.0,17.0,151.0,0.0,8.0,35.0,5,5,6,12,2,0,0,0,0,0,0,3,11,0,2013,12,54,44,181,1,3,913.0,28,0,32.607142857142854,7,0.17857142857142858,Store,Wines,High
10755,1976,2N Cycle,Married,23718.0,1,0,2013-09-02,76,6.0,3.0,14.0,15.0,7.0,36.0,3,3,1,2,7,0,0,0,0,0,0,3,11,0,2013,9,48,38,301,1,3,81.0,9,0,9.0,10,0.3333333333333333,Web,Gold,Low
8595,1973,Graduation,Widow,42429.0,0,1,2014-02-11,99,55.0,0.0,6.0,2.0,0.0,4.0,2,1,1,3,5,0,0,0,0,0,0,3,11,0,2014,2,51,41,139,1,2,67.0,7,0,9.571428571428571,6,0.2857142857142857,Store,Wines,Low
2968,1943,Phd,Divorced,48948.0,0,0,2013-02-01,53,437.0,8.0,206.0,120.5,49.0,42.0,2,7,10,5,6,1,0,0,0,0,0,3,11,1,2013,2,81,71,514,0,1,862.5,24,2,35.9375,13,0.08333333333333333,Catalog,Wines,High
8601,1980,Graduation,Married,80011.0,0,1,2013-04-29,3,421.0,76.0,536.0,82.0,81.0,102.0,2,8,6,5,4,0,0,0,0,0,0,3,11,0,2013,4,44,34,427,1,3,1298.0,21,0,61.80952380952381,12,0.09523809523809523,Web,Meat,High
503,1985,Master,Married,20559.0,1,0,2013-03-12,88,13.0,1.0,29.0,3.0,0.0,7.0,2,2,0,3,8,0,0,0,0,0,0,3,11,0,2013,3,39,29,475,1,3,53.0,7,0,7.571428571428571,10,0.2857142857142857,Store,Meat,Low
8430,1957,Graduation,Married,21994.0,0,1,2012-12-24,4,9.0,0.0,6.0,3.0,1.0,3.0,1,0,0,3,5,0,0,0,0,0,0,3,11,0,2012,12,67,57,553,1,3,22.0,4,0,5.5,5,0.25,Store,Wines,Low
7281,1959,Phd,Single,51381.5,0,0,2013-11-05,80,81.0,11.0,50.0,3.0,2.0,39.0,1,1,3,4,2,0,0,0,0,0,0,3,11,0,2013,11,65,55,237,0,1,186.0,9,0,20.666666666666668,3,0.1111111111111111,Store,Wines,Low
2139,1975,Master,Married,7500.0,1,0,2013-10-02,19,3.0,1.0,10.0,3.0,2.0,12.0,3,2,0,3,5,0,0,0,0,0,0,3,11,0,2013,10,49,39,271,1,3,31.0,8,0,3.875,7,0.375,Store,Gold,Low
1371,1976,Graduation,Single,79941.0,0,0,2014-06-28,72,123.0,81.0,266.0,120.5,30.0,126.5,1,2,4,9,1,0,0,0,0,0,0,3,11,0,2014,6,48,38,2,0,1,747.0,16,0,46.6875,3,0.0625,Store,Meat,Medium
9909,1996,2N Cycle,Married,7500.0,0,0,2012-11-09,24,3.0,18.0,14.0,15.0,22.0,50.0,3,3,1,3,9,0,0,0,0,0,0,3,11,1,2012,11,28,18,598,0,2,122.0,10,1,12.2,12,0.3,Web,Gold,Medium
7286,1968,Graduation,Married,41728.0,1,0,2013-05-24,92,13.0,6.0,15.0,3.0,5.0,13.0,1,2,0,2,10,0,0,0,0,0,0,3,11,0,2013,5,56,46,402,1,3,55.0,5,0,11.0,12,0.2,Web,Meat,Low
7244,1951,Graduation,Single,51381.5,2,1,2014-01-01,96,48.0,5.0,48.0,6.0,10.0,7.0,3,2,1,4,6,0,0,0,0,0,0,3,11,0,2014,1,73,63,180,3,4,124.0,10,0,12.4,8,0.3,Store,Wines,Medium
6566,1954,Phd,Married,72550.0,1,1,2012-11-08,39,826.0,50.0,317.0,50.0,38.0,38.0,9,5,2,12,8,0,0,0,0,0,0,3,11,0,2012,11,70,60,599,2,4,1319.0,28,0,47.107142857142854,13,0.32142857142857145,Store,Wines,High
8614,1957,Graduation,Widow,65486.0,0,1,2014-05-12,29,245.0,19.0,125.0,37.0,67.0,14.0,1,4,2,10,2,0,0,0,0,0,0,3,11,0,2014,5,67,57,49,1,2,507.0,17,0,29.823529411764707,6,0.058823529411764705,Store,Wines,Medium
4114,1964,Master,Married,79143.0,0,0,2012-08-11,2,650.0,37.0,556.0,27.0,81.0,32.0,1,6,9,13,3,0,0,0,0,0,0,3,11,0,2012,8,60,50,688,0,2,1383.0,29,0,47.689655172413794,9,0.034482758620689655,Store,Wines,High
1331,1977,Graduation,Single,35790.0,1,0,2013-01-02,54,12.0,6.0,20.0,30.0,1.0,3.0,2,2,0,3,7,0,0,0,0,0,0,3,11,0,2013,1,47,37,544,1,2,72.0,7,0,10.285714285714286,9,0.2857142857142857,Store,Fish,Low
2225,1977,Graduation,Divorced,82582.0,0,0,2014-06-07,54,510.0,81.0,550.0,120.5,40.0,126.5,1,4,9,7,1,1,0,0,1,0,0,3,11,1,2014,6,47,37,23,0,1,1428.0,21,3,68.0,5,0.047619047619047616,Catalog,Meat,High
9381,1978,Graduation,Married,66373.0,1,1,2013-06-12,57,328.0,9.0,124.0,12.0,24.0,109.0,7,4,2,10,3,0,0,0,0,0,0,3,11,0,2013,6,46,36,383,2,4,606.0,23,0,26.347826086956523,7,0.30434782608695654,Store,Wines,High
6260,1955,Master,Married,82384.0,0,0,2012-11-19,55,984.0,51.0,432.0,120.5,81.0,126.5,1,3,10,13,1,0,0,1,0,0,0,3,11,1,2012,11,69,59,588,0,2,1795.0,27,2,66.48148148148148,4,0.037037037037037035,Store,Wines,High
10383,1966,Graduation,Divorced,70287.0,0,0,2013-04-02,30,295.0,35.0,482.0,120.5,81.0,40.0,1,5,5,10,3,0,0,0,0,0,0,3,11,1,2013,4,58,48,454,0,1,1053.5,21,1,50.166666666666664,8,0.047619047619047616,Store,Meat,High
7437,1988,Graduation,Single,27938.0,1,0,2014-04-28,31,13.0,0.0,8.0,2.0,1.0,5.0,1,1,0,4,3,0,0,0,0,0,0,3,11,0,2014,4,36,26,63,1,2,29.0,6,0,4.833333333333333,4,0.16666666666666666,Store,Wines,Low
8557,1982,Graduation,Single,51381.5,1,0,2013-06-17,57,11.0,3.0,22.0,2.0,2.0,6.0,2,2,0,3,6,0,0,0,0,0,0,3,11,0,2013,6,42,32,378,1,2,46.0,7,0,6.571428571428571,8,0.2857142857142857,Store,Meat,Low
8375,1968,Phd,Married,55954.0,0,1,2014-03-03,63,447.0,0.0,28.0,0.0,0.0,43.0,3,8,2,6,7,0,0,0,0,0,0,3,11,0,2014,3,56,46,119,1,3,518.0,19,0,27.263157894736842,15,0.15789473684210525,Web,Wines,Medium
6853,1982,Master,Single,75777.0,0,0,2013-07-04,12,712.0,26.0,538.0,69.0,13.0,80.0,1,3,6,11,1,0,1,1,0,0,0,3,11,1,2013,7,42,32,361,0,1,1438.0,21,3,68.47619047619048,4,0.047619047619047616,Store,Wines,High
3076,1975,Graduation,Married,66653.0,1,1,2012-09-07,18,452.0,18.0,102.0,16.0,18.0,6.0,4,4,2,12,3,0,0,0,0,0,0,3,11,0,2012,9,49,39,661,2,4,612.0,22,0,27.818181818181817,7,0.18181818181818182,Store,Wines,High
1012,1952,Graduation,Single,61823.0,0,1,2013-02-18,26,523.0,7.0,134.0,37.0,14.0,126.5,4,8,2,10,7,0,0,0,0,0,0,3,11,0,2013,2,72,62,497,1,2,841.5,24,0,35.0625,15,0.16666666666666666,Store,Wines,High
6518,1951,Phd,Widow,67680.0,0,1,2013-06-11,8,546.0,0.0,48.0,0.0,6.0,6.0,1,7,3,8,5,0,0,0,0,0,0,3,11,0,2013,6,73,63,384,1,2,606.0,19,0,31.894736842105264,12,0.05263157894736842,Store,Wines,Medium
4137,1948,Graduation,Married,70666.0,0,0,2013-12-06,29,398.0,40.0,367.0,119.0,81.0,30.0,1,7,4,4,4,0,0,0,0,0,0,3,11,0,2013,12,76,66,206,0,2,1035.0,16,0,64.6875,11,0.0625,Web,Wines,Medium
8082,1971,Graduation,Married,25721.0,1,0,2013-05-21,75,1.0,3.0,6.0,3.0,6.0,15.0,1,1,1,2,7,0,0,0,0,0,0,3,11,1,2013,5,53,43,405,1,3,34.0,5,1,6.8,8,0.2,Store,Gold,Low
1386,1967,Graduation,Married,32474.0,1,1,2014-05-11,0,10.0,0.0,1.0,0.0,0.0,0.0,1,1,0,2,7,0,0,0,0,0,0,3,11,0,2014,5,57,47,50,2,4,11.0,4,0,2.75,8,0.25,Store,Wines,Low
9369,1979,2N Cycle,Single,88194.0,0,1,2014-03-19,19,688.0,14.0,309.0,120.5,24.0,38.0,1,11,10,10,5,1,0,0,1,0,0,3,11,1,2014,3,45,35,103,1,2,1193.5,32,3,37.296875,16,0.03125,Web,Wines,High
4477,1958,Graduation,Married,69096.0,0,1,2013-09-27,4,247.0,49.0,159.0,7.0,81.0,109.0,1,5,2,10,4,0,0,0,0,0,0,3,11,0,2013,9,66,56,276,1,3,652.0,18,0,36.22222222222222,9,0.05555555555555555,Store,Wines,Medium
1357,1970,Graduation,Married,74854.0,1,2,2013-04-08,90,856.0,59.0,487.0,58.0,29.0,73.0,7,2,5,5,5,0,0,0,0,0,0,3,11,0,2013,4,54,44,448,3,5,1562.0,19,0,82.21052631578948,7,0.3684210526315789,Catalog,Wines,Medium
1402,1954,Master,Married,66991.0,0,0,2012-09-11,1,496.0,36.0,460.0,120.5,60.0,12.0,3,4,8,6,3,0,0,0,0,0,0,3,11,0,2012,9,70,60,657,0,2,1184.5,21,0,56.404761904761905,7,0.14285714285714285,Catalog,Wines,High
10629,1973,2N Cycle,Married,51381.5,1,0,2012-09-14,25,25.0,3.0,43.0,17.0,4.0,17.0,3,3,0,3,8,0,0,0,0,0,0,3,11,0,2012,9,51,41,654,1,3,109.0,9,0,12.11111111111111,11,0.3333333333333333,Web,Meat,Low
6312,1959,Graduation,Married,65031.0,0,1,2013-03-17,29,258.0,81.0,291.0,84.0,37.0,86.0,4,10,3,13,7,0,0,0,0,0,0,3,11,0,2013,3,65,55,470,1,3,837.0,30,0,27.9,17,0.13333333333333333,Store,Meat,High
8132,1975,Phd,Married,60631.0,1,1,2013-04-05,88,565.0,6.0,65.0,0.0,6.0,19.0,5,9,2,8,7,0,1,0,0,0,0,3,11,0,2013,4,49,39,451,2,4,661.0,24,1,27.541666666666668,16,0.20833333333333334,Web,Wines,High
1050,1952,Graduation,Married,28332.0,0,0,2014-04-30,58,14.0,10.0,13.0,4.0,15.0,9.0,1,2,1,4,2,0,0,0,0,0,0,3,11,0,2014,4,72,62,61,0,2,65.0,8,0,8.125,4,0.125,Store,Sweets,Low
5846,1977,Graduation,Divorced,40246.0,1,0,2012-12-19,68,2.0,1.0,6.0,2.0,1.0,1.0,1,1,0,2,6,0,0,0,0,0,0,3,11,0,2012,12,47,37,558,1,2,13.0,4,0,3.25,7,0.25,Store,Meat,Low
1859,1972,Master,Married,75251.0,0,0,2012-08-27,34,721.0,81.0,556.0,97.0,18.0,18.0,1,7,6,5,5,0,0,0,0,0,0,3,11,1,2012,8,52,42,672,0,2,1491.0,19,1,78.47368421052632,12,0.05263157894736842,Web,Wines,Medium
7503,1976,Graduation,Single,75825.0,0,0,2012-10-12,40,1032.0,81.0,556.0,120.5,81.0,51.0,0,5,8,9,4,1,0,0,0,0,0,3,11,1,2012,10,48,38,626,0,1,1921.5,22,2,87.3409090909091,9,0.0,Store,Wines,High
10401,1976,2N Cycle,Married,26326.0,0,0,2013-09-04,12,1.0,0.0,5.0,0.0,3.0,9.0,1,0,0,3,3,0,0,0,0,0,1,3,11,0,2013,9,48,38,299,0,2,18.0,4,0,4.5,3,0.25,Store,Gold,Low
1618,1965,Graduation,Married,56046.0,0,0,2013-01-02,9,577.0,0.0,64.0,0.0,0.0,51.0,2,10,1,8,8,1,0,0,0,0,0,3,11,1,2013,1,59,49,544,0,2,692.0,21,2,32.95238095238095,18,0.09523809523809523,Web,Wines,High
3332,1985,Graduation,Single,29760.0,1,0,2012-08-29,87,64.0,4.0,68.0,7.0,5.0,17.0,4,3,1,4,8,0,0,0,0,0,0,3,11,0,2012,8,39,29,670,1,2,165.0,12,0,13.75,11,0.3333333333333333,Store,Meat,Medium
2261,1969,Graduation,Married,26304.0,1,0,2013-06-23,5,4.0,1.0,5.0,2.0,0.0,4.0,1,1,0,2,7,0,0,0,0,0,0,3,11,0,2013,6,55,45,372,1,3,16.0,4,0,4.0,8,0.25,Store,Meat,Low
5346,1973,2N Cycle,Married,23559.0,1,0,2013-07-03,87,25.0,5.0,19.0,7.0,0.0,23.0,3,3,0,3,7,0,0,0,0,0,0,3,11,0,2013,7,51,41,362,1,3,79.0,9,0,8.777777777777779,10,0.3333333333333333,Web,Wines,Low
4119,1963,Master,Married,38620.0,0,0,2013-05-11,56,112.0,17.0,44.0,34.0,22.0,89.0,1,2,5,3,3,0,0,0,0,0,0,3,11,0,2013,5,61,51,415,0,2,318.0,11,0,28.90909090909091,5,0.09090909090909091,Catalog,Wines,Medium
535,1987,Graduation,Divorced,81361.0,0,0,2014-02-25,18,163.0,23.0,424.0,27.0,65.0,76.0,1,3,10,13,1,0,0,0,0,0,0,3,11,0,2014,2,37,27,125,0,1,778.0,27,0,28.814814814814813,4,0.037037037037037035,Store,Meat,High
5268,1960,Graduation,Married,29440.0,1,1,2013-08-11,95,17.0,8.0,14.0,10.0,4.0,3.0,2,1,0,4,7,0,0,0,0,0,0,3,11,0,2013,8,64,54,323,2,4,56.0,7,0,8.0,8,0.2857142857142857,Store,Wines,Low
273,1970,Master,Married,36138.0,1,1,2013-07-16,48,130.0,0.0,16.0,0.0,0.0,5.0,5,3,1,4,7,0,1,0,0,0,0,3,11,0,2013,7,54,44,349,2,4,151.0,13,1,11.615384615384615,10,0.38461538461538464,Store,Wines,Medium
4452,1957,Graduation,Single,50388.0,0,1,2014-05-28,3,292.0,6.0,37.0,0.0,3.0,34.0,4,6,1,6,7,0,1,0,1,0,0,3,11,1,2014,5,67,57,33,1,2,372.0,17,3,21.88235294117647,13,0.23529411764705882,Web,Wines,Medium
8504,1973,Graduation,Married,79593.0,0,0,2014-05-12,70,350.0,60.0,556.0,110.0,81.0,126.5,1,5,6,7,2,0,0,1,0,0,0,3,11,0,2014,5,51,41,49,0,2,1283.5,19,1,67.55263157894737,7,0.05263157894736842,Store,Meat,Medium
771,1967,Graduation,Married,54178.0,0,1,2014-01-21,79,135.0,9.0,39.0,4.0,0.0,7.0,1,2,2,5,2,0,0,0,0,0,0,3,11,0,2014,1,57,47,160,1,3,194.0,10,0,19.4,4,0.1,Store,Wines,Medium
8996,1957,Phd,Married,51381.5,2,1,2012-11-19,4,230.0,42.0,192.0,49.0,37.0,53.0,12,7,2,8,9,0,0,0,0,0,0,3,11,0,2012,11,67,57,588,3,5,603.0,29,0,20.79310344827586,16,0.41379310344827586,Store,Wines,High
9235,1957,Graduation,Single,51381.5,1,1,2014-05-27,45,7.0,0.0,8.0,2.0,0.0,1.0,1,1,0,2,7,0,0,0,0,0,0,3,11,0,2014,5,67,57,34,2,3,18.0,4,0,4.5,8,0.25,Store,Meat,Low
5798,1973,Master,Married,51381.5,0,0,2013-11-23,87,445.0,37.0,359.0,98.0,28.0,18.0,1,2,4,8,1,0,0,0,0,0,0,3,11,0,2013,11,51,41,219,0,2,985.0,15,0,65.66666666666667,3,0.06666666666666667,Store,Wines,Medium
11178,1972,Master,Single,42394.0,1,0,2014-03-23,69,15.0,2.0,10.0,0.0,1.0,4.0,1,1,0,3,7,0,0,0,0,0,0,3,11,0,2014,3,52,42,99,1,2,32.0,5,0,6.4,8,0.2,Store,Wines,Low
2230,1970,Phd,Married,23626.0,1,0,2014-05-24,84,27.0,2.0,14.0,0.0,0.0,0.0,3,3,1,3,5,0,0,0,0,0,0,3,11,0,2014,5,54,44,37,1,3,43.0,10,0,4.3,8,0.3,Web,Wines,Medium
7516,1983,Graduation,Married,30096.0,1,0,2014-05-22,30,5.0,3.0,11.0,12.0,5.0,9.0,1,2,0,3,6,0,0,0,0,0,0,3,11,0,2014,5,41,31,39,1,3,45.0,6,0,7.5,8,0.16666666666666666,Store,Fish,Low
7247,1960,Graduation,Widow,47916.0,0,1,2012-11-22,72,505.0,0.0,26.0,0.0,0.0,75.0,5,7,4,6,6,0,1,0,0,0,0,3,11,0,2012,11,64,54,585,1,2,606.0,22,1,27.545454545454547,13,0.22727272727272727,Web,Wines,High
11100,1972,Graduation,Divorced,51813.0,1,1,2013-04-11,37,51.0,2.0,7.0,0.0,1.0,2.0,2,2,0,3,7,0,0,0,0,0,0,3,11,0,2013,4,52,42,445,2,3,63.0,7,0,9.0,9,0.2857142857142857,Store,Wines,Low
4646,1951,2N Cycle,Married,78497.0,0,0,2013-12-01,44,207.0,26.0,447.0,75.0,0.0,126.5,1,5,7,12,2,0,0,0,1,0,0,3,11,0,2013,12,73,63,211,0,2,881.5,25,1,35.26,7,0.04,Store,Meat,High
3037,1983,Phd,Married,50150.0,0,0,2013-06-20,32,135.0,46.0,92.0,65.0,61.0,11.0,2,5,2,7,5,0,0,0,0,0,0,3,11,0,2013,6,41,31,375,0,2,410.0,16,0,25.625,10,0.125,Store,Wines,Medium
1473,1960,2N Cycle,Single,47823.0,0,1,2013-07-23,0,53.0,1.0,5.0,2.0,1.0,10.0,2,2,0,3,8,0,0,0,0,0,0,3,11,0,2013,7,64,54,342,1,2,72.0,7,0,10.285714285714286,10,0.2857142857142857,Store,Wines,Low
1016,1959,Phd,Single,34554.0,0,1,2014-03-30,43,41.0,1.0,6.0,2.0,0.0,5.0,2,2,0,3,6,0,0,0,0,0,0,3,11,0,2014,3,65,55,92,1,2,55.0,7,0,7.857142857142857,8,0.2857142857142857,Store,Wines,Low
4518,1979,Graduation,Married,85693.0,0,1,2013-04-20,59,386.0,81.0,183.0,120.5,81.0,111.0,2,9,5,11,5,0,0,0,0,0,0,3,11,0,2013,4,45,35,436,1,3,962.5,27,0,35.648148148148145,14,0.07407407407407407,Store,Wines,High
9370,1945,Phd,Married,65846.0,0,0,2013-05-17,68,562.0,81.0,276.0,80.0,40.0,81.0,1,6,3,6,4,0,0,0,0,0,0,3,11,0,2013,5,79,69,409,0,2,1120.0,16,0,70.0,10,0.0625,Web,Wines,Medium
8908,1959,Graduation,Married,87195.0,0,0,2014-05-08,35,217.0,76.0,556.0,50.0,26.0,38.0,1,3,11,5,1,0,0,0,0,0,0,3,11,1,2014,5,65,55,53,0,2,963.0,20,1,48.15,4,0.05,Catalog,Meat,High
8373,1979,Undergraduate,Married,24594.0,1,0,2013-12-10,94,1.0,3.0,6.0,10.0,0.0,9.0,1,1,0,3,5,0,0,0,0,0,0,3,11,0,2013,12,45,35,202,1,3,29.0,5,0,5.8,6,0.2,Store,Fish,Low
7533,1964,Graduation,Married,49096.0,1,1,2013-09-24,15,144.0,1.0,32.0,2.0,1.0,7.0,4,4,1,4,7,0,0,0,0,0,0,3,11,0,2013,9,60,50,279,2,4,187.0,13,0,14.384615384615385,11,0.3076923076923077,Web,Wines,Medium
2683,1969,Graduation,Married,52413.0,0,2,2013-02-02,56,295.0,81.0,271.0,75.0,81.0,65.0,4,6,4,12,6,0,0,0,0,0,0,3,11,0,2013,2,55,45,513,2,4,868.0,26,0,33.38461538461539,12,0.15384615384615385,Store,Wines,High
3629,1978,Graduation,Single,38557.0,1,0,2012-12-19,17,76.0,3.0,31.0,4.0,4.0,27.0,2,3,1,3,7,0,0,0,0,0,0,3,11,0,2012,12,46,36,558,1,2,145.0,9,0,16.11111111111111,10,0.2222222222222222,Web,Wines,Low
10991,1960,Master,Married,89058.0,0,0,2012-12-07,18,454.0,81.0,106.0,31.0,22.0,43.0,1,5,4,4,2,0,0,0,0,0,0,3,11,0,2012,12,64,54,570,0,2,737.0,14,0,52.642857142857146,7,0.07142857142857142,Web,Wines,Medium
5077,1979,Graduation,Married,77298.0,0,1,2013-11-02,46,425.0,81.0,292.0,23.0,35.0,79.0,1,6,6,11,3,0,0,0,0,0,0,3,11,0,2013,11,45,35,240,1,3,935.0,24,0,38.958333333333336,9,0.041666666666666664,Store,Wines,High
7431,1991,Phd,Single,68126.0,0,0,2012-11-10,40,1224.0,17.0,311.0,23.0,51.0,86.0,1,7,4,5,9,0,1,0,0,0,0,3,11,1,2012,11,33,23,597,0,1,1712.0,17,2,100.70588235294117,16,0.058823529411764705,Web,Wines,Medium
3267,1963,Master,Married,57288.0,0,1,2014-06-25,27,527.0,0.0,21.0,0.0,0.0,60.0,3,8,1,8,6,0,1,0,0,0,0,3,11,0,2014,6,61,51,5,1,3,608.0,20,1,30.4,14,0.15,Web,Wines,High
999,1991,Graduation,Single,86037.0,0,0,2013-01-02,95,490.0,44.0,125.0,29.0,20.0,22.0,1,6,7,11,3,0,1,1,0,0,0,3,11,1,2013,1,33,23,544,0,1,730.0,25,3,29.2,9,0.04,Store,Wines,High
9215,1980,Phd,Married,43974.0,1,0,2012-12-12,19,378.0,0.0,101.0,0.0,0.0,72.0,5,6,4,6,7,0,0,0,0,0,0,3,11,0,2012,12,44,34,565,1,3,551.0,21,0,26.238095238095237,13,0.23809523809523808,Web,Wines,High
2286,1962,Graduation,Single,50785.0,1,1,2013-09-10,27,64.0,1.0,21.0,0.0,1.0,27.0,2,2,1,3,6,0,0,0,0,0,0,3,11,0,2013,9,62,52,293,2,3,114.0,8,0,14.25,8,0.25,Store,Wines,Low
1592,1970,Graduation,Married,90765.0,0,0,2014-01-24,25,547.0,81.0,556.0,120.5,81.0,33.0,0,4,6,5,1,0,0,1,1,0,0,3,11,0,2014,1,54,44,157,0,2,1418.5,15,2,94.56666666666666,5,0.0,Catalog,Meat,Medium
367,1978,2N Cycle,Married,36550.0,1,0,2013-02-19,74,47.0,81.0,94.0,120.5,81.0,120.0,5,9,1,5,9,0,0,0,0,0,0,3,11,0,2013,2,46,36,496,1,3,543.5,20,0,27.175,18,0.25,Web,Fish,High
5234,1967,2N Cycle,Married,30753.0,1,1,2013-07-11,85,12.0,5.0,25.0,0.0,9.0,30.0,2,1,1,3,5,0,0,0,0,0,0,3,11,0,2013,7,57,47,354,2,4,81.0,7,0,11.571428571428571,6,0.2857142857142857,Store,Gold,Low
9862,1969,Graduation,Married,21918.0,1,0,2013-11-14,37,1.0,6.0,7.0,11.0,5.0,3.0,2,2,0,3,6,0,0,0,0,0,0,3,11,0,2013,11,55,45,228,1,3,33.0,7,0,4.714285714285714,8,0.2857142857142857,Store,Fish,Low
9805,1953,Master,Married,56129.0,0,1,2013-06-20,65,320.0,48.0,133.0,39.0,72.0,48.0,4,6,2,10,4,0,0,0,0,0,0,3,11,0,2013,6,71,61,375,1,3,660.0,22,0,30.0,10,0.18181818181818182,Store,Wines,High
6205,1967,Master,Single,32557.0,1,0,2014-02-24,13,34.0,3.0,29.0,0.0,4.0,10.0,3,2,1,3,5,0,0,0,0,0,0,3,11,1,2014,2,57,47,126,1,2,80.0,9,1,8.88888888888889,7,0.3333333333333333,Store,Wines,Low
8442,1985,Master,Married,19510.0,2,0,2013-09-04,63,9.0,0.0,7.0,3.0,4.0,7.0,2,1,0,3,7,0,0,0,0,0,0,3,11,0,2013,9,39,29,299,2,4,30.0,6,0,5.0,8,0.3333333333333333,Store,Wines,Low
7386,1976,Graduation,Divorced,30992.0,1,0,2013-04-22,83,17.0,0.0,14.0,7.0,3.0,2.0,1,1,0,3,7,0,0,0,0,0,0,3,11,0,2013,4,48,38,434,1,2,43.0,5,0,8.6,8,0.2,Store,Wines,Low
7215,1983,Graduation,Single,101970.0,0,0,2013-03-12,69,722.0,27.0,102.0,44.0,72.0,126.5,0,6,8,13,2,0,1,1,1,0,0,3,11,1,2013,3,41,31,475,0,1,1093.5,27,4,40.5,8,0.0,Store,Wines,High
1491,1965,2N Cycle,Married,71488.0,0,0,2013-02-18,87,162.0,33.0,124.0,40.0,28.0,126.5,2,3,4,7,1,0,0,0,0,0,0,3,11,0,2013,2,59,49,497,0,2,513.5,16,0,32.09375,4,0.125,Store,Wines,Medium
11071,1984,Graduation,Single,79607.0,0,0,2013-04-21,37,450.0,81.0,556.0,120.5,0.0,126.5,1,3,6,6,1,0,0,0,0,0,0,3,11,1,2013,4,40,30,435,0,1,1334.0,16,1,83.375,4,0.0625,Catalog,Meat,Medium
3381,1953,Master,Married,54348.0,1,1,2014-06-08,51,70.0,0.0,16.0,0.0,0.0,4.0,2,2,0,4,6,0,0,0,0,0,0,3,11,0,2014,6,71,61,22,2,4,90.0,8,0,11.25,8,0.25,Store,Wines,Low
8268,1961,Phd,Married,51381.5,0,1,2013-07-11,23,352.0,0.0,27.0,10.0,0.0,15.0,3,6,1,7,6,0,0,0,0,0,0,3,11,0,2013,7,63,53,354,1,3,404.0,17,0,23.764705882352942,12,0.17647058823529413,Store,Wines,Medium
11051,1956,Phd,Married,77376.0,1,1,2014-05-10,72,492.0,19.0,110.0,16.0,12.0,12.0,4,6,3,10,4,0,0,0,0,0,0,3,11,0,2014,5,68,58,51,2,4,661.0,23,0,28.73913043478261,10,0.17391304347826086,Store,Wines,High
8026,1952,Graduation,Married,62998.0,0,1,2013-09-30,10,120.0,58.0,73.0,65.0,81.0,58.0,5,5,4,5,5,0,0,0,0,0,0,3,11,0,2013,9,72,62,273,1,3,455.0,19,0,23.94736842105263,10,0.2631578947368421,Web,Wines,Medium
433,1958,Master,Single,61331.0,1,1,2013-03-10,42,534.0,5.0,47.0,0.0,5.0,41.0,5,11,1,6,8,0,0,0,0,0,0,3,11,0,2013,3,66,56,477,2,3,632.0,23,0,27.47826086956522,19,0.21739130434782608,Web,Wines,High
9597,1969,Graduation,Married,73448.0,0,0,2014-02-10,10,236.0,81.0,189.0,23.0,41.0,126.5,1,7,2,9,4,0,0,0,0,0,0,3,11,0,2014,2,55,45,140,0,2,696.5,19,0,36.6578947368421,11,0.05263157894736842,Store,Wines,Medium
1295,1963,Graduation,Married,51381.5,0,1,2013-08-11,96,231.0,65.0,196.0,38.0,71.0,124.0,1,6,5,7,4,0,0,0,0,0,0,3,11,0,2013,8,61,51,323,1,3,725.0,19,0,38.1578947368421,10,0.05263157894736842,Store,Wines,Medium
5290,1964,Phd,Married,41551.0,1,1,2013-08-14,51,220.0,0.0,33.0,3.0,0.0,23.0,5,5,1,5,8,0,0,0,0,0,0,3,11,0,2013,8,60,50,320,2,4,279.0,16,0,17.4375,13,0.3125,Web,Wines,Medium
1685,1967,Phd,Married,62981.0,0,0,2013-03-17,21,796.0,14.0,556.0,38.0,44.0,0.0,1,4,5,13,3,0,1,0,0,0,0,3,11,0,2013,3,57,47,470,0,2,1448.0,23,1,62.95652173913044,7,0.043478260869565216,Store,Wines,High
5342,1976,Undergraduate,Divorced,9548.0,1,0,2012-08-08,31,0.0,1.0,3.0,10.0,6.0,9.0,2,1,0,3,8,0,0,0,0,0,0,3,11,0,2012,8,48,38,691,1,2,29.0,6,0,4.833333333333333,9,0.3333333333333333,Store,Fish,Low
9579,1959,Phd,Married,33762.0,2,1,2013-07-07,61,53.0,1.0,34.0,2.0,0.0,16.0,3,2,2,2,8,0,0,0,0,0,0,3,11,0,2013,7,65,55,358,3,5,106.0,9,0,11.777777777777779,10,0.3333333333333333,Web,Wines,Low
7660,1973,Phd,Single,35860.0,1,1,2014-05-19,37,15.0,0.0,8.0,4.0,2.0,20.0,2,1,1,2,5,1,0,0,0,0,0,3,11,1,2014,5,51,41,42,2,3,49.0,6,2,8.166666666666666,6,0.3333333333333333,Store,Gold,Low
1461,1965,Phd,Divorced,36921.0,1,1,2013-07-28,74,17.0,1.0,12.0,3.0,1.0,4.0,2,2,0,3,7,0,0,0,0,0,0,3,11,0,2013,7,59,49,337,2,3,38.0,7,0,5.428571428571429,9,0.2857142857142857,Store,Wines,Low
821,1992,Master,Single,92859.0,0,0,2012-10-19,46,962.0,61.0,556.0,52.0,61.0,20.0,1,5,4,12,2,0,0,0,0,0,0,3,11,0,2012,10,32,22,619,0,1,1712.0,22,0,77.81818181818181,7,0.045454545454545456,Store,Wines,High
11084,1976,Master,Married,65104.0,0,1,2013-11-14,4,738.0,0.0,232.0,13.0,20.0,50.0,2,3,5,7,7,0,0,0,0,0,0,3,11,1,2013,11,48,38,228,1,3,1053.0,17,1,61.94117647058823,10,0.11764705882352941,Store,Wines,Medium
8690,1962,Graduation,Married,86111.0,0,0,2013-04-19,73,399.0,28.0,556.0,36.0,40.0,126.0,1,5,7,10,2,0,0,0,0,0,0,3,11,0,2013,4,62,52,437,0,2,1185.0,23,0,51.52173913043478,7,0.043478260869565216,Store,Meat,High
2937,1974,Phd,Single,68352.0,0,1,2013-08-28,47,614.0,16.0,132.0,43.0,33.0,33.0,3,8,5,9,6,0,0,0,0,0,0,3,11,0,2013,8,50,40,306,1,2,871.0,25,0,34.84,14,0.12,Store,Wines,High
9701,1988,Graduation,Married,41883.0,1,0,2013-03-19,13,32.0,34.0,41.0,73.0,16.0,116.0,3,4,2,3,7,0,0,0,0,0,0,3,11,0,2013,3,36,26,468,1,3,312.0,12,0,26.0,11,0.25,Web,Gold,Medium
9949,1976,Graduation,Married,59809.0,0,2,2012-10-18,36,598.0,16.0,141.0,32.0,41.0,49.0,3,3,3,6,8,0,0,0,0,0,0,3,11,0,2012,10,48,38,620,2,4,877.0,15,0,58.46666666666667,11,0.2,Store,Wines,Medium
10837,1975,Graduation,Married,23957.0,1,0,2012-10-28,47,2.0,1.0,18.0,20.0,11.0,16.0,1,2,0,3,6,0,0,0,0,0,0,3,11,1,2012,10,49,39,610,1,3,68.0,6,1,11.333333333333334,8,0.16666666666666666,Store,Fish,Low
3120,1981,Graduation,Married,38547.0,1,0,2013-08-28,49,6.0,1.0,10.0,0.0,1.0,4.0,1,1,0,2,8,0,0,0,0,0,1,3,11,0,2013,8,43,33,306,1,3,22.0,4,0,5.5,9,0.25,Store,Meat,Low
5885,1973,2N Cycle,Married,35688.0,2,1,2012-08-22,94,73.0,3.0,90.0,12.0,1.0,32.0,7,4,1,4,8,0,0,0,0,0,0,3,11,0,2012,8,51,41,677,3,5,211.0,16,0,13.1875,12,0.4375,Web,Meat,Medium
4050,1966,Master,Married,49605.0,0,0,2014-06-21,65,42.0,16.0,29.0,12.0,20.0,8.0,1,2,1,4,3,0,0,0,0,0,0,3,11,0,2014,6,58,48,9,0,2,127.0,8,0,15.875,5,0.125,Store,Wines,Low
3830,1953,Master,Married,59354.0,0,2,2014-04-24,59,295.0,21.0,78.0,39.0,13.0,13.0,1,4,4,7,3,0,0,0,0,0,0,3,11,0,2014,4,71,61,67,2,4,459.0,16,0,28.6875,7,0.0625,Store,Wines,Medium
7987,1969,Graduation,Married,65747.0,0,1,2014-03-07,96,346.0,17.0,48.0,23.0,13.0,13.0,4,8,1,6,6,0,1,0,0,0,0,3,11,0,2014,3,55,45,115,1,3,460.0,19,1,24.210526315789473,14,0.21052631578947367,Web,Wines,Medium
7798,1972,2N Cycle,Married,46344.0,0,1,2012-12-14,28,233.0,20.0,57.0,8.0,20.0,91.0,4,7,1,5,7,0,0,0,0,0,0,3,11,0,2012,12,52,42,563,1,3,429.0,17,0,25.235294117647058,14,0.23529411764705882,Web,Wines,Medium
92,1988,Graduation,Single,34176.0,1,0,2014-05-12,12,5.0,7.0,24.0,19.0,14.0,20.0,4,3,0,4,6,0,0,0,0,0,0,3,11,0,2014,5,36,26,49,1,2,89.0,11,0,8.090909090909092,9,0.36363636363636365,Store,Meat,Medium
7055,1952,Phd,Married,61010.0,0,1,2012-10-09,57,888.0,0.0,57.0,0.0,0.0,76.0,2,8,5,11,5,0,0,0,0,0,0,3,11,0,2012,10,72,62,629,1,3,1021.0,26,0,39.26923076923077,13,0.07692307692307693,Store,Wines,High
10240,1949,Graduation,Married,69372.0,0,0,2013-02-19,10,997.0,26.0,269.0,34.0,13.0,42.0,1,10,4,6,4,0,1,1,0,0,0,3,11,1,2013,2,75,65,496,0,2,1381.0,21,3,65.76190476190476,14,0.047619047619047616,Web,Wines,High
3025,1958,Graduation,Single,49967.0,0,1,2013-07-08,4,212.0,6.0,69.0,4.0,12.0,3.0,3,6,1,5,7,0,0,0,0,0,0,3,11,0,2013,7,66,56,357,1,2,306.0,15,0,20.4,13,0.2,Web,Wines,Medium
9283,1978,Graduation,Single,60199.0,1,2,2013-09-12,49,8.0,1.0,7.0,2.0,0.0,0.0,1,0,0,3,4,0,0,0,0,0,0,3,11,0,2013,9,46,36,291,3,4,18.0,4,0,4.5,4,0.25,Store,Wines,Low
9970,1977,Graduation,Married,55375.0,0,1,2013-10-17,3,42.0,11.0,57.0,10.0,28.0,14.0,1,1,1,6,2,0,0,0,0,0,0,3,11,0,2013,10,47,37,256,1,3,162.0,9,0,18.0,3,0.1111111111111111,Store,Meat,Low
2730,1955,Graduation,Single,80317.0,0,0,2013-08-20,64,536.0,11.0,387.0,120.5,81.0,57.0,1,3,4,10,1,0,0,0,0,0,0,3,11,0,2013,8,69,59,314,0,1,1192.5,18,0,66.25,4,0.05555555555555555,Store,Wines,Medium
2795,1958,Master,Single,30523.0,2,1,2013-07-01,0,5.0,0.0,3.0,0.0,0.0,5.0,1,1,0,2,7,0,0,0,0,0,0,3,11,0,2013,7,66,56,364,3,4,13.0,4,0,3.25,8,0.25,Store,Wines,Low
9260,1945,Phd,Married,70356.0,0,0,2012-11-05,20,1224.0,16.0,249.0,43.0,16.0,33.0,2,10,6,9,6,0,0,0,0,0,0,3,11,0,2012,11,79,69,602,0,2,1581.0,27,0,58.55555555555556,16,0.07407407407407407,Web,Wines,High
8182,1984,Graduation,Married,23228.0,1,0,2014-01-05,91,53.0,3.0,49.0,7.0,4.0,5.0,4,3,0,4,8,0,0,0,0,0,0,3,11,0,2014,1,40,30,176,1,3,121.0,11,0,11.0,11,0.36363636363636365,Store,Wines,Medium
10095,1975,Phd,Divorced,74165.0,0,0,2013-05-01,9,1001.0,12.0,240.0,16.0,12.0,12.0,1,5,4,10,2,0,0,0,0,0,0,3,11,0,2013,5,49,39,425,0,1,1293.0,20,0,64.65,7,0.05,Store,Wines,High
8475,1973,Phd,Married,117418.0,0,1,2014-03-01,98,20.0,2.0,556.0,1.0,2.0,1.0,15,0,22,0,0,0,0,0,0,0,0,3,11,0,2014,3,51,41,121,1,3,582.0,37,0,15.72972972972973,0,0.40540540540540543,Catalog,Meat,High
4370,1966,Graduation,Married,43482.0,2,1,2013-11-13,83,18.0,1.0,32.0,6.0,3.0,28.0,3,2,0,4,6,0,0,0,0,0,0,3,11,0,2013,11,58,48,229,3,5,88.0,9,0,9.777777777777779,8,0.3333333333333333,Store,Meat,Low
10573,1953,Graduation,Divorced,62551.0,0,0,2013-11-18,27,125.0,16.0,98.0,120.5,21.0,27.0,1,6,7,4,3,1,0,0,0,0,0,3,11,0,2013,11,71,61,224,0,1,407.5,18,1,22.63888888888889,9,0.05555555555555555,Catalog,Wines,Medium
3712,1959,Graduation,Divorced,52332.0,0,0,2013-08-28,63,212.0,5.0,33.0,7.0,0.0,2.0,1,3,2,6,4,0,1,0,0,0,0,3,11,0,2013,8,65,55,306,0,1,259.0,12,1,21.583333333333332,7,0.08333333333333333,Store,Wines,Medium
6637,1988,Graduation,Single,66951.0,0,0,2013-11-02,46,277.0,81.0,305.0,120.5,76.0,124.0,1,3,4,7,1,0,0,0,0,0,0,3,11,0,2013,11,36,26,240,0,1,983.5,15,0,65.56666666666666,4,0.06666666666666667,Store,Meat,Medium
3152,1957,Graduation,Married,26091.0,1,1,2014-02-25,84,15.0,10.0,19.0,8.0,17.0,20.0,3,2,1,3,5,0,0,0,0,0,0,3,11,0,2014,2,67,57,125,2,4,89.0,9,0,9.88888888888889,7,0.3333333333333333,Store,Gold,Low
5610,1965,Graduation,Married,33456.0,1,1,2014-04-21,58,7.0,3.0,10.0,8.0,1.0,7.0,2,1,0,3,7,0,0,0,0,0,0,3,11,0,2014,4,59,49,70,2,4,36.0,6,0,6.0,8,0.3333333333333333,Store,Meat,Low
6460,1982,Graduation,Married,28718.0,1,0,2013-07-13,78,12.0,4.0,6.0,11.0,8.0,16.0,2,2,0,3,8,0,0,0,0,0,0,3,11,0,2013,7,42,32,352,1,3,57.0,7,0,8.142857142857142,10,0.2857142857142857,Store,Gold,Low
1349,1970,Graduation,Married,50447.0,2,0,2014-04-21,4,85.0,7.0,24.0,2.0,3.0,27.0,1,3,1,3,6,0,0,0,0,0,0,3,11,0,2014,4,54,44,70,2,4,148.0,8,0,18.5,9,0.125,Web,Wines,Low
1880,1959,Phd,Married,53537.0,1,1,2014-01-30,17,81.0,0.0,6.0,0.0,0.0,6.0,2,2,1,3,5,0,0,0,0,0,0,3,11,0,2014,1,65,55,151,2,4,93.0,8,0,11.625,7,0.25,Store,Wines,Low
641,1967,Graduation,Single,52074.0,0,1,2014-04-04,77,59.0,0.0,12.0,0.0,0.0,48.0,1,2,2,2,4,1,0,0,0,0,0,3,11,0,2014,4,57,47,87,1,2,119.0,7,1,17.0,6,0.14285714285714285,Web,Wines,Low
8717,1975,Phd,Married,80427.0,0,1,2012-09-12,56,1149.0,71.0,449.0,69.0,71.0,26.0,1,11,8,8,5,0,0,0,0,0,0,3,11,0,2012,9,49,39,656,1,3,1835.0,28,0,65.53571428571429,16,0.03571428571428571,Web,Wines,High
10314,1948,Phd,Married,83837.0,0,0,2012-12-16,79,847.0,66.0,119.0,86.0,81.0,111.0,1,9,10,5,4,0,1,0,1,0,0,3,11,1,2012,12,76,66,561,0,2,1310.0,25,3,52.4,13,0.04,Catalog,Wines,High
10854,1970,Phd,Married,38853.0,1,1,2014-05-23,90,29.0,0.0,14.0,0.0,0.0,2.0,2,2,0,3,7,0,0,0,0,0,0,3,11,0,2014,5,54,44,38,2,4,45.0,7,0,6.428571428571429,9,0.2857142857142857,Store,Wines,Low
10492,1959,Graduation,Married,38285.0,2,1,2014-06-24,96,2.0,0.0,5.0,2.0,0.0,1.0,1,0,0,3,2,0,0,0,0,0,0,3,11,0,2014,6,65,55,6,3,5,10.0,4,0,2.5,2,0.25,Store,Meat,Low
6935,1951,2N Cycle,Married,78497.0,0,0,2013-12-01,44,207.0,26.0,447.0,75.0,0.0,126.5,1,5,7,12,2,0,0,0,1,0,0,3,11,0,2013,12,73,63,211,0,2,881.5,25,1,35.26,7,0.04,Store,Meat,High
7698,1976,Phd,Married,51650.0,0,1,2014-05-11,81,152.0,3.0,22.0,2.0,5.0,7.0,1,4,1,4,5,0,0,0,0,0,0,3,11,0,2014,5,48,38,50,1,3,191.0,10,0,19.1,9,0.1,Web,Wines,Medium
3559,1988,2N Cycle,Married,16248.0,1,0,2014-05-10,77,12.0,11.0,10.0,3.0,12.0,9.0,3,2,1,3,6,0,0,0,0,0,0,3,11,0,2014,5,36,26,51,1,3,57.0,9,0,6.333333333333333,8,0.3333333333333333,Store,Wines,Low
10562,1946,Master,Married,66835.0,0,0,2013-09-28,21,620.0,26.0,195.0,34.0,17.0,126.5,1,6,4,13,2,0,0,0,0,0,0,3,11,0,2013,9,78,68,275,0,2,1018.5,24,0,42.4375,8,0.041666666666666664,Store,Wines,High
10796,1984,Master,Married,30477.0,1,0,2014-01-22,16,47.0,1.0,6.0,0.0,0.0,12.0,1,1,1,3,6,0,0,0,0,0,0,3,11,0,2014,1,40,30,159,1,3,66.0,6,0,11.0,7,0.16666666666666666,Store,Wines,Low
2563,1961,Undergraduate,Married,28249.0,0,0,2014-06-15,80,1.0,9.0,7.0,2.0,14.0,10.0,1,2,0,3,6,0,0,0,0,0,0,3,11,0,2014,6,63,53,15,0,2,43.0,6,0,7.166666666666667,8,0.16666666666666666,Store,Sweets,Low
3518,1983,Graduation,Married,25271.0,1,0,2012-12-05,45,10.0,1.0,18.0,10.0,4.0,7.0,1,1,1,2,9,0,0,0,0,0,0,3,11,0,2012,12,41,31,572,1,3,50.0,5,0,10.0,10,0.2,Store,Meat,Low
5823,1970,Phd,Single,32303.0,0,1,2014-03-08,63,35.0,0.0,2.0,0.0,0.0,2.0,2,1,0,4,5,0,0,0,0,0,0,3,11,0,2014,3,54,44,114,1,2,39.0,7,0,5.571428571428571,6,0.2857142857142857,Store,Wines,Low
3934,1966,Graduation,Married,61286.0,0,1,2013-08-02,34,356.0,0.0,107.0,19.0,9.0,117.0,2,7,1,8,5,0,0,0,0,0,0,3,11,0,2013,8,58,48,332,1,3,608.0,18,0,33.77777777777778,12,0.1111111111111111,Store,Wines,Medium
6982,1976,Graduation,Married,74068.0,0,0,2013-03-19,14,783.0,30.0,537.0,120.5,76.0,15.0,1,4,10,9,2,0,0,0,0,0,0,3,11,0,2013,3,48,38,468,0,2,1561.5,24,0,65.0625,6,0.041666666666666664,Catalog,Wines,High
6431,1964,Phd,Married,45759.0,1,1,2013-02-23,13,42.0,1.0,18.0,3.0,0.0,4.0,2,2,0,3,7,0,0,0,0,0,0,3,11,0,2013,2,60,50,492,2,4,68.0,7,0,9.714285714285714,9,0.2857142857142857,Store,Wines,Low
9733,1978,Undergraduate,Married,24882.0,1,0,2012-09-09,52,1.0,4.0,10.0,29.0,0.0,36.0,1,1,1,2,6,1,0,0,0,0,0,3,11,0,2012,9,46,36,659,1,3,80.0,5,1,16.0,7,0.2,Store,Gold,Low
5602,1989,Phd,Married,66973.0,0,0,2013-05-17,98,466.0,22.0,432.0,120.5,81.0,102.0,1,8,7,12,3,0,0,0,0,0,0,3,11,0,2013,5,35,25,409,0,2,1223.5,28,0,43.69642857142857,11,0.03571428571428571,Store,Wines,High
1324,1988,Graduation,Married,38872.0,1,0,2013-05-30,93,23.0,3.0,21.0,3.0,19.0,22.0,2,3,0,3,8,0,0,0,0,0,0,3,11,0,2013,5,36,26,396,1,3,91.0,8,0,11.375,11,0.25,Web,Wines,Low
326,1973,Graduation,Married,51148.0,1,1,2013-02-18,38,235.0,6.0,45.0,8.0,9.0,12.0,4,5,1,6,6,0,0,0,0,0,0,3,11,0,2013,2,51,41,497,2,4,315.0,16,0,19.6875,11,0.25,Store,Wines,Medium
7224,1977,Graduation,Married,31353.0,1,1,2013-12-29,24,10.0,0.0,10.0,3.0,1.0,7.0,2,1,1,2,8,0,0,0,0,0,0,3,11,0,2013,12,47,37,183,2,4,31.0,6,0,5.166666666666667,9,0.3333333333333333,Store,Wines,Low
6999,1980,Master,Married,69661.0,0,0,2014-05-13,80,656.0,16.0,106.0,32.0,16.0,8.0,1,7,3,12,3,0,0,0,0,0,0,3,11,0,2014,5,44,34,48,0,2,834.0,23,0,36.26086956521739,10,0.043478260869565216,Store,Wines,High
9938,1954,Graduation,Married,80067.0,0,0,2013-09-19,82,519.0,17.0,556.0,27.0,81.0,51.0,1,4,6,6,2,0,0,1,0,0,0,3,11,0,2013,9,70,60,284,0,2,1251.0,17,1,73.58823529411765,6,0.058823529411764705,Catalog,Meat,Medium
6422,1954,Graduation,Married,86718.0,0,0,2013-01-17,20,344.0,81.0,482.0,50.0,33.0,126.5,1,5,6,5,2,0,0,0,0,0,0,3,11,0,2013,1,70,60,529,0,2,1116.5,17,0,65.67647058823529,7,0.058823529411764705,Catalog,Meat,Medium
3182,1973,Phd,Single,46854.0,1,1,2014-03-31,81,96.0,1.0,79.0,7.0,1.0,79.0,6,5,1,3,8,1,0,0,0,0,0,3,11,1,2014,3,51,41,91,2,3,263.0,15,2,17.533333333333335,13,0.4,Web,Wines,Medium
7300,1952,Graduation,Divorced,69142.0,0,1,2014-06-29,50,448.0,4.0,34.0,6.0,4.0,39.0,3,8,1,7,5,0,1,0,0,0,0,3,11,0,2014,6,72,62,1,1,2,535.0,19,1,28.157894736842106,13,0.15789473684210525,Web,Wines,Medium
10424,1968,Graduation,Single,75922.0,0,0,2013-12-09,60,265.0,81.0,553.0,120.5,23.0,92.0,1,4,4,9,1,0,0,0,0,0,0,3,11,0,2013,12,56,46,203,0,1,1134.5,18,0,63.02777777777778,5,0.05555555555555555,Store,Meat,Medium
8727,1978,Graduation,Divorced,63693.0,0,1,2013-10-14,63,587.0,43.0,337.0,42.0,81.0,54.0,3,11,6,9,6,0,0,0,0,0,0,3,11,0,2013,10,46,36,259,1,2,1144.0,29,0,39.44827586206897,17,0.10344827586206896,Web,Wines,High
2798,1977,Phd,Married,102160.0,0,0,2012-11-02,54,763.0,29.0,138.0,76.0,81.0,58.0,0,7,9,10,4,0,1,1,1,0,0,3,11,1,2012,11,47,37,605,0,2,1145.0,26,4,44.03846153846154,11,0.0,Store,Wines,High
1030,1965,Phd,Single,40637.0,1,1,2013-07-17,72,22.0,0.0,13.0,0.0,0.0,3.0,2,1,0,3,7,0,0,0,0,0,0,3,11,0,2013,7,59,49,348,2,3,38.0,6,0,6.333333333333333,8,0.3333333333333333,Store,Wines,Low
624,1984,Master,Single,18890.0,0,0,2012-11-10,5,6.0,4.0,1.0,7.0,2.0,15.0,1,0,1,2,6,1,0,0,0,0,0,3,11,1,2012,11,40,30,597,0,1,35.0,4,2,8.75,6,0.25,Store,Gold,Low
5176,1988,Graduation,Married,29604.0,1,0,2013-12-08,88,7.0,6.0,13.0,7.0,6.0,14.0,1,1,0,3,9,1,0,0,0,0,0,3,11,0,2013,12,36,26,204,1,3,53.0,5,1,10.6,10,0.2,Store,Gold,Low
5552,1963,Master,Divorced,48721.0,1,1,2013-05-13,50,81.0,18.0,113.0,47.0,13.0,21.0,6,4,2,5,6,0,0,0,0,0,0,3,11,0,2013,5,61,51,413,2,3,293.0,17,0,17.235294117647058,10,0.35294117647058826,Store,Meat,Medium
868,1966,Graduation,Married,44794.0,0,1,2014-06-08,99,54.0,0.0,7.0,0.0,0.0,4.0,1,2,0,3,6,0,0,0,0,0,0,3,11,0,2014,6,58,48,22,1,3,65.0,6,0,10.833333333333334,8,0.16666666666666666,Store,Wines,Low
380,1954,Graduation,Divorced,64497.0,0,1,2012-09-10,17,1170.0,48.0,320.0,42.0,32.0,126.5,5,11,4,9,8,1,0,0,0,0,0,3,11,1,2012,9,70,60,658,1,2,1738.5,29,2,59.94827586206897,19,0.1724137931034483,Web,Wines,High
2677,1956,Graduation,Married,46097.0,0,1,2013-03-31,11,72.0,24.0,68.0,65.0,4.0,8.0,5,3,1,6,4,0,0,0,0,0,0,3,11,0,2013,3,68,58,456,1,3,241.0,15,0,16.066666666666666,7,0.3333333333333333,Store,Wines,Medium
6521,1954,Graduation,Married,77972.0,0,0,2014-03-18,18,613.0,22.0,319.0,33.0,81.0,12.0,1,4,6,9,1,0,0,0,0,0,0,3,11,0,2014,3,70,60,104,0,2,1080.0,20,0,54.0,5,0.05,Store,Wines,High
6927,1968,Phd,Married,44377.0,1,1,2012-10-05,70,224.0,0.0,30.0,0.0,0.0,10.0,8,5,1,5,8,0,0,0,0,0,0,3,11,0,2012,10,56,46,633,2,4,264.0,19,0,13.894736842105264,13,0.42105263157894735,Web,Wines,Medium
2877,1974,Master,Married,46014.0,1,1,2013-01-21,21,410.0,0.0,59.0,19.0,9.0,44.0,10,7,1,8,7,0,0,0,0,0,0,3,11,0,2013,1,50,40,525,2,4,541.0,26,0,20.807692307692307,14,0.38461538461538464,Store,Wines,High
0,1985,Graduation,Married,70951.0,0,0,2013-05-04,66,239.0,10.0,554.0,120.5,81.0,54.0,1,3,4,9,1,0,0,0,0,0,0,3,11,0,2013,5,39,29,422,0,2,1058.5,17,0,62.26470588235294,4,0.058823529411764705,Store,Meat,Medium
1584,1977,Graduation,Married,41443.0,1,0,2014-04-01,79,171.0,7.0,171.0,25.0,19.0,89.0,6,8,1,5,8,0,0,0,0,0,0,3,11,0,2014,4,47,37,90,1,3,482.0,20,0,24.1,16,0.3,Web,Wines,High
7264,1978,2N Cycle,Single,52195.0,2,1,2014-05-12,2,12.0,0.0,4.0,0.0,0.0,1.0,1,1,0,2,8,0,0,0,0,0,0,3,11,0,2014,5,46,36,49,3,4,17.0,4,0,4.25,9,0.25,Store,Wines,Low
6274,1948,Master,Married,83790.0,0,0,2013-11-15,81,1076.0,16.0,417.0,42.0,48.0,16.0,1,8,10,6,3,0,1,1,0,0,0,3,11,0,2013,11,76,66,227,0,2,1615.0,25,2,64.6,11,0.04,Catalog,Wines,High
1377,1954,Master,Widow,44551.0,0,1,2013-08-31,24,182.0,4.0,33.0,0.0,0.0,66.0,2,4,1,5,7,0,0,0,0,0,0,3,11,0,2013,8,70,60,303,1,2,285.0,12,0,23.75,11,0.16666666666666666,Store,Wines,Medium
454,1980,Graduation,Married,69508.0,1,0,2012-11-14,48,824.0,32.0,162.0,42.0,32.0,43.0,2,11,4,11,6,0,0,0,0,0,0,3,11,0,2012,11,44,34,593,1,3,1135.0,28,0,40.535714285714285,17,0.07142857142857142,Web,Wines,High
1755,1988,2N Cycle,Married,45204.0,1,0,2014-04-11,93,30.0,11.0,25.0,29.0,1.0,18.0,1,1,1,4,3,0,0,0,0,0,0,3,11,0,2014,4,36,26,80,1,3,114.0,7,0,16.285714285714285,4,0.14285714285714285,Store,Wines,Low
2075,1969,Graduation,Married,72460.0,0,0,2013-11-14,56,377.0,10.0,540.0,80.0,30.0,10.0,1,3,5,7,1,0,0,0,0,0,0,3,11,0,2013,11,55,45,228,0,2,1047.0,16,0,65.4375,4,0.0625,Store,Meat,Medium
4785,1970,Phd,Married,77622.0,0,2,2014-04-14,3,520.0,7.0,154.0,19.0,0.0,14.0,2,6,3,11,3,0,0,0,0,0,0,3,11,0,2014,4,54,44,77,2,4,714.0,22,0,32.45454545454545,9,0.09090909090909091,Store,Wines,High
9076,1980,Phd,Married,30732.0,1,0,2013-01-05,44,155.0,1.0,25.0,0.0,1.0,3.0,4,4,1,4,8,0,0,0,0,0,0,3,11,0,2013,1,44,34,541,1,3,185.0,13,0,14.23076923076923,12,0.3076923076923077,Web,Wines,Medium
7079,1962,Graduation,Divorced,63887.0,0,1,2012-09-08,38,897.0,23.0,207.0,15.0,11.0,92.0,5,9,6,12,6,0,0,0,0,0,0,3,11,0,2012,9,62,52,660,1,2,1245.0,32,0,38.90625,15,0.15625,Store,Wines,High
4653,1978,Graduation,Married,42011.0,1,0,2013-03-26,46,131.0,0.0,16.0,2.0,1.0,39.0,4,3,1,4,8,0,0,0,0,0,0,3,11,0,2013,3,46,36,461,1,3,189.0,12,0,15.75,11,0.3333333333333333,Store,Wines,Medium
7375,1976,Graduation,Married,51369.0,0,1,2012-10-25,84,297.0,7.0,79.0,0.0,11.0,126.5,2,8,2,4,8,0,0,0,0,0,0,3,11,0,2012,10,48,38,613,1,3,520.5,16,0,32.53125,16,0.125,Web,Wines,Medium
709,1952,Graduation,Divorced,51537.0,0,1,2012-12-09,27,787.0,20.0,204.0,0.0,0.0,92.0,3,2,2,11,8,0,0,0,0,0,0,3,11,0,2012,12,72,62,568,1,2,1103.0,18,0,61.27777777777778,10,0.16666666666666666,Store,Wines,Medium
460,1972,Phd,Married,79930.0,0,0,2012-08-08,72,792.0,81.0,556.0,67.0,51.0,17.0,1,3,5,8,2,0,0,0,0,0,0,3,11,0,2012,8,52,42,691,0,2,1564.0,17,0,92.0,5,0.058823529411764705,Store,Wines,Medium
3726,1986,Phd,Married,34320.0,1,0,2014-02-16,66,4.0,1.0,9.0,3.0,0.0,0.0,1,1,0,2,8,0,0,0,0,0,0,3,11,0,2014,2,38,28,134,1,3,17.0,4,0,4.25,9,0.25,Store,Meat,Low
6798,1966,Graduation,Single,37070.0,1,1,2013-03-20,30,231.0,7.0,137.0,4.0,15.0,39.0,9,5,1,8,7,0,0,0,0,0,0,3,11,1,2013,3,58,48,467,2,3,433.0,23,1,18.82608695652174,12,0.391304347826087,Store,Wines,High
5341,1962,2N Cycle,Divorced,81975.0,0,1,2013-01-05,2,983.0,76.0,184.0,120.5,81.0,27.0,1,6,3,4,7,0,0,1,0,0,0,3,11,0,2013,1,62,52,541,1,2,1471.5,14,1,105.10714285714286,13,0.07142857142857142,Web,Wines,Medium
1606,1971,Graduation,Married,38590.0,1,0,2013-05-15,65,3.0,1.0,8.0,4.0,3.0,3.0,1,1,0,2,8,0,0,0,0,0,0,3,11,0,2013,5,53,43,411,1,3,22.0,4,0,5.5,9,0.25,Store,Meat,Low
9617,1951,Graduation,Single,15033.0,0,0,2014-04-16,37,0.0,4.0,5.0,6.0,0.0,4.0,1,1,0,3,3,0,0,0,0,0,0,3,11,0,2014,4,73,63,75,0,1,19.0,5,0,3.8,4,0.2,Store,Fish,Low
3233,1965,Phd,Married,62745.0,0,1,2013-03-23,89,562.0,21.0,464.0,28.0,10.0,32.0,3,7,8,11,5,0,0,0,0,0,0,3,11,0,2013,3,59,49,464,1,3,1117.0,29,0,38.51724137931034,12,0.10344827586206896,Store,Wines,High
89,1975,2N Cycle,Married,22212.0,1,0,2013-12-09,49,5.0,9.0,20.0,6.0,8.0,21.0,2,2,0,4,6,0,0,0,0,0,0,3,11,0,2013,12,49,39,203,1,3,69.0,8,0,8.625,8,0.25,Store,Gold,Low
2936,1982,Master,Married,23661.0,1,0,2013-12-04,46,18.0,0.0,4.0,0.0,0.0,1.0,1,1,0,3,7,0,0,0,0,0,0,3,11,0,2013,12,42,32,208,1,3,23.0,5,0,4.6,8,0.2,Store,Wines,Low
9449,1958,Phd,Single,79761.0,0,1,2013-10-04,32,415.0,5.0,124.0,15.0,35.0,11.0,1,5,2,11,3,0,0,0,0,0,0,3,11,0,2013,10,66,56,269,1,2,605.0,19,0,31.842105263157894,8,0.05263157894736842,Store,Wines,Medium
7297,1973,Graduation,Single,7500.0,1,0,2013-12-26,54,5.0,3.0,10.0,12.0,7.0,20.0,4,3,1,3,7,0,0,0,0,0,0,3,11,0,2013,12,51,41,186,1,2,57.0,11,0,5.181818181818182,10,0.36363636363636365,Web,Gold,Medium
313,1968,Graduation,Widow,73455.0,0,0,2013-10-28,98,901.0,61.0,556.0,120.5,81.0,20.0,1,6,5,10,3,0,1,0,0,0,0,3,11,0,2013,10,56,46,245,0,1,1739.5,22,1,79.06818181818181,9,0.045454545454545456,Store,Wines,High
9940,1958,Graduation,Married,64961.0,0,1,2012-12-23,97,382.0,81.0,276.0,75.0,81.0,38.0,2,6,4,4,3,0,0,0,0,0,0,3,11,0,2012,12,66,56,554,1,3,933.0,16,0,58.3125,9,0.125,Web,Wines,Medium
10735,1971,Graduation,Single,22804.0,1,0,2013-07-31,75,14.0,1.0,7.0,2.0,1.0,1.0,1,2,0,2,9,0,0,0,0,0,0,3,11,0,2013,7,53,43,334,1,2,26.0,5,0,5.2,11,0.2,Web,Wines,Low
9529,1990,Graduation,Married,73687.0,0,0,2013-11-28,8,559.0,81.0,503.0,120.5,13.0,126.5,1,3,9,9,2,0,0,0,1,0,0,3,11,1,2013,11,34,24,214,0,2,1403.0,22,2,63.77272727272727,5,0.045454545454545456,Catalog,Wines,High
6439,1958,Graduation,Married,61074.0,0,1,2012-08-17,37,789.0,0.0,133.0,0.0,28.0,126.5,7,11,5,8,7,0,0,0,0,0,0,3,11,0,2012,8,66,56,682,1,3,1076.5,31,0,34.725806451612904,18,0.22580645161290322,Web,Wines,High
7411,1964,Phd,Married,31686.0,1,1,2014-06-05,31,11.0,0.0,5.0,0.0,0.0,1.0,2,1,0,3,6,0,0,0,0,0,0,3,11,0,2014,6,60,50,25,2,4,17.0,6,0,2.8333333333333335,7,0.3333333333333333,Store,Wines,Low
2176,1972,Graduation,Married,80134.0,1,0,2013-05-20,40,1218.0,16.0,272.0,104.0,0.0,80.0,2,5,3,6,6,0,1,1,1,0,0,3,11,1,2013,5,52,42,406,1,3,1690.0,16,4,105.625,11,0.125,Store,Wines,Medium
9265,1953,Graduation,Married,75027.0,0,1,2013-01-09,74,925.0,64.0,179.0,120.5,12.0,77.0,2,9,4,6,5,0,0,0,0,0,0,3,11,0,2013,1,71,61,537,1,3,1377.5,21,0,65.5952380952381,14,0.09523809523809523,Web,Wines,High
8867,1988,Phd,Married,67546.0,0,0,2012-08-31,90,864.0,81.0,556.0,120.5,38.0,126.5,1,4,10,5,3,0,0,0,0,0,0,3,11,0,2012,8,36,26,668,0,2,1786.0,20,0,89.3,7,0.05,Catalog,Wines,High
8932,1969,Master,Married,65176.0,0,1,2012-10-29,57,960.0,28.0,183.0,120.5,70.0,70.0,4,9,6,6,6,0,0,0,0,0,0,3,11,0,2012,10,55,45,609,1,3,1431.5,25,0,57.26,15,0.16,Web,Wines,High
10236,1975,Master,Single,31160.0,1,0,2013-09-16,59,16.0,3.0,25.0,6.0,1.0,13.0,2,2,0,3,8,0,0,0,0,0,0,3,11,0,2013,9,49,39,287,1,2,64.0,7,0,9.142857142857142,10,0.2857142857142857,Store,Meat,Low
6340,1985,Graduation,Single,29938.0,1,0,2013-10-27,52,3.0,3.0,7.0,0.0,2.0,11.0,2,1,0,3,6,0,0,0,0,0,0,3,11,0,2013,10,39,29,246,1,2,26.0,6,0,4.333333333333333,7,0.3333333333333333,Store,Gold,Low
10089,1974,Graduation,Divorced,102692.0,0,0,2013-04-05,5,168.0,81.0,444.0,32.0,81.0,126.5,1,6,9,13,2,0,1,1,1,1,0,3,11,1,2013,4,50,40,451,0,1,932.5,29,5,32.1551724137931,8,0.034482758620689655,Store,Meat,High
2227,1958,2N Cycle,Married,26490.0,0,0,2012-09-22,92,45.0,47.0,52.0,21.0,20.0,25.0,2,3,1,5,6,0,0,0,0,0,0,3,11,0,2012,9,66,56,646,0,2,210.0,11,0,19.09090909090909,9,0.18181818181818182,Store,Meat,Medium
10992,1967,Graduation,Married,75702.0,1,1,2012-08-29,77,650.0,28.0,353.0,45.0,42.0,30.0,5,4,6,11,8,0,0,0,0,0,0,3,11,0,2012,8,57,47,670,2,4,1148.0,26,0,44.15384615384615,12,0.19230769230769232,Store,Wines,High
5304,1974,Phd,Single,30899.0,1,0,2012-10-13,35,24.0,0.0,8.0,0.0,0.0,1.0,2,1,0,3,6,0,0,0,0,0,0,3,11,0,2012,10,50,40,625,1,2,33.0,6,0,5.5,7,0.3333333333333333,Store,Wines,Low
309,1961,Phd,Married,63342.0,0,1,2012-10-16,48,918.0,21.0,118.0,13.0,10.0,21.0,3,8,3,5,6,0,1,0,0,0,0,3,11,0,2012,10,63,53,622,1,3,1101.0,19,1,57.94736842105263,14,0.15789473684210525,Web,Wines,Medium
3406,1964,Graduation,Single,45989.0,0,1,2012-10-22,97,138.0,33.0,87.0,28.0,24.0,12.0,4,3,2,7,3,0,0,0,0,0,0,3,11,0,2012,10,60,50,616,1,2,322.0,16,0,20.125,6,0.25,Store,Wines,Medium
2661,1964,Graduation,Single,18701.0,1,1,2013-06-04,95,12.0,4.0,2.0,10.0,6.0,10.0,4,2,0,4,5,0,0,0,0,0,0,3,11,0,2013,6,60,50,391,2,3,44.0,10,0,4.4,7,0.4,Store,Wines,Medium
3153,1957,Phd,Single,40737.0,2,1,2013-12-08,24,11.0,0.0,4.0,0.0,0.0,2.0,1,1,0,2,8,0,0,0,0,0,0,3,11,0,2013,12,67,57,204,3,4,17.0,4,0,4.25,9,0.25,Store,Wines,Low
10264,1979,Graduation,Divorced,15287.0,1,0,2012-10-10,60,1.0,2.0,8.0,4.0,3.0,13.0,2,1,1,2,7,1,0,0,0,0,0,3,11,1,2012,10,45,35,628,1,2,31.0,6,2,5.166666666666667,8,0.3333333333333333,Store,Gold,Low
1184,1968,Phd,Divorced,69674.0,0,2,2013-05-22,46,554.0,41.0,215.0,11.0,0.0,24.0,3,10,2,10,5,0,0,0,0,0,0,3,11,0,2013,5,56,46,404,2,3,845.0,25,0,33.8,15,0.12,Web,Wines,High
4200,1970,Master,Married,44159.0,1,0,2014-06-17,85,167.0,2.0,62.0,24.0,13.0,7.0,4,4,1,6,5,0,0,0,0,0,0,3,11,0,2014,6,54,44,13,1,3,275.0,15,0,18.333333333333332,9,0.26666666666666666,Store,Wines,Medium
9396,1978,Phd,Married,37717.0,1,0,2012-11-23,31,9.0,0.0,6.0,4.0,1.0,5.0,1,1,0,2,9,0,0,0,0,0,0,3,11,0,2012,11,46,36,584,1,3,25.0,4,0,6.25,10,0.25,Store,Wines,Low
2387,1952,Master,Married,43776.0,1,1,2013-02-03,9,177.0,2.0,71.0,3.0,2.0,20.0,6,5,2,4,8,0,0,0,0,0,0,3,11,1,2013,2,72,62,512,2,4,275.0,17,1,16.176470588235293,13,0.35294117647058826,Web,Wines,Medium
6690,1966,Master,Married,38179.0,1,1,2013-03-14,30,38.0,4.0,22.0,4.0,2.0,20.0,4,3,1,3,7,0,0,0,0,0,0,3,11,0,2013,3,58,48,473,2,4,90.0,11,0,8.181818181818182,10,0.36363636363636365,Web,Wines,Medium
1225,1963,Graduation,Married,80124.0,0,0,2014-06-26,47,483.0,81.0,398.0,120.5,81.0,126.5,1,3,7,8,1,1,0,0,0,0,0,3,11,0,2014,6,61,51,4,0,2,1290.0,19,1,67.89473684210526,4,0.05263157894736842,Store,Wines,Medium
9703,1970,Phd,Married,38097.0,1,1,2012-10-15,70,77.0,2.0,35.0,0.0,1.0,69.0,4,3,2,2,7,1,0,0,0,0,0,3,11,1,2012,10,54,44,623,2,4,184.0,11,2,16.727272727272727,10,0.36363636363636365,Web,Wines,Medium
291,1970,Graduation,Married,72940.0,0,0,2013-06-19,13,182.0,74.0,298.0,120.5,81.0,116.0,1,3,3,6,1,0,0,0,0,0,0,3,11,0,2013,6,54,44,376,0,2,871.5,13,0,67.03846153846153,4,0.07692307692307693,Store,Meat,Medium
4557,1970,Graduation,Married,22070.0,1,0,2013-10-04,11,10.0,7.0,19.0,8.0,2.0,21.0,2,2,2,2,6,0,0,0,0,0,0,3,11,0,2013,10,54,44,269,1,3,67.0,8,0,8.375,8,0.25,Web,Gold,Low
2379,1953,Graduation,Single,69267.0,0,0,2012-09-22,31,778.0,44.0,499.0,95.0,73.0,126.5,2,3,4,5,7,0,0,0,0,0,0,3,11,1,2012,9,71,61,646,0,1,1615.5,14,1,115.39285714285714,10,0.14285714285714285,Store,Wines,Medium
5726,1983,Master,Single,31788.0,1,0,2014-03-20,15,16.0,7.0,23.0,0.0,8.0,6.0,3,3,0,4,5,0,0,0,0,0,1,3,11,0,2014,3,41,31,102,1,2,60.0,10,0,6.0,8,0.3,Store,Meat,Medium
3066,1975,Phd,Married,61905.0,0,1,2014-02-04,2,167.0,0.0,43.0,6.0,2.0,13.0,2,4,2,4,5,0,0,0,0,0,0,3,11,0,2014,2,49,39,146,1,3,231.0,12,0,19.25,9,0.16666666666666666,Web,Wines,Medium
6336,1960,Graduation,Married,29315.0,1,1,2014-04-06,55,13.0,2.0,14.0,8.0,7.0,4.0,4,2,0,4,6,0,0,0,0,0,0,3,11,0,2014,4,64,54,85,2,4,48.0,10,0,4.8,8,0.4,Store,Meat,Medium
10967,1963,Graduation,Divorced,33378.0,1,1,2013-02-06,38,33.0,6.0,40.0,3.0,7.0,10.0,3,2,0,4,7,0,0,0,0,0,0,3,11,0,2013,2,61,51,509,2,3,99.0,9,0,11.0,9,0.3333333333333333,Store,Meat,Low
2304,1963,Phd,Married,66313.0,0,1,2013-09-16,86,625.0,7.0,99.0,10.0,22.0,7.0,2,6,3,12,4,0,0,0,0,0,0,3,11,0,2013,9,61,51,287,1,3,770.0,23,0,33.47826086956522,10,0.08695652173913043,Store,Wines,High
3445,1956,Graduation,Single,60714.0,0,0,2013-01-17,56,216.0,81.0,224.0,101.0,81.0,126.5,2,7,4,10,5,0,0,0,0,0,0,3,11,1,2013,1,68,58,529,0,1,829.5,23,1,36.06521739130435,12,0.08695652173913043,Store,Meat,High
7828,1981,Master,Married,77882.0,0,0,2014-04-30,29,68.0,81.0,396.0,120.5,22.0,15.0,1,3,3,5,1,0,0,0,0,0,0,3,11,0,2014,4,43,33,61,0,2,702.5,12,0,58.541666666666664,4,0.08333333333333333,Store,Meat,Medium
3762,1986,Phd,Single,69867.0,0,0,2013-04-02,30,196.0,0.0,512.0,33.0,81.0,54.0,1,3,5,8,1,0,0,0,1,0,0,3,11,1,2013,4,38,28,454,0,1,876.0,17,2,51.529411764705884,4,0.058823529411764705,Store,Meat,Medium
4391,1968,Master,Divorced,63841.0,0,1,2013-04-21,64,635.0,15.0,100.0,20.0,7.0,126.5,1,9,3,9,6,0,0,0,0,0,0,3,11,0,2013,4,56,46,435,1,2,903.5,22,0,41.06818181818182,15,0.045454545454545456,Web,Wines,High
4669,1981,Undergraduate,Married,24480.0,1,0,2013-02-11,46,4.0,19.0,9.0,28.0,25.0,17.0,3,3,0,4,7,0,0,0,0,0,0,3,11,0,2013,2,43,33,504,1,3,102.0,10,0,10.2,10,0.3,Store,Fish,Medium
10144,1976,Graduation,Married,51369.0,0,1,2012-10-25,84,297.0,7.0,79.0,0.0,11.0,126.5,2,8,2,4,8,0,0,0,0,0,0,3,11,0,2012,10,48,38,613,1,3,520.5,16,0,32.53125,16,0.125,Web,Wines,Medium
8652,1946,Graduation,Married,37760.0,0,0,2012-08-31,20,84.0,5.0,38.0,120.5,12.0,28.0,2,4,1,6,7,0,0,0,0,0,0,3,11,0,2012,8,78,68,668,0,2,287.5,13,0,22.115384615384617,11,0.15384615384615385,Store,Fish,Medium
1672,1974,Phd,Married,65640.0,0,1,2014-03-01,74,204.0,7.0,149.0,20.0,15.0,66.0,1,5,1,8,2,0,0,0,0,0,0,3,11,0,2014,3,50,40,121,1,3,461.0,15,0,30.733333333333334,7,0.06666666666666667,Store,Wines,Medium
8962,1975,Master,Married,44319.0,1,1,2014-04-17,18,26.0,0.0,8.0,0.0,0.0,3.0,2,2,0,3,5,0,0,0,0,0,0,3,11,0,2014,4,49,39,74,2,4,37.0,7,0,5.285714285714286,7,0.2857142857142857,Store,Wines,Low
9974,1974,Graduation,Married,30631.0,1,0,2013-07-12,75,15.0,6.0,20.0,4.0,5.0,20.0,1,3,1,2,7,0,0,0,0,0,0,3,11,0,2013,7,50,40,353,1,3,70.0,7,0,10.0,10,0.14285714285714285,Web,Meat,Low
10983,1952,Graduation,Married,75278.0,0,0,2013-01-29,17,304.0,81.0,230.0,120.5,74.0,74.0,1,6,3,13,3,0,0,0,0,0,0,3,11,0,2013,1,72,62,517,0,2,883.5,23,0,38.41304347826087,9,0.043478260869565216,Store,Wines,High
8148,1956,Master,Married,50898.0,1,1,2013-01-08,88,285.0,28.0,242.0,55.0,81.0,126.5,13,6,2,12,5,0,0,0,0,0,0,3,11,0,2013,1,68,58,538,2,4,817.5,33,0,24.772727272727273,11,0.3939393939393939,Store,Wines,High
10102,1966,Graduation,Widow,79946.0,0,0,2014-05-12,19,395.0,81.0,556.0,120.5,81.0,28.0,1,5,11,5,3,0,0,0,0,0,0,3,11,0,2014,5,58,48,49,0,1,1261.5,22,0,57.34090909090909,8,0.045454545454545456,Catalog,Meat,High
4697,1949,Master,Divorced,35416.0,0,0,2013-06-13,62,248.0,3.0,81.0,4.0,3.0,51.0,3,7,1,5,8,0,0,0,0,0,0,3,11,0,2013,6,75,65,382,0,1,390.0,16,0,24.375,15,0.1875,Web,Wines,Medium
9262,1984,2N Cycle,Married,32414.0,0,0,2013-07-04,11,20.0,6.0,5.0,0.0,9.0,12.0,1,1,0,3,7,1,0,0,0,0,0,3,11,0,2013,7,40,30,361,0,2,52.0,5,1,10.4,8,0.2,Store,Wines,Low
7254,1969,Graduation,Married,38361.0,1,0,2013-12-27,74,39.0,0.0,56.0,20.0,8.0,14.0,3,3,1,3,7,0,0,0,0,0,0,3,11,0,2013,12,55,45,185,1,3,137.0,10,0,13.7,10,0.3,Web,Meat,Medium
4543,1980,Graduation,Married,82497.0,0,0,2012-10-31,32,777.0,81.0,556.0,120.5,21.0,126.5,1,2,7,9,4,0,0,1,0,0,0,3,11,0,2012,10,44,34,607,0,2,1682.0,19,1,88.52631578947368,6,0.05263157894736842,Store,Wines,Medium
4927,1971,Graduation,Married,16626.0,2,0,2014-01-15,76,8.0,3.0,22.0,21.0,1.0,13.0,3,3,0,3,9,0,0,0,0,0,0,3,11,0,2014,1,53,43,166,2,4,68.0,9,0,7.555555555555555,12,0.3333333333333333,Web,Meat,Low
10451,1965,Graduation,Married,29672.0,1,1,2013-03-12,6,9.0,1.0,3.0,0.0,4.0,8.0,1,0,0,3,6,0,0,0,0,0,0,3,11,0,2013,3,59,49,475,2,4,25.0,4,0,6.25,6,0.25,Store,Wines,Low
2926,1952,Master,Married,55951.0,0,1,2012-08-23,62,1224.0,0.0,80.0,0.0,13.0,40.0,3,3,6,11,8,0,1,0,0,1,0,3,11,0,2012,8,72,62,676,1,3,1357.0,23,2,59.0,11,0.13043478260869565,Store,Wines,High
2874,1988,2N Cycle,Divorced,35388.0,1,0,2013-03-07,20,6.0,4.0,7.0,4.0,3.0,8.0,1,1,0,3,7,0,0,0,0,0,0,3,11,0,2013,3,36,26,480,1,2,32.0,5,0,6.4,8,0.2,Store,Gold,Low
9738,1986,Master,Married,42386.0,1,0,2013-01-13,43,65.0,4.0,16.0,0.0,4.0,11.0,1,3,0,3,8,0,0,0,0,0,0,3,11,0,2013,1,38,28,533,1,3,100.0,7,0,14.285714285714286,11,0.14285714285714285,Web,Wines,Low
7119,1982,Graduation,Single,68627.0,0,0,2013-01-12,45,395.0,15.0,263.0,60.0,54.0,38.0,1,2,3,6,1,0,0,0,0,0,0,3,11,0,2013,1,42,32,534,0,1,825.0,12,0,68.75,3,0.08333333333333333,Store,Wines,Medium
3924,1965,Phd,Divorced,57912.0,0,1,2014-03-17,34,801.0,0.0,80.0,0.0,0.0,35.0,5,8,3,12,5,0,1,0,0,0,0,3,11,0,2014,3,59,49,105,1,2,916.0,28,1,32.714285714285715,13,0.17857142857142858,Store,Wines,High
5827,1958,Graduation,Divorced,35246.0,1,1,2014-04-16,53,36.0,0.0,12.0,2.0,2.0,10.0,4,3,1,3,5,0,0,0,0,0,0,3,11,0,2014,4,66,56,75,2,3,62.0,11,0,5.636363636363637,8,0.36363636363636365,Web,Wines,Medium
5596,1956,2N Cycle,Married,58821.0,0,1,2013-10-12,44,513.0,14.0,154.0,19.0,0.0,28.0,1,9,2,9,6,0,0,0,0,0,0,3,11,0,2013,10,68,58,261,1,3,728.0,21,0,34.666666666666664,15,0.047619047619047616,Web,Wines,High
10812,1978,Phd,Married,46377.0,1,0,2014-03-01,89,37.0,0.0,46.0,4.0,3.0,0.0,1,2,1,3,4,0,0,0,0,0,0,3,11,0,2014,3,46,36,121,1,3,90.0,7,0,12.857142857142858,6,0.14285714285714285,Store,Meat,Low
1717,1988,Graduation,Single,39747.0,1,0,2014-04-13,43,80.0,15.0,93.0,20.0,13.0,52.0,3,5,1,4,8,0,0,0,0,0,0,3,11,0,2014,4,36,26,78,1,2,273.0,13,0,21.0,13,0.23076923076923078,Web,Meat,Medium
9491,1984,Graduation,Married,23976.0,1,0,2013-12-27,68,14.0,1.0,21.0,2.0,3.0,25.0,3,3,1,3,7,0,0,0,0,0,0,3,11,0,2013,12,40,30,185,1,3,66.0,10,0,6.6,10,0.3,Web,Gold,Medium
9274,1961,Master,Married,80950.0,0,0,2013-03-28,44,525.0,81.0,112.0,120.5,81.0,63.0,1,6,7,9,2,0,0,0,1,0,0,3,11,0,2013,3,63,53,459,0,2,982.5,23,1,42.71739130434783,8,0.043478260869565216,Store,Wines,High
6609,1966,Graduation,Widow,27038.0,0,0,2012-09-18,64,1.0,26.0,25.0,17.0,23.0,15.0,1,3,0,3,9,0,0,0,0,0,0,3,11,1,2012,9,58,48,650,0,1,107.0,7,1,15.285714285714286,12,0.14285714285714285,Web,Fruits,Low
6963,1947,Graduation,Single,77457.0,0,0,2014-03-05,85,675.0,11.0,400.0,15.0,45.0,11.0,1,2,5,10,1,0,0,1,0,0,0,3,11,0,2014,3,77,67,117,0,1,1157.0,18,1,64.27777777777777,3,0.05555555555555555,Store,Wines,Medium
4440,1964,Master,Married,64100.0,0,1,2013-09-10,93,509.0,0.0,27.0,0.0,0.0,10.0,1,8,3,6,7,0,1,0,0,0,0,3,11,0,2013,9,60,50,293,1,3,546.0,18,1,30.333333333333332,15,0.05555555555555555,Web,Wines,Medium
1379,1992,Master,Married,42670.0,0,0,2013-04-27,12,154.0,2.0,46.0,20.0,4.0,15.0,1,4,2,4,4,0,0,0,0,0,0,3,11,0,2013,4,32,22,429,0,2,241.0,11,0,21.90909090909091,8,0.09090909090909091,Web,Wines,Medium
10032,1976,Graduation,Divorced,12571.0,1,0,2014-01-18,86,3.0,5.0,14.0,2.0,12.0,17.0,4,3,1,3,6,0,0,0,0,0,0,3,11,0,2014,1,48,38,163,1,2,53.0,11,0,4.818181818181818,9,0.36363636363636365,Web,Gold,Medium
2826,1967,Graduation,Married,22574.0,2,1,2013-10-28,28,25.0,0.0,8.0,2.0,0.0,2.0,2,2,0,3,7,0,0,0,0,0,0,3,11,0,2013,10,57,47,245,3,5,37.0,7,0,5.285714285714286,9,0.2857142857142857,Store,Wines,Low
2437,1989,Graduation,Married,51381.5,0,0,2013-06-03,69,861.0,81.0,461.0,60.0,30.0,61.0,1,6,5,12,3,0,1,0,1,0,0,3,11,0,2013,6,35,25,392,0,2,1554.0,24,2,64.75,9,0.041666666666666664,Store,Wines,High
6320,1976,Master,Single,70893.0,0,0,2013-02-06,42,768.0,44.0,556.0,77.0,44.0,14.0,1,6,6,10,3,0,0,0,0,0,0,3,11,0,2013,2,48,38,509,0,1,1503.0,23,0,65.34782608695652,9,0.043478260869565216,Store,Wines,High
3050,1966,Graduation,Married,54198.0,1,1,2013-12-17,13,185.0,0.0,28.0,3.0,2.0,17.0,6,3,1,6,4,0,0,0,0,0,0,3,11,0,2013,12,58,48,195,2,4,235.0,16,0,14.6875,7,0.375,Store,Wines,Medium
231,1956,Master,Married,28839.0,1,1,2014-03-11,86,24.0,0.0,7.0,0.0,0.0,1.0,2,2,0,3,5,0,0,0,0,0,0,3,11,0,2014,3,68,58,111,2,4,32.0,7,0,4.571428571428571,7,0.2857142857142857,Store,Wines,Low
2392,1972,Graduation,Married,40321.0,1,1,2013-07-29,59,44.0,4.0,21.0,6.0,0.0,27.0,2,3,0,3,7,0,0,0,0,0,0,3,11,0,2013,7,52,42,336,2,4,102.0,8,0,12.75,10,0.25,Web,Wines,Low
9478,1985,Graduation,Single,66503.0,1,0,2012-08-14,30,91.0,64.0,128.0,65.0,3.0,50.0,2,4,3,6,3,0,0,0,0,0,0,3,11,0,2012,8,39,29,685,1,2,401.0,15,0,26.733333333333334,7,0.13333333333333333,Store,Meat,Medium
113,1951,Graduation,Married,30833.0,1,1,2013-07-16,33,11.0,0.0,7.0,3.0,1.0,6.0,2,1,0,3,5,0,0,0,0,0,0,3,11,0,2013,7,73,63,349,2,4,28.0,6,0,4.666666666666667,6,0.3333333333333333,Store,Wines,Low
2863,1970,Graduation,Single,51381.5,1,2,2013-08-23,67,738.0,20.0,172.0,52.0,50.0,20.0,6,2,3,10,7,0,1,0,1,0,0,3,11,0,2013,8,54,44,311,3,4,1052.0,21,2,50.095238095238095,9,0.2857142857142857,Store,Wines,High
1802,1971,Graduation,Married,64795.0,0,1,2013-01-17,23,412.0,5.0,119.0,38.0,29.0,77.0,3,3,3,12,2,0,0,0,0,0,0,3,11,0,2013,1,53,43,529,1,3,680.0,21,0,32.38095238095238,5,0.14285714285714285,Store,Wines,High
520,1974,Graduation,Married,34421.0,1,0,2013-07-01,81,3.0,3.0,7.0,6.0,2.0,9.0,1,1,0,2,7,0,0,0,0,0,0,3,11,0,2013,7,50,40,364,1,3,30.0,4,0,7.5,8,0.25,Store,Gold,Low
8275,1965,Phd,Divorced,47025.0,1,1,2014-02-09,6,16.0,0.0,3.0,0.0,0.0,1.0,1,1,0,2,7,0,0,0,0,0,0,3,11,0,2014,2,59,49,141,2,3,20.0,4,0,5.0,8,0.25,Store,Wines,Low
9750,1961,Phd,Divorced,64325.0,0,1,2013-02-07,41,731.0,60.0,353.0,78.0,12.0,73.0,5,10,3,5,7,0,0,0,0,0,0,3,11,0,2013,2,63,53,508,1,2,1307.0,23,0,56.82608695652174,17,0.21739130434782608,Web,Wines,High
2607,1953,Graduation,Single,40464.0,0,1,2013-01-11,78,424.0,17.0,118.0,7.0,23.0,41.0,6,8,2,8,8,0,0,0,0,0,0,3,11,0,2013,1,71,61,535,1,2,630.0,24,0,26.25,16,0.25,Web,Wines,High
7214,1957,Graduation,Married,62187.0,0,0,2013-07-05,49,792.0,0.0,275.0,45.0,45.0,126.0,1,4,8,5,3,0,0,0,0,0,0,3,11,0,2013,7,67,57,360,0,2,1283.0,18,0,71.27777777777777,7,0.05555555555555555,Catalog,Wines,Medium
5835,1976,Phd,Divorced,14849.0,1,0,2013-07-02,39,21.0,2.0,28.0,3.0,2.0,9.0,3,2,0,4,8,0,0,0,0,0,0,3,11,0,2013,7,48,38,363,1,2,65.0,9,0,7.222222222222222,10,0.3333333333333333,Store,Meat,Low
3896,1984,Graduation,Married,27255.0,1,0,2013-11-07,3,22.0,1.0,11.0,0.0,1.0,2.0,1,1,0,3,7,0,0,0,0,0,0,3,11,0,2013,11,40,30,235,1,3,37.0,5,0,7.4,8,0.2,Store,Wines,Low
10350,1950,Phd,Married,54432.0,2,1,2013-05-09,37,33.0,0.0,5.0,0.0,0.0,0.0,1,1,0,3,4,0,0,0,0,0,0,3,11,0,2013,5,74,64,417,3,5,38.0,5,0,7.6,5,0.2,Store,Wines,Low
7786,1986,Phd,Single,29999.0,1,0,2013-02-13,22,68.0,7.0,59.0,10.0,5.0,11.0,4,3,1,4,8,0,0,0,0,0,0,3,11,0,2013,2,38,28,502,1,2,160.0,12,0,13.333333333333334,11,0.3333333333333333,Store,Wines,Medium
2861,1983,Graduation,Single,24072.0,1,0,2013-04-16,79,9.0,1.0,6.0,3.0,0.0,4.0,1,1,0,2,8,0,0,0,0,0,0,3,11,0,2013,4,41,31,440,1,2,23.0,4,0,5.75,9,0.25,Store,Wines,Low
663,1989,Phd,Single,33996.0,0,0,2013-09-11,46,40.0,2.0,15.0,8.0,0.0,6.0,1,1,1,3,4,0,0,0,0,0,0,3,11,0,2013,9,35,25,292,0,1,71.0,6,0,11.833333333333334,5,0.16666666666666666,Store,Wines,Low
10675,1956,Phd,Married,66334.0,0,1,2013-04-03,82,909.0,11.0,218.0,0.0,0.0,23.0,2,9,3,5,5,0,0,0,0,0,0,3,11,1,2013,4,68,58,453,1,3,1161.0,19,1,61.10526315789474,14,0.10526315789473684,Web,Wines,Medium
2521,1971,Master,Married,35178.0,1,0,2013-01-10,10,23.0,1.0,13.0,2.0,2.0,18.0,1,1,1,2,7,1,0,0,0,0,0,3,11,1,2013,1,53,43,536,1,3,59.0,5,2,11.8,8,0.2,Store,Wines,Low
9592,1983,Graduation,Married,22010.0,1,0,2013-06-30,51,11.0,2.0,9.0,3.0,0.0,8.0,2,2,0,3,8,0,0,0,0,0,0,3,11,0,2013,6,41,31,365,1,3,33.0,7,0,4.714285714285714,10,0.2857142857142857,Store,Wines,Low
10151,1960,Graduation,Divorced,62204.0,0,2,2012-09-12,38,317.0,46.0,247.0,120.5,46.0,126.5,1,4,5,12,3,0,0,0,0,0,0,3,11,0,2012,9,64,54,656,2,3,903.0,22,0,41.04545454545455,7,0.045454545454545456,Store,Wines,High
7381,1968,Graduation,Divorced,75693.0,0,0,2012-12-06,10,797.0,81.0,293.0,72.0,81.0,30.0,1,11,4,6,4,0,1,1,1,0,0,3,11,1,2012,12,56,46,571,0,1,1354.0,22,4,61.54545454545455,15,0.045454545454545456,Web,Wines,High
4099,1972,Graduation,Married,30675.0,1,0,2012-11-12,14,10.0,2.0,16.0,11.0,2.0,21.0,1,1,0,3,8,0,0,0,0,0,0,3,11,0,2012,11,52,42,595,1,3,62.0,5,0,12.4,9,0.2,Store,Gold,Low
9560,1965,Graduation,Married,83003.0,0,0,2013-03-03,18,856.0,61.0,556.0,40.0,25.0,122.0,1,7,6,8,3,0,0,1,0,0,0,3,11,1,2013,3,59,49,484,0,2,1660.0,22,2,75.45454545454545,10,0.045454545454545456,Store,Wines,High
10172,1988,Graduation,Single,68655.0,0,0,2012-08-10,95,456.0,19.0,556.0,75.0,81.0,38.0,1,4,5,11,3,0,0,0,0,0,0,3,11,0,2012,8,36,26,689,0,1,1225.0,21,0,58.333333333333336,7,0.047619047619047616,Store,Meat,High
11191,1986,Graduation,Divorced,41411.0,0,0,2013-12-07,11,37.0,32.0,38.0,11.0,3.0,18.0,1,2,1,4,6,0,0,0,0,0,0,3,11,0,2013,12,38,28,205,0,1,139.0,8,0,17.375,8,0.125,Store,Meat,Low
9707,1969,Phd,Married,55212.0,0,1,2012-11-23,65,1103.0,0.0,45.0,0.0,0.0,34.0,3,4,2,11,8,0,1,0,0,1,0,3,11,0,2012,11,55,45,584,1,3,1182.0,20,2,59.1,12,0.15,Store,Wines,High
6245,1950,Phd,Married,59292.0,0,1,2013-06-13,71,378.0,14.0,68.0,19.0,14.0,14.0,2,3,5,8,3,0,0,0,0,0,0,3,11,0,2013,6,74,64,382,1,3,507.0,18,0,28.166666666666668,6,0.1111111111111111,Store,Wines,Medium
8234,1973,Undergraduate,Married,27190.0,1,0,2013-08-15,13,1.0,6.0,7.0,0.0,1.0,3.0,1,1,0,2,8,1,0,0,0,0,0,3,11,1,2013,8,51,41,319,1,3,18.0,4,2,4.5,9,0.25,Store,Meat,Low
1411,1952,Graduation,Divorced,82623.0,0,0,2013-11-10,58,204.0,34.0,204.0,120.5,81.0,126.5,1,2,9,4,1,0,0,0,0,0,0,3,11,0,2013,11,72,62,232,0,1,770.0,16,0,48.125,3,0.0625,Catalog,Wines,Medium
8553,1965,Graduation,Married,44300.0,1,1,2013-06-23,65,30.0,0.0,9.0,0.0,0.0,3.0,2,1,0,3,6,0,0,0,0,0,0,3,11,0,2013,6,59,49,372,2,4,42.0,6,0,7.0,7,0.3333333333333333,Store,Wines,Low
1826,1970,Graduation,Divorced,84835.0,0,0,2014-06-16,0,189.0,81.0,379.0,111.0,81.0,126.5,1,4,4,6,1,0,0,0,0,0,0,3,11,1,2014,6,54,44,14,0,1,967.5,15,1,64.5,5,0.06666666666666667,Store,Meat,Medium
8842,1971,Graduation,Widow,30372.0,1,1,2012-12-25,33,15.0,0.0,12.0,7.0,3.0,7.0,3,2,0,3,7,0,0,0,0,0,0,3,11,0,2012,12,53,43,552,2,3,44.0,8,0,5.5,9,0.375,Store,Wines,Low
11030,1976,Master,Married,33181.0,1,0,2014-01-03,90,9.0,0.0,3.0,0.0,0.0,4.0,1,1,0,2,6,1,0,0,0,0,0,3,11,0,2014,1,48,38,178,1,3,16.0,4,1,4.0,7,0.25,Store,Wines,Low
2579,1957,Graduation,Married,71113.0,0,1,2013-12-17,95,495.0,33.0,255.0,11.0,33.0,8.0,4,6,7,9,4,0,0,0,0,0,0,3,11,0,2013,12,67,57,195,1,3,835.0,26,0,32.11538461538461,10,0.15384615384615385,Store,Wines,High
175,1986,Graduation,Married,71952.0,1,0,2013-01-10,93,656.0,80.0,455.0,52.0,81.0,93.0,2,8,4,8,4,1,0,1,0,0,0,3,11,0,2013,1,38,28,536,1,3,1417.0,22,2,64.4090909090909,12,0.09090909090909091,Web,Wines,High
9185,1966,Phd,Single,69759.0,0,0,2013-10-28,38,452.0,20.0,514.0,13.0,30.0,0.0,3,4,6,5,3,0,0,0,0,0,0,3,11,1,2013,10,58,48,245,0,1,1029.0,18,1,57.166666666666664,7,0.16666666666666666,Catalog,Meat,Medium
11056,1974,Graduation,Married,72099.0,0,0,2012-10-27,18,546.0,81.0,410.0,119.0,0.0,22.0,1,3,4,10,1,0,0,0,0,0,0,3,11,0,2012,10,50,40,611,0,2,1178.0,18,0,65.44444444444444,4,0.05555555555555555,Store,Wines,Medium
9365,1976,Phd,Single,60000.0,0,1,2012-12-22,57,1048.0,0.0,217.0,0.0,0.0,12.0,5,11,3,5,6,0,0,0,0,0,0,3,11,0,2012,12,48,38,555,1,2,1277.0,24,0,53.208333333333336,17,0.20833333333333334,Web,Wines,High
6201,1978,Graduation,Single,38643.0,1,1,2013-11-29,45,22.0,2.0,14.0,0.0,1.0,10.0,2,2,0,3,7,0,0,0,0,0,1,3,11,0,2013,11,46,36,213,2,3,49.0,7,0,7.0,9,0.2857142857142857,Store,Wines,Low
2061,1955,Graduation,Married,50737.0,0,1,2013-05-11,61,78.0,0.0,11.0,0.0,0.0,10.0,1,2,0,4,6,0,1,0,0,0,0,3,11,0,2013,5,69,59,415,1,3,99.0,7,1,14.142857142857142,8,0.14285714285714285,Store,Wines,Low
6184,1969,Phd,Married,68462.0,0,0,2012-12-12,6,561.0,64.0,556.0,84.0,81.0,48.0,1,3,3,8,1,0,0,0,0,0,0,3,11,0,2012,12,55,45,565,0,2,1394.0,15,0,92.93333333333334,4,0.06666666666666667,Store,Wines,Medium
6142,1943,Master,Married,65073.0,0,0,2013-08-20,65,629.0,17.0,177.0,69.0,0.0,8.0,1,5,3,5,2,0,0,0,0,0,1,3,11,0,2013,8,81,71,314,0,2,900.0,14,0,64.28571428571429,7,0.07142857142857142,Web,Wines,Medium
4107,1948,Phd,Married,46681.0,0,2,2013-10-08,52,269.0,15.0,69.0,15.0,19.0,38.0,2,4,6,4,5,0,0,0,0,0,0,3,11,0,2013,10,76,66,265,2,4,425.0,16,0,26.5625,9,0.125,Catalog,Wines,Medium
7274,1957,Graduation,Married,78618.0,0,0,2012-09-28,87,736.0,81.0,556.0,120.5,81.0,61.0,1,4,7,10,2,0,1,0,0,0,0,3,11,0,2012,9,67,57,640,0,2,1635.5,22,1,74.3409090909091,6,0.045454545454545456,Store,Wines,High
9336,1969,Phd,Widow,62187.0,0,1,2014-03-22,38,512.0,0.0,83.0,0.0,0.0,41.0,3,6,2,10,4,0,0,0,0,0,0,3,11,0,2014,3,55,45,100,1,2,636.0,21,0,30.285714285714285,10,0.14285714285714285,Store,Wines,High
2958,1978,Graduation,Married,28442.0,2,0,2014-02-24,53,19.0,3.0,10.0,11.0,8.0,6.0,3,2,1,4,4,0,0,0,0,0,0,3,11,0,2014,2,46,36,126,2,4,57.0,10,0,5.7,6,0.3,Store,Wines,Medium
933,1978,Phd,Married,37717.0,1,0,2012-11-23,31,9.0,0.0,6.0,4.0,1.0,5.0,1,1,0,2,9,0,0,0,0,0,0,3,11,0,2012,11,46,36,584,1,3,25.0,4,0,6.25,10,0.25,Store,Wines,Low
5837,1967,Graduation,Married,51479.0,1,1,2012-12-28,67,247.0,8.0,160.0,6.0,8.0,65.0,7,6,3,6,7,0,0,0,0,0,0,3,11,0,2012,12,57,47,549,2,4,494.0,22,0,22.454545454545453,13,0.3181818181818182,Web,Wines,High
10704,1969,Graduation,Single,54803.0,0,1,2012-08-21,65,404.0,0.0,92.0,28.0,27.0,126.5,2,6,2,9,4,0,0,0,0,0,0,3,11,0,2012,8,55,45,678,1,2,677.5,19,0,35.6578947368421,10,0.10526315789473684,Store,Wines,Medium
5125,1960,Graduation,Married,79530.0,0,0,2013-05-17,64,333.0,0.0,556.0,120.5,42.0,29.0,1,4,10,11,2,0,0,0,0,0,0,3,11,0,2013,5,64,54,409,0,2,1080.5,26,0,41.55769230769231,6,0.038461538461538464,Store,Meat,High
4432,1976,Graduation,Divorced,31615.0,1,0,2013-03-16,82,2.0,3.0,20.0,6.0,11.0,9.0,2,2,0,3,7,0,0,0,0,0,0,3,11,0,2013,3,48,38,471,1,2,51.0,7,0,7.285714285714286,9,0.2857142857142857,Store,Meat,Low
5955,1962,Graduation,Married,72025.0,0,0,2012-11-17,27,833.0,33.0,549.0,120.5,81.0,126.5,1,4,3,8,3,0,0,0,0,0,0,3,11,0,2012,11,62,52,590,0,2,1743.0,16,0,108.9375,7,0.0625,Store,Wines,Medium
2928,1975,Phd,Single,52614.0,0,1,2012-12-01,63,789.0,0.0,142.0,12.0,9.0,38.0,2,2,4,8,8,0,0,0,0,0,0,3,11,0,2012,12,49,39,576,1,2,990.0,16,0,61.875,10,0.125,Store,Wines,Medium
5680,1984,2N Cycle,Married,35684.0,1,0,2014-04-22,66,10.0,4.0,7.0,0.0,6.0,3.0,1,1,0,3,6,0,0,0,0,0,0,3,11,0,2014,4,40,30,69,1,3,30.0,5,0,6.0,7,0.2,Store,Wines,Low
10313,1975,Graduation,Married,48178.0,1,1,2012-10-28,69,159.0,4.0,45.0,6.0,2.0,38.0,6,5,1,4,8,0,0,0,0,0,0,3,11,0,2012,10,49,39,610,2,4,254.0,16,0,15.875,13,0.375,Web,Wines,Medium
2557,1970,Master,Single,29548.0,1,0,2013-08-29,52,7.0,1.0,6.0,3.0,1.0,11.0,1,1,1,2,4,1,0,0,0,0,0,3,11,0,2013,8,54,44,305,1,2,29.0,5,1,5.8,5,0.2,Store,Gold,Low
1245,1966,Graduation,Single,63810.0,0,1,2012-11-11,45,977.0,12.0,253.0,16.0,12.0,101.0,4,4,3,12,8,0,1,0,0,0,0,3,11,0,2012,11,58,48,596,1,2,1371.0,23,1,59.608695652173914,12,0.17391304347826086,Store,Wines,High
1519,1972,Phd,Single,38578.0,1,1,2013-06-22,2,38.0,4.0,22.0,3.0,3.0,3.0,3,3,0,3,8,0,0,0,0,0,0,3,11,1,2013,6,52,42,373,2,3,73.0,9,1,8.11111111111111,11,0.3333333333333333,Web,Wines,Low
10703,1975,Master,Single,46098.0,1,1,2012-08-18,86,57.0,0.0,27.0,0.0,0.0,36.0,4,3,2,2,8,0,0,0,0,0,0,3,11,0,2012,8,49,39,681,2,3,120.0,11,0,10.909090909090908,11,0.36363636363636365,Web,Wines,Medium
1726,1970,Graduation,Single,22585.0,0,0,2013-03-18,23,3.0,9.0,15.0,13.0,2.0,39.0,1,1,1,2,9,1,0,0,0,0,0,3,11,1,2013,3,54,44,469,0,1,81.0,5,2,16.2,10,0.2,Store,Gold,Low
4459,1989,Graduation,Single,30279.0,1,0,2012-12-30,13,10.0,4.0,14.0,4.0,4.0,1.0,1,1,0,3,8,0,0,0,0,0,0,3,11,0,2012,12,35,25,547,1,2,37.0,5,0,7.4,9,0.2,Store,Meat,Low
1729,1961,Phd,Married,66426.0,0,1,2013-10-02,14,1043.0,24.0,97.0,32.0,24.0,126.5,2,3,5,10,6,0,0,0,0,0,0,3,11,0,2013,10,63,53,271,1,3,1346.5,20,0,67.325,9,0.1,Store,Wines,High
1517,1969,Graduation,Single,30822.0,1,0,2013-06-14,92,3.0,9.0,13.0,2.0,12.0,12.0,1,1,0,3,7,0,0,0,0,0,0,3,11,0,2013,6,55,45,381,1,2,51.0,5,0,10.2,8,0.2,Store,Meat,Low
2098,1969,Phd,Married,33581.0,2,0,2013-01-08,38,11.0,0.0,5.0,0.0,0.0,1.0,1,1,0,2,8,0,0,0,0,0,0,3,11,0,2013,1,55,45,538,2,4,17.0,4,0,4.25,9,0.25,Store,Wines,Low
9543,1985,Graduation,Married,19986.0,1,0,2013-11-14,74,3.0,6.0,5.0,0.0,2.0,6.0,1,0,0,3,7,0,0,0,0,0,0,3,11,0,2013,11,39,29,228,1,3,22.0,4,0,5.5,7,0.25,Store,Fruits,Low
6878,1954,Graduation,Widow,27421.0,0,0,2012-12-12,14,43.0,12.0,96.0,78.0,40.0,55.0,3,4,1,6,7,0,0,0,0,0,0,3,11,0,2012,12,70,60,565,0,1,324.0,14,0,23.142857142857142,11,0.21428571428571427,Store,Meat,Medium
3310,1973,2N Cycle,Married,35688.0,2,1,2012-08-22,94,73.0,3.0,90.0,12.0,1.0,32.0,7,4,1,4,8,0,0,0,0,0,0,3,11,0,2012,8,51,41,677,3,5,211.0,16,0,13.1875,12,0.4375,Web,Meat,Medium
2724,1981,Master,Single,36143.0,1,0,2014-03-30,33,12.0,0.0,1.0,0.0,0.0,6.0,1,0,1,2,3,0,0,0,0,0,0,3,11,0,2014,3,43,33,92,1,2,19.0,4,0,4.75,3,0.25,Store,Wines,Low
948,1971,Graduation,Single,10245.0,1,0,2013-05-15,32,4.0,7.0,7.0,6.0,4.0,13.0,3,1,2,2,5,0,0,0,0,0,0,3,11,0,2013,5,53,43,411,1,2,41.0,8,0,5.125,6,0.375,Catalog,Gold,Low
6720,1968,Master,Married,43795.0,0,1,2013-10-16,11,314.0,11.0,53.0,4.0,3.0,107.0,3,7,3,4,7,0,1,0,0,0,0,3,11,1,2013,10,56,46,257,1,3,492.0,17,2,28.941176470588236,14,0.17647058823529413,Web,Wines,Medium
6202,1960,Graduation,Married,63381.0,0,1,2012-10-05,78,571.0,50.0,142.0,33.0,50.0,126.5,4,4,5,13,2,0,0,0,0,0,0,3,11,0,2012,10,64,54,633,1,3,972.5,26,0,37.40384615384615,6,0.15384615384615385,Store,Wines,High
2066,1949,Graduation,Married,38823.0,0,1,2012-08-30,56,70.0,0.0,11.0,2.0,8.0,23.0,1,2,1,3,6,0,0,0,0,0,0,3,11,0,2012,8,75,65,669,1,3,114.0,7,0,16.285714285714285,8,0.14285714285714285,Store,Wines,Low
9799,1968,Phd,Divorced,83664.0,1,1,2013-05-08,57,866.0,21.0,151.0,28.0,21.0,86.0,3,2,2,12,5,0,0,0,0,0,0,3,11,0,2013,5,56,46,418,2,3,1173.0,19,0,61.73684210526316,7,0.15789473684210525,Store,Wines,Medium
8318,1979,Graduation,Married,90300.0,0,0,2014-01-03,7,594.0,81.0,556.0,33.0,81.0,57.0,0,5,6,8,1,0,0,1,0,0,0,3,11,0,2014,1,45,35,178,0,2,1402.0,19,1,73.78947368421052,6,0.0,Store,Wines,Medium
5642,1979,Master,Married,62499.0,1,0,2013-12-09,0,140.0,4.0,61.0,0.0,13.0,4.0,2,3,1,6,4,0,0,0,0,0,0,3,11,0,2013,12,45,35,203,1,3,222.0,12,0,18.5,7,0.16666666666666666,Store,Wines,Medium
2669,1993,Graduation,Single,74293.0,0,0,2014-05-04,66,375.0,81.0,335.0,93.0,81.0,81.0,1,5,4,6,2,0,0,0,0,0,0,3,11,0,2014,5,31,21,57,0,1,1046.0,16,0,65.375,7,0.0625,Store,Wines,Medium
455,1946,Phd,Married,51012.0,0,0,2013-04-18,86,102.0,9.0,63.0,2.0,9.0,24.0,1,4,1,4,6,0,0,0,0,0,0,3,11,0,2013,4,78,68,438,0,2,209.0,10,0,20.9,10,0.1,Web,Wines,Medium
7683,1968,Master,Married,70777.0,0,1,2014-02-25,80,554.0,35.0,113.0,0.0,7.0,78.0,3,5,3,12,3,0,0,0,0,0,0,3,11,0,2014,2,56,46,125,1,3,787.0,23,0,34.21739130434783,8,0.13043478260869565,Store,Wines,High
3428,1991,Phd,Married,68682.0,0,0,2013-10-06,56,919.0,0.0,505.0,99.0,30.0,45.0,1,4,9,10,2,0,0,0,0,0,0,3,11,0,2013,10,33,23,267,0,2,1598.0,24,0,66.58333333333333,6,0.041666666666666664,Store,Wines,High
7414,1971,Graduation,Married,43824.0,1,1,2012-09-15,18,96.0,1.0,42.0,12.0,3.0,32.0,4,3,1,4,8,0,0,0,0,0,0,3,11,0,2012,9,53,43,653,2,4,186.0,12,0,15.5,11,0.3333333333333333,Store,Wines,Medium
6354,1984,Graduation,Married,15345.0,1,0,2012-08-31,51,5.0,2.0,16.0,3.0,2.0,19.0,2,1,1,2,8,0,0,0,0,0,0,3,11,1,2012,8,40,30,668,1,3,47.0,6,1,7.833333333333333,9,0.3333333333333333,Store,Gold,Low
798,1987,Graduation,Single,23442.0,1,0,2012-12-24,71,2.0,0.0,6.0,8.0,6.0,5.0,1,1,0,3,7,0,0,0,0,0,0,3,11,0,2012,12,37,27,553,1,2,27.0,5,0,5.4,8,0.2,Store,Fish,Low
8213,1980,2N Cycle,Married,14515.0,1,0,2012-11-09,71,6.0,4.0,9.0,6.0,36.0,35.0,4,2,2,3,7,0,0,0,0,0,0,3,11,1,2012,11,44,34,598,1,3,96.0,11,1,8.727272727272727,9,0.36363636363636365,Store,Sweets,Medium
2488,1956,2N Cycle,Divorced,31395.0,1,1,2013-03-23,80,23.0,1.0,25.0,0.0,8.0,7.0,4,2,1,3,6,0,0,0,0,0,0,3,11,0,2013,3,68,58,464,2,3,64.0,10,0,6.4,8,0.4,Store,Meat,Medium
9999,1965,Graduation,Married,75276.0,0,0,2012-09-27,2,610.0,81.0,125.0,120.5,42.0,21.0,1,9,4,9,5,0,0,0,0,0,0,3,11,0,2012,9,59,49,641,0,2,999.5,23,0,43.45652173913044,14,0.043478260869565216,Web,Wines,High
7617,1974,Graduation,Single,42373.0,1,1,2013-08-15,83,67.0,5.0,61.0,3.0,8.0,19.0,5,2,1,5,5,0,0,0,0,0,0,3,11,0,2013,8,50,40,319,2,3,163.0,13,0,12.538461538461538,7,0.38461538461538464,Store,Wines,Medium
615,1960,Graduation,Married,30507.0,0,0,2013-03-11,29,65.0,36.0,74.0,38.0,20.0,110.0,1,5,1,4,7,0,0,0,0,0,0,3,11,0,2013,3,64,54,476,0,2,343.0,11,0,31.181818181818183,12,0.09090909090909091,Web,Gold,Medium
2552,1955,Phd,Single,55521.0,1,2,2013-10-22,11,416.0,0.0,26.0,0.0,0.0,4.0,9,6,3,6,7,0,1,0,0,0,0,3,11,1,2013,10,69,59,251,3,4,446.0,24,2,18.583333333333332,13,0.375,Web,Wines,High
194,1965,Graduation,Married,48006.0,1,1,2014-06-09,55,23.0,0.0,11.0,3.0,2.0,2.0,1,1,0,3,6,0,0,0,0,0,0,3,11,0,2014,6,59,49,21,2,4,41.0,5,0,8.2,7,0.2,Store,Wines,Low
3645,1972,Phd,Single,27213.0,1,0,2012-08-30,19,19.0,3.0,26.0,10.0,9.0,3.0,3,2,0,4,8,0,0,0,0,0,0,3,11,1,2012,8,52,42,669,1,2,70.0,9,1,7.777777777777778,10,0.3333333333333333,Store,Meat,Low
8890,1971,Phd,Divorced,65808.0,1,1,2014-05-30,1,155.0,7.0,80.0,13.0,7.0,10.0,3,5,1,5,6,0,0,0,0,0,0,3,11,0,2014,5,53,43,31,2,3,272.0,14,0,19.428571428571427,11,0.21428571428571427,Web,Wines,Medium
5049,1974,Phd,Married,30351.0,1,0,2013-06-06,19,14.0,0.0,24.0,3.0,3.0,2.0,1,3,0,2,9,0,0,0,0,0,0,3,11,0,2013,6,50,40,389,1,3,46.0,6,0,7.666666666666667,12,0.16666666666666666,Web,Meat,Low
9973,1963,Graduation,Married,50437.0,0,2,2012-10-17,28,370.0,9.0,92.0,6.0,9.0,4.0,3,7,1,8,7,0,0,0,0,0,0,3,11,0,2012,10,61,51,621,2,4,490.0,19,0,25.789473684210527,14,0.15789473684210525,Store,Wines,Medium
7301,1982,2N Cycle,Single,23616.0,1,0,2012-11-17,76,4.0,22.0,11.0,3.0,7.0,32.0,2,3,0,3,8,0,0,0,0,0,0,3,11,1,2012,11,42,32,590,1,2,79.0,8,1,9.875,11,0.25,Web,Gold,Low
10882,1976,Graduation,Married,53858.0,0,1,2012-11-09,50,407.0,53.0,221.0,58.0,81.0,26.0,4,4,3,6,4,0,0,0,0,0,0,3,11,0,2012,11,48,38,598,1,3,846.0,17,0,49.76470588235294,8,0.23529411764705882,Store,Wines,Medium
7030,1955,Phd,Married,66465.0,0,1,2013-03-30,1,1200.0,0.0,204.0,38.0,29.0,14.0,3,11,9,12,6,0,0,0,1,0,0,3,11,0,2013,3,69,59,457,1,3,1485.0,35,1,42.42857142857143,17,0.08571428571428572,Store,Wines,High
7422,1987,Graduation,Single,46923.0,1,0,2012-08-22,90,85.0,44.0,54.0,102.0,78.0,6.0,3,5,1,7,7,0,0,0,0,0,0,3,11,0,2012,8,37,27,677,1,2,369.0,16,0,23.0625,12,0.1875,Store,Fish,Medium
3523,1962,Graduation,Married,75072.0,0,1,2013-01-23,83,583.0,34.0,309.0,0.0,22.0,125.0,2,5,4,8,3,0,0,0,0,0,0,3,11,0,2013,1,62,52,523,1,3,1073.0,19,0,56.473684210526315,8,0.10526315789473684,Store,Wines,Medium
7106,1943,Phd,Married,75865.0,0,0,2014-03-31,73,483.0,0.0,556.0,120.5,0.0,12.0,1,3,5,10,1,0,0,0,0,0,0,3,11,0,2014,3,81,71,91,0,2,1171.5,19,0,61.6578947368421,4,0.05263157894736842,Store,Meat,Medium
6504,1975,2N Cycle,Married,19789.0,1,0,2013-11-20,24,2.0,5.0,9.0,28.0,6.0,28.0,3,2,1,3,5,1,0,0,0,0,0,3,11,0,2013,11,49,39,222,1,3,78.0,9,1,8.666666666666666,7,0.3333333333333333,Store,Fish,Low
5067,1994,Graduation,Married,80134.0,0,0,2014-02-14,11,966.0,26.0,282.0,52.0,26.0,26.0,1,2,7,11,5,0,1,1,1,1,0,3,11,0,2014,2,30,20,136,0,2,1378.0,21,4,65.61904761904762,7,0.047619047619047616,Store,Wines,High
4216,1981,Graduation,Single,91065.0,0,0,2013-02-22,33,822.0,81.0,108.0,120.5,81.0,114.0,1,7,9,9,3,0,0,1,1,0,0,3,11,1,2013,2,43,33,493,0,1,1326.5,26,3,51.01923076923077,10,0.038461538461538464,Catalog,Wines,High
8581,1971,Master,Married,49505.0,1,1,2013-03-05,4,604.0,0.0,100.0,19.0,0.0,28.0,9,10,2,8,8,0,0,0,0,0,0,3,11,0,2013,3,53,43,482,2,4,751.0,29,0,25.896551724137932,18,0.3103448275862069,Web,Wines,High
5929,1973,Phd,Married,37401.0,1,0,2014-05-06,14,19.0,3.0,19.0,3.0,1.0,3.0,2,2,0,3,7,0,0,0,0,0,0,3,11,0,2014,5,51,41,55,1,3,48.0,7,0,6.857142857142857,9,0.2857142857142857,Store,Wines,Low
3129,1983,Graduation,Married,30096.0,1,0,2014-05-22,30,5.0,3.0,11.0,12.0,5.0,9.0,1,2,0,3,6,0,0,0,0,0,0,3,11,0,2014,5,41,31,39,1,3,45.0,6,0,7.5,8,0.16666666666666666,Store,Fish,Low
6528,1982,Master,Married,18492.0,1,0,2014-06-05,75,2.0,2.0,2.0,2.0,1.0,1.0,1,1,0,2,8,0,0,0,0,0,0,3,11,0,2014,6,42,32,25,1,3,10.0,4,0,2.5,9,0.25,Store,Wines,Low
1361,1974,Master,Married,82584.0,0,0,2013-06-04,26,1076.0,68.0,103.0,29.0,81.0,68.0,1,3,4,8,1,0,1,1,0,0,0,3,11,1,2013,6,50,40,391,0,2,1425.0,16,3,89.0625,4,0.0625,Store,Wines,Medium
6932,1941,Phd,Married,93027.0,0,0,2013-04-13,77,1224.0,42.0,556.0,55.0,0.0,21.0,0,7,10,5,2,0,0,1,0,0,0,3,11,0,2013,4,83,73,443,0,2,1898.0,22,1,86.27272727272727,9,0.0,Catalog,Wines,High
7284,1953,Graduation,Married,48686.0,1,2,2013-12-04,8,10.0,0.0,7.0,2.0,0.0,1.0,1,1,0,2,8,0,0,0,0,0,0,3,11,0,2013,12,71,61,208,3,5,20.0,4,0,5.0,9,0.25,Store,Wines,Low
1340,1986,Graduation,Married,92910.0,0,0,2014-04-24,42,551.0,81.0,556.0,120.5,81.0,33.0,1,6,7,13,1,0,1,1,1,0,0,3,11,0,2014,4,38,28,67,0,2,1422.5,27,3,52.68518518518518,7,0.037037037037037035,Store,Meat,High
8746,1989,Graduation,Married,75433.0,1,0,2014-04-05,28,800.0,0.0,297.0,0.0,34.0,57.0,2,2,5,10,6,0,1,0,1,0,0,3,11,0,2014,4,35,25,86,1,3,1188.0,19,2,62.526315789473685,8,0.10526315789473684,Store,Wines,Medium
5987,1989,2N Cycle,Married,10404.0,1,0,2014-05-04,52,2.0,2.0,11.0,10.0,6.0,12.0,2,1,0,4,5,0,0,0,0,0,0,3,11,0,2014,5,35,25,57,1,3,43.0,7,0,6.142857142857143,6,0.2857142857142857,Store,Gold,Low
3767,1968,Graduation,Married,61314.0,0,1,2013-04-25,1,378.0,0.0,189.0,97.0,81.0,126.5,2,5,5,12,3,0,0,0,0,0,0,3,11,0,2013,4,56,46,431,1,3,871.5,24,0,36.3125,8,0.08333333333333333,Store,Wines,High
3725,1961,Phd,Single,84865.0,0,0,2013-05-09,1,1224.0,16.0,349.0,43.0,16.0,16.0,1,2,4,9,4,0,1,1,1,1,0,3,11,1,2013,5,63,53,417,0,1,1664.0,16,5,104.0,6,0.0625,Store,Wines,Medium
4324,1989,Graduation,Married,42387.0,1,0,2012-10-29,42,235.0,0.0,235.0,19.0,4.0,126.5,5,8,1,7,8,0,0,0,0,0,0,3,11,0,2012,10,35,25,609,1,3,619.5,21,0,29.5,16,0.23809523809523808,Web,Wines,High
238,1967,2N Cycle,Married,67309.0,1,1,2013-01-23,76,515.0,47.0,181.0,120.5,81.0,95.0,15,9,6,9,7,0,0,0,0,0,0,3,11,0,2013,1,57,47,523,2,4,1039.5,39,0,26.653846153846153,16,0.38461538461538464,Web,Wines,High
6694,1964,Graduation,Married,75236.0,0,1,2013-11-25,27,438.0,66.0,400.0,12.0,38.0,114.0,1,8,3,13,4,0,0,0,0,0,0,3,11,0,2013,11,60,50,217,1,3,1068.0,25,0,42.72,12,0.04,Store,Wines,High
498,1970,Graduation,Single,30015.0,1,0,2014-02-02,28,25.0,0.0,22.0,2.0,3.0,5.0,2,1,0,4,5,0,0,0,0,0,0,3,11,0,2014,2,54,44,148,1,2,57.0,7,0,8.142857142857142,6,0.2857142857142857,Store,Wines,Low
9347,1956,Master,Married,50943.0,0,1,2013-06-21,49,31.0,0.0,7.0,2.0,0.0,6.0,1,1,0,3,5,0,0,0,0,0,0,3,11,0,2013,6,68,58,374,1,3,46.0,5,0,9.2,6,0.2,Store,Wines,Low
9699,1966,Graduation,Divorced,67272.0,0,1,2013-12-21,12,357.0,35.0,271.0,28.0,28.0,14.0,3,6,2,12,5,0,0,0,0,0,0,3,11,0,2013,12,58,48,191,1,2,733.0,23,0,31.869565217391305,11,0.13043478260869565,Store,Wines,High
10664,1949,Master,Widow,51529.0,0,1,2013-09-07,14,400.0,4.0,35.0,6.0,0.0,22.0,2,9,1,5,8,0,0,0,0,0,0,3,11,0,2013,9,75,65,296,1,2,467.0,17,0,27.470588235294116,17,0.11764705882352941,Web,Wines,Medium
5455,1971,Phd,Married,32011.0,1,0,2013-08-22,89,99.0,0.0,15.0,2.0,1.0,5.0,3,2,1,4,7,0,0,0,0,0,0,3,11,0,2013,8,53,43,312,1,3,122.0,10,0,12.2,9,0.3,Store,Wines,Medium
456,1986,2N Cycle,Married,7500.0,1,0,2013-02-07,96,1.0,11.0,5.0,4.0,6.0,9.0,2,2,0,3,8,0,0,0,0,0,0,3,11,0,2013,2,38,28,508,1,3,36.0,7,0,5.142857142857143,10,0.2857142857142857,Store,Fruits,Low
5012,1989,Graduation,Married,28691.0,1,0,2013-07-04,56,5.0,4.0,13.0,8.0,0.0,4.0,1,1,0,3,8,0,0,0,0,0,0,3,11,0,2013,7,35,25,361,1,3,34.0,5,0,6.8,9,0.2,Store,Meat,Low
7495,1948,Phd,Married,56223.0,0,1,2013-12-20,72,77.0,28.0,31.0,16.0,0.0,4.0,2,2,1,5,4,0,0,0,0,0,0,3,11,0,2013,12,76,66,192,1,3,156.0,10,0,15.6,6,0.2,Store,Wines,Medium
5029,1946,Graduation,Married,18100.0,0,0,2013-08-06,14,3.0,1.0,2.0,4.0,3.0,1.0,1,0,0,3,5,0,0,0,0,0,0,3,11,0,2013,8,78,68,328,0,2,14.0,4,0,3.5,5,0.25,Store,Fish,Low
10642,1989,Graduation,Single,30279.0,1,0,2012-12-30,13,10.0,4.0,14.0,4.0,4.0,1.0,1,1,0,3,8,0,0,0,0,0,0,3,11,0,2012,12,35,25,547,1,2,37.0,5,0,7.4,9,0.2,Store,Meat,Low
2106,1974,2N Cycle,Married,20130.0,0,0,2014-03-17,99,0.0,6.0,3.0,7.0,6.0,12.0,1,1,0,3,8,0,0,0,0,0,0,3,11,0,2014,3,50,40,105,0,2,34.0,5,0,6.8,9,0.2,Store,Gold,Low
10364,1959,Graduation,Divorced,23295.0,0,0,2013-07-13,72,0.0,0.0,1.0,2.0,12.0,5.0,1,1,0,2,8,0,0,0,0,0,0,3,11,0,2013,7,65,55,352,0,1,20.0,4,0,5.0,9,0.25,Store,Sweets,Low
5954,1972,Master,Divorced,42618.0,1,0,2013-10-09,92,76.0,14.0,74.0,13.0,5.0,10.0,2,5,0,4,8,0,0,0,0,0,0,3,11,0,2013,10,52,42,264,1,2,192.0,11,0,17.454545454545453,13,0.18181818181818182,Web,Wines,Medium
1137,1964,Graduation,Single,81246.0,0,0,2013-12-29,87,398.0,81.0,537.0,61.0,81.0,37.0,1,4,5,7,1,1,0,0,1,0,0,3,11,0,2013,12,60,50,183,0,1,1195.0,17,2,70.29411764705883,5,0.058823529411764705,Store,Meat,Medium
2541,1976,Graduation,Married,24027.0,1,0,2013-06-09,7,14.0,7.0,11.0,11.0,0.0,5.0,2,2,0,3,8,0,0,0,0,0,0,3,11,0,2013,6,48,38,386,1,3,48.0,7,0,6.857142857142857,10,0.2857142857142857,Store,Wines,Low
1142,1953,Phd,Married,55707.0,0,1,2013-12-22,91,208.0,7.0,82.0,30.0,66.0,35.0,2,3,2,9,3,0,0,0,0,0,0,3,11,0,2013,12,71,61,190,1,3,428.0,16,0,26.75,6,0.125,Store,Wines,Medium
2276,1955,Graduation,Single,57959.0,0,1,2013-05-02,71,430.0,16.0,322.0,43.0,24.0,33.0,5,4,7,11,3,0,0,0,0,0,0,3,11,0,2013,5,69,59,424,1,2,868.0,27,0,32.148148148148145,7,0.18518518518518517,Store,Wines,High
2807,1969,Graduation,Married,56796.0,0,1,2013-02-16,24,656.0,38.0,161.0,62.0,47.0,37.0,3,8,9,7,7,0,0,0,0,0,0,3,11,0,2013,2,55,45,499,1,3,1001.0,27,0,37.074074074074076,15,0.1111111111111111,Catalog,Wines,High
6471,1971,Master,Single,36230.0,1,0,2013-10-17,17,14.0,2.0,30.0,8.0,2.0,3.0,1,2,0,4,5,0,0,0,0,0,0,3,11,0,2013,10,53,43,256,1,2,59.0,7,0,8.428571428571429,7,0.14285714285714285,Store,Meat,Low
6131,1980,2N Cycle,Married,70829.0,1,1,2013-12-01,87,141.0,70.0,106.0,72.0,19.0,23.0,2,4,2,8,3,0,0,0,0,0,0,3,11,0,2013,12,44,34,211,2,4,431.0,16,0,26.9375,7,0.125,Store,Wines,Medium
6233,1976,Graduation,Married,65991.0,0,1,2012-09-07,21,507.0,19.0,364.0,25.0,47.0,9.0,3,9,5,10,7,0,0,0,0,0,0,3,11,0,2012,9,48,38,661,1,3,971.0,27,0,35.96296296296296,16,0.1111111111111111,Store,Wines,High
4148,1972,Graduation,Married,38988.0,1,2,2012-08-20,90,164.0,24.0,103.0,12.0,3.0,42.0,7,5,1,6,8,0,0,0,0,0,0,3,11,0,2012,8,52,42,679,3,5,348.0,19,0,18.31578947368421,13,0.3684210526315789,Store,Wines,Medium
4947,1966,2N Cycle,Single,89572.0,0,0,2012-09-15,44,606.0,24.0,556.0,120.5,81.0,64.0,1,7,7,9,4,0,1,0,1,0,0,3,11,1,2012,9,58,48,653,0,1,1451.5,24,3,60.479166666666664,11,0.041666666666666664,Store,Wines,High
3225,1984,Master,Married,42207.0,1,0,2013-04-01,71,116.0,11.0,72.0,3.0,17.0,46.0,4,4,1,5,6,1,0,0,0,0,0,3,11,1,2013,4,40,30,455,1,3,265.0,14,2,18.928571428571427,10,0.2857142857142857,Store,Wines,Medium
7540,1952,Graduation,Married,50300.0,0,1,2014-05-25,52,143.0,15.0,60.0,24.0,23.0,5.0,2,2,1,8,2,0,0,0,0,0,0,3,11,0,2014,5,72,62,36,1,3,270.0,13,0,20.76923076923077,4,0.15384615384615385,Store,Wines,Medium
10648,1982,2N Cycle,Married,66664.0,0,0,2012-09-25,78,398.0,81.0,447.0,120.5,81.0,32.0,1,5,7,6,3,0,0,0,0,0,0,3,11,0,2012,9,42,32,643,0,2,1159.5,19,0,61.026315789473685,8,0.05263157894736842,Catalog,Meat,Medium
1992,1964,Graduation,Married,60597.0,0,1,2014-01-01,2,522.0,0.0,257.0,32.0,16.0,66.0,4,2,2,8,7,0,0,0,1,0,0,3,11,1,2014,1,60,50,180,1,3,893.0,16,2,55.8125,9,0.25,Store,Wines,Medium
7851,1949,Graduation,Widow,70165.0,0,0,2013-09-22,60,161.0,0.0,253.0,120.5,81.0,122.0,1,3,7,11,1,0,0,0,0,0,0,3,11,0,2013,9,75,65,281,0,1,737.5,22,0,33.52272727272727,4,0.045454545454545456,Store,Meat,High
8594,1958,Phd,Widow,50520.0,0,1,2014-01-28,25,112.0,0.0,6.0,2.0,1.0,14.0,2,3,1,3,6,0,0,0,0,0,0,3,11,0,2014,1,66,56,153,1,2,135.0,9,0,15.0,9,0.2222222222222222,Web,Wines,Low
7059,1963,Graduation,Married,80124.0,0,0,2014-06-26,47,483.0,81.0,398.0,120.5,81.0,126.5,1,3,7,8,1,1,0,0,0,0,0,3,11,0,2014,6,61,51,4,0,2,1290.0,19,1,67.89473684210526,4,0.05263157894736842,Store,Wines,Medium
2815,1975,Graduation,Married,33183.0,1,0,2014-02-24,46,7.0,5.0,39.0,17.0,15.0,37.0,2,4,0,3,7,0,0,0,0,0,0,3,11,0,2014,2,49,39,126,1,3,120.0,9,0,13.333333333333334,11,0.2222222222222222,Web,Meat,Low
2416,1969,Phd,Single,66582.0,0,0,2014-03-03,83,789.0,25.0,420.0,16.0,38.0,0.0,1,2,8,9,1,0,0,0,0,0,0,3,11,0,2014,3,55,45,119,0,1,1288.0,20,0,64.4,3,0.05,Store,Wines,High
7999,1955,Phd,Married,75261.0,0,0,2013-04-23,17,1224.0,17.0,413.0,23.0,34.0,17.0,1,5,6,5,2,0,1,1,0,0,0,3,11,1,2013,4,69,59,433,0,2,1728.0,17,3,101.6470588235294,7,0.058823529411764705,Catalog,Wines,Medium
9213,1970,Graduation,Widow,31880.0,1,0,2012-10-31,13,4.0,1.0,5.0,2.0,0.0,3.0,1,1,0,2,8,0,0,0,0,0,0,3,11,0,2012,10,54,44,607,1,2,15.0,4,0,3.75,9,0.25,Store,Meat,Low
9697,1951,Graduation,Married,53790.0,0,2,2014-03-06,86,335.0,42.0,127.0,28.0,5.0,5.0,3,7,2,8,6,0,0,0,0,0,0,3,11,0,2014,3,73,63,116,2,4,542.0,20,0,27.1,13,0.15,Store,Wines,High
3916,1971,Phd,Married,49269.0,1,0,2012-08-15,92,639.0,8.0,166.0,11.0,8.0,58.0,3,7,3,12,7,0,0,0,0,0,0,3,11,0,2012,8,53,43,684,1,3,890.0,25,0,35.6,14,0.12,Store,Wines,High
2021,1975,Graduation,Married,61456.0,0,1,2013-03-27,47,563.0,76.0,384.0,84.0,81.0,89.0,4,6,10,13,4,0,0,0,0,0,0,3,11,0,2013,3,49,39,460,1,3,1277.0,33,0,38.696969696969695,10,0.12121212121212122,Store,Wines,High
1581,1980,Graduation,Married,37406.0,1,0,2013-10-10,18,2.0,0.0,8.0,2.0,2.0,3.0,1,1,0,2,8,0,0,0,0,0,0,3,11,1,2013,10,44,34,263,1,3,17.0,4,1,4.25,9,0.25,Store,Meat,Low
564,1981,Phd,Married,56937.0,1,0,2012-08-04,81,746.0,8.0,125.0,11.0,8.0,8.0,7,8,6,9,6,0,1,0,0,0,0,3,11,1,2012,8,43,33,695,1,3,906.0,30,2,30.2,14,0.23333333333333334,Store,Wines,High
6619,1978,Graduation,Married,38415.0,1,1,2013-01-02,91,22.0,1.0,13.0,4.0,0.0,4.0,2,1,0,3,7,0,0,0,0,0,0,3,11,0,2013,1,46,36,544,2,4,44.0,6,0,7.333333333333333,8,0.3333333333333333,Store,Wines,Low
9081,1988,Graduation,Single,20518.0,1,0,2014-05-18,58,4.0,1.0,6.0,4.0,1.0,9.0,1,1,1,2,5,0,0,0,0,0,0,3,11,0,2014,5,36,26,43,1,2,25.0,5,0,5.0,6,0.2,Store,Gold,Low
178,1956,Graduation,Married,62503.0,0,1,2013-02-18,40,478.0,0.0,193.0,110.0,75.0,117.0,4,8,3,11,5,0,0,0,0,0,0,3,11,0,2013,2,68,58,497,1,3,973.0,26,0,37.42307692307692,13,0.15384615384615385,Store,Wines,High
916,1972,Phd,Single,41644.0,1,1,2014-05-09,67,20.0,3.0,4.0,2.0,0.0,2.0,2,1,0,3,3,0,0,0,0,0,0,3,11,0,2014,5,52,42,52,2,3,31.0,6,0,5.166666666666667,4,0.3333333333333333,Store,Wines,Low
5512,1977,Master,Married,55842.0,0,1,2014-05-23,19,451.0,0.0,39.0,0.0,4.0,24.0,1,7,1,8,5,0,0,0,0,0,0,3,11,0,2014,5,47,37,38,1,3,518.0,17,0,30.470588235294116,12,0.058823529411764705,Store,Wines,Medium
8970,1972,Phd,Married,62010.0,0,1,2012-10-23,93,371.0,22.0,39.0,6.0,0.0,92.0,4,6,2,7,5,0,0,0,0,0,0,3,11,0,2012,10,52,42,615,1,3,530.0,19,0,27.894736842105264,11,0.21052631578947367,Store,Wines,Medium
10581,1977,Graduation,Married,41124.0,1,0,2012-10-31,41,281.0,7.0,84.0,15.0,0.0,119.0,7,7,3,4,8,0,0,0,0,0,0,3,11,0,2012,10,47,37,607,1,3,506.0,21,0,24.095238095238095,15,0.3333333333333333,Web,Wines,High
5300,1973,Master,Married,38961.0,1,0,2013-12-30,60,19.0,7.0,19.0,0.0,1.0,24.0,1,2,1,2,7,0,0,0,0,0,0,3,11,0,2013,12,51,41,182,1,3,70.0,6,0,11.666666666666666,9,0.16666666666666666,Web,Gold,Low
5154,1972,Master,Divorced,37760.0,1,0,2013-08-11,54,26.0,3.0,13.0,2.0,10.0,0.0,1,2,0,3,6,0,0,0,0,0,0,3,11,0,2013,8,52,42,323,1,2,54.0,6,0,9.0,8,0.16666666666666666,Store,Wines,Low
8346,1974,Graduation,Single,32233.0,1,0,2012-08-19,26,138.0,15.0,35.0,25.0,11.0,72.0,2,6,2,2,9,1,0,0,0,0,0,3,11,1,2012,8,50,40,680,1,2,296.0,12,2,24.666666666666668,15,0.16666666666666666,Web,Wines,Medium
1676,1975,Graduation,Married,43057.0,0,1,2013-10-30,30,213.0,2.0,44.0,0.0,2.0,5.0,4,4,2,5,5,0,0,0,0,0,0,3,11,0,2013,10,49,39,243,1,3,266.0,15,0,17.733333333333334,9,0.26666666666666666,Store,Wines,Medium
9286,1960,Master,Married,83151.0,0,0,2012-10-10,93,407.0,28.0,100.0,120.0,74.0,18.0,1,5,9,4,3,0,0,0,0,0,0,3,11,0,2012,10,64,54,628,0,2,747.0,19,0,39.31578947368421,8,0.05263157894736842,Catalog,Wines,Medium
2426,1964,Phd,Divorced,78825.0,0,0,2012-09-14,35,483.0,74.0,114.0,120.5,37.0,18.0,1,5,10,13,3,0,0,0,0,0,0,3,11,1,2012,9,60,50,654,0,1,846.5,29,1,29.189655172413794,8,0.034482758620689655,Store,Wines,High
5172,1976,Master,Married,65104.0,0,1,2013-11-14,4,738.0,0.0,232.0,13.0,20.0,50.0,2,3,5,7,7,0,0,0,0,0,0,3,11,0,2013,11,48,38,228,1,3,1053.0,17,0,61.94117647058823,10,0.11764705882352941,Store,Wines,Medium
5562,1974,Graduation,Married,60093.0,0,1,2013-06-26,92,502.0,12.0,109.0,16.0,6.0,90.0,2,7,2,10,6,0,0,0,0,0,0,3,11,0,2013,6,50,40,369,1,3,735.0,21,0,35.0,13,0.09523809523809523,Store,Wines,High
3436,1969,Graduation,Married,14045.0,1,0,2014-01-26,24,11.0,0.0,5.0,2.0,1.0,1.0,1,1,0,3,7,0,0,0,0,0,0,3,11,0,2014,1,55,45,155,1,3,20.0,5,0,4.0,8,0.2,Store,Wines,Low
3921,1952,2N Cycle,Widow,28457.0,0,0,2012-10-28,96,24.0,1.0,108.0,29.0,29.0,14.0,1,4,1,4,8,0,0,0,0,0,0,3,11,0,2012,10,72,62,610,0,1,205.0,10,0,20.5,12,0.1,Web,Meat,Medium
3403,1958,Phd,Married,78952.0,0,1,2012-09-24,11,1170.0,19.0,556.0,99.0,76.0,126.5,2,2,5,12,6,0,0,0,0,0,0,3,11,0,2012,9,66,56,644,1,3,2046.5,21,0,97.45238095238095,8,0.09523809523809523,Store,Wines,High
22,1976,Graduation,Divorced,46310.0,1,0,2012-12-03,99,185.0,2.0,88.0,15.0,5.0,14.0,2,6,1,5,8,0,0,0,0,0,0,3,11,0,2012,12,48,38,574,1,2,309.0,14,0,22.071428571428573,14,0.14285714285714285,Web,Wines,Medium
10965,1955,Graduation,Married,76005.0,0,0,2013-02-22,72,983.0,20.0,389.0,120.5,50.0,40.0,1,3,5,13,6,0,0,0,1,0,0,3,11,0,2013,2,69,59,493,0,2,1602.5,22,1,72.8409090909091,9,0.045454545454545456,Store,Wines,High
9426,1964,Master,Single,58308.0,0,1,2013-01-12,77,691.0,0.0,69.0,10.0,0.0,126.5,4,2,6,3,8,0,0,0,0,0,0,3,11,0,2013,1,60,50,534,1,2,896.5,15,0,59.766666666666666,10,0.26666666666666666,Catalog,Wines,Medium
6605,1944,Phd,Divorced,55614.0,0,0,2013-11-27,85,504.0,13.0,131.0,8.0,0.0,26.0,1,9,4,6,7,0,1,0,0,0,0,3,11,0,2013,11,80,70,215,0,1,682.0,20,1,34.1,16,0.05,Web,Wines,High
3136,1962,Master,Divorced,59432.0,0,1,2013-04-13,88,317.0,25.0,265.0,25.0,19.0,12.0,3,5,3,11,5,0,0,0,0,0,0,3,11,0,2013,4,62,52,443,1,2,663.0,22,0,30.136363636363637,10,0.13636363636363635,Store,Wines,High
8737,1978,Graduation,Divorced,55563.0,0,1,2014-04-05,22,29.0,1.0,9.0,2.0,0.0,2.0,1,2,0,3,3,0,0,0,0,0,0,3,11,0,2014,4,46,36,86,1,2,43.0,6,0,7.166666666666667,5,0.16666666666666666,Store,Wines,Low
11088,1971,Phd,Married,78642.0,0,1,2013-04-21,83,1224.0,0.0,322.0,46.0,35.0,17.0,1,4,9,4,6,0,0,0,0,0,0,3,11,0,2013,4,53,43,435,1,3,1644.0,18,0,91.33333333333333,10,0.05555555555555555,Catalog,Wines,Medium
716,1949,Phd,Married,67911.0,0,1,2014-05-22,63,529.0,0.0,356.0,63.0,28.0,0.0,3,6,7,11,3,0,0,0,0,0,0,3,11,0,2014,5,75,65,39,1,3,976.0,27,0,36.148148148148145,9,0.1111111111111111,Store,Wines,High
466,1944,Graduation,Married,65275.0,0,0,2013-04-03,9,388.0,14.0,218.0,91.0,14.0,21.0,1,4,3,13,2,0,0,0,0,0,0,3,11,0,2013,4,80,70,453,0,2,746.0,21,0,35.523809523809526,6,0.047619047619047616,Store,Wines,High
9135,1950,Graduation,Married,27203.0,1,1,2012-08-06,92,13.0,2.0,21.0,4.0,0.0,24.0,2,1,1,2,8,0,0,0,0,0,0,3,11,0,2012,8,74,64,693,2,4,64.0,6,0,10.666666666666666,9,0.3333333333333333,Store,Gold,Low
10623,1961,Master,Married,48330.0,0,1,2013-11-15,2,28.0,0.0,4.0,0.0,0.0,0.0,1,1,0,3,5,0,0,0,0,0,0,3,11,0,2013,11,63,53,227,1,3,32.0,5,0,6.4,6,0.2,Store,Wines,Low
8151,1990,Undergraduate,Married,24279.0,0,0,2012-12-29,6,16.0,36.0,21.0,20.0,62.0,108.0,1,4,1,3,8,0,0,0,0,0,0,3,11,0,2012,12,34,24,548,0,2,263.0,9,0,29.22222222222222,12,0.1111111111111111,Web,Gold,Low
5140,1985,Phd,Married,64355.0,1,0,2012-08-24,66,1047.0,0.0,140.0,67.0,38.0,126.5,2,4,3,12,8,0,0,0,0,0,0,3,11,0,2012,8,39,29,675,1,3,1418.5,21,0,67.54761904761905,12,0.09523809523809523,Store,Wines,High
10160,1956,Master,Married,50943.0,0,1,2013-06-21,49,31.0,0.0,7.0,2.0,0.0,6.0,1,1,0,3,5,0,0,0,0,0,0,3,11,0,2013,6,68,58,374,1,3,46.0,5,0,9.2,6,0.2,Store,Wines,Low
4945,1953,Graduation,Widow,53653.0,0,0,2012-11-07,29,815.0,10.0,239.0,28.0,10.0,108.0,2,10,4,12,6,0,0,0,0,0,0,3,11,0,2012,11,71,61,600,0,1,1210.0,28,0,43.214285714285715,16,0.07142857142857142,Store,Wines,High
10584,1976,Graduation,Married,65665.0,0,1,2013-12-02,77,225.0,81.0,387.0,106.0,36.0,29.0,1,5,10,8,3,0,0,0,0,0,0,3,11,0,2013,12,48,38,210,1,3,864.0,24,0,36.0,8,0.041666666666666664,Catalog,Meat,High
6071,1989,Graduation,Single,81217.0,0,0,2013-07-19,77,493.0,70.0,324.0,120.5,40.0,84.0,1,3,7,11,1,0,0,0,0,0,0,3,11,0,2013,7,35,25,346,0,1,1131.5,22,0,51.43181818181818,4,0.045454545454545456,Store,Wines,High
3386,1992,Graduation,Married,34935.0,0,0,2013-06-21,71,34.0,4.0,66.0,3.0,10.0,20.0,1,2,1,4,7,0,0,0,0,0,0,3,11,0,2013,6,32,22,374,0,2,137.0,8,0,17.125,9,0.125,Store,Meat,Low
8939,1959,Graduation,Divorced,61250.0,0,1,2012-12-16,49,382.0,81.0,65.0,60.0,26.0,59.0,6,5,2,12,5,0,0,0,0,0,0,3,11,0,2012,12,65,55,561,1,2,673.0,25,0,26.92,10,0.24,Store,Wines,High
9925,1981,Phd,Married,39665.0,1,0,2013-05-25,97,127.0,1.0,56.0,0.0,1.0,31.0,3,4,2,3,7,1,0,0,0,0,0,3,11,0,2013,5,43,33,401,1,3,216.0,12,1,18.0,11,0.25,Web,Wines,Medium
4320,1979,Graduation,Single,60152.0,0,1,2013-03-28,6,325.0,81.0,300.0,86.0,58.0,91.0,1,6,4,12,3,0,0,0,0,0,0,3,11,0,2013,3,45,35,459,1,2,941.0,23,0,40.91304347826087,9,0.043478260869565216,Store,Wines,High
5389,1964,Graduation,Married,48920.0,0,2,2013-10-20,93,238.0,17.0,68.0,8.0,10.0,6.0,3,6,2,5,7,0,1,0,0,0,0,3,11,0,2013,10,60,50,253,2,4,347.0,16,1,21.6875,13,0.1875,Web,Wines,Medium
6036,1959,Master,Married,89120.0,0,0,2014-03-17,78,1168.0,81.0,408.0,72.0,81.0,55.0,1,5,6,7,1,0,0,1,0,0,0,3,11,0,2014,3,65,55,105,0,2,1865.0,19,1,98.15789473684211,6,0.05263157894736842,Store,Wines,Medium
182,1946,Phd,Married,44124.0,0,1,2013-05-11,62,284.0,0.0,55.0,0.0,6.0,52.0,4,6,2,5,8,0,0,0,0,0,0,3,11,0,2013,5,78,68,415,1,3,397.0,17,0,23.352941176470587,14,0.23529411764705882,Web,Wines,Medium
203,1975,Master,Single,81169.0,0,0,2013-04-14,47,1224.0,20.0,556.0,80.0,61.0,27.0,1,5,7,9,2,0,0,0,0,0,0,3,11,0,2013,4,49,39,442,0,1,1968.0,22,0,89.45454545454545,7,0.045454545454545456,Store,Wines,High
11025,1961,Graduation,Married,36443.0,1,1,2013-02-03,9,65.0,0.0,46.0,4.0,3.0,20.0,4,3,1,3,8,0,0,0,0,0,0,3,11,0,2013,2,63,53,512,2,4,138.0,11,0,12.545454545454545,11,0.36363636363636365,Web,Wines,Medium
10203,1990,Graduation,Single,26095.0,1,0,2013-06-30,77,11.0,7.0,9.0,3.0,1.0,11.0,1,1,0,3,7,0,0,0,0,0,0,3,11,0,2013,6,34,24,365,1,2,42.0,5,0,8.4,8,0.2,Store,Wines,Low
4607,1959,Graduation,Married,71367.0,0,0,2013-08-23,24,227.0,23.0,389.0,42.0,21.0,75.0,1,4,5,7,2,0,0,0,0,0,0,3,11,0,2013,8,65,55,311,0,2,777.0,17,0,45.705882352941174,6,0.058823529411764705,Store,Meat,Medium
3711,1944,Master,Married,80184.0,0,0,2014-03-01,19,1035.0,81.0,556.0,25.0,38.0,0.0,1,6,3,10,3,0,0,1,1,0,0,3,11,0,2014,3,80,70,121,0,2,1735.0,20,2,86.75,9,0.05,Store,Wines,High
3696,1965,Graduation,Divorced,30630.0,1,1,2014-01-27,67,27.0,1.0,12.0,2.0,0.0,10.0,2,2,0,3,7,0,0,0,0,0,0,3,11,0,2014,1,59,49,154,2,3,52.0,7,0,7.428571428571429,9,0.2857142857142857,Store,Wines,Low
2532,1987,Master,Single,73454.0,0,0,2014-03-01,95,982.0,73.0,351.0,56.0,14.0,126.5,1,2,4,6,5,1,0,0,0,0,0,3,11,0,2014,3,37,27,121,0,1,1602.5,13,1,123.26923076923077,7,0.07692307692307693,Store,Wines,Medium
9214,1991,Graduation,Married,42691.0,0,0,2013-08-16,48,179.0,2.0,64.0,38.0,17.0,58.0,1,5,1,6,5,0,0,0,0,0,0,3,11,0,2013,8,33,23,318,0,2,358.0,13,0,27.53846153846154,10,0.07692307692307693,Store,Wines,Medium
4943,1953,Graduation,Married,70503.0,0,0,2012-09-30,73,1224.0,33.0,216.0,0.0,33.0,66.0,1,2,4,9,6,0,1,1,0,0,0,3,11,0,2012,9,71,61,638,0,2,1572.0,16,2,98.25,8,0.0625,Store,Wines,Medium
35,1987,Graduation,Married,25545.0,1,0,2012-09-08,35,32.0,1.0,64.0,16.0,12.0,85.0,3,2,2,3,6,0,0,0,0,0,0,3,11,1,2012,9,37,27,660,1,3,210.0,10,1,21.0,8,0.3,Store,Gold,Medium
2258,1986,Graduation,Married,32880.0,1,0,2012-12-04,76,8.0,4.0,15.0,7.0,6.0,2.0,1,1,0,3,8,0,0,0,0,0,0,3,11,0,2012,12,38,28,573,1,3,42.0,5,0,8.4,9,0.2,Store,Meat,Low
4322,1958,Phd,Married,77863.0,0,0,2013-11-27,20,881.0,38.0,319.0,16.0,25.0,12.0,1,4,5,10,2,0,0,0,0,0,0,3,11,0,2013,11,66,56,215,0,2,1291.0,20,0,64.55,6,0.05,Store,Wines,High
713,1977,Master,Married,50353.0,0,0,2014-06-08,72,141.0,15.0,153.0,67.0,31.0,35.0,1,4,4,6,3,0,0,0,0,0,0,3,11,0,2014,6,47,37,22,0,2,442.0,15,0,29.466666666666665,7,0.06666666666666667,Store,Meat,Medium
4702,1964,Graduation,Single,61839.0,0,0,2012-08-12,20,1000.0,81.0,379.0,120.5,17.0,120.0,1,4,8,4,8,0,0,0,0,0,0,3,11,0,2012,8,60,50,687,0,1,1717.5,17,0,101.02941176470588,12,0.058823529411764705,Catalog,Wines,Medium
3281,1960,Phd,Married,49154.0,1,1,2013-11-03,69,206.0,10.0,67.0,30.0,27.0,71.0,6,4,1,8,6,0,0,0,0,0,0,3,11,0,2013,11,64,54,239,2,4,411.0,19,0,21.63157894736842,10,0.3157894736842105,Store,Wines,Medium
702,1975,2N Cycle,Widow,47682.0,0,1,2013-02-15,80,162.0,61.0,83.0,97.0,57.0,61.0,4,4,3,8,5,0,0,0,0,0,0,3,11,0,2013,2,49,39,500,1,2,521.0,19,0,27.42105263157895,9,0.21052631578947367,Store,Wines,Medium
2004,1969,Graduation,Single,72679.0,0,1,2013-09-18,65,619.0,54.0,260.0,120.5,54.0,54.0,1,4,7,5,1,0,0,0,0,0,0,3,11,0,2013,9,55,45,285,1,2,1161.5,17,0,68.32352941176471,5,0.058823529411764705,Catalog,Wines,Medium
4769,1977,Master,Married,57954.0,1,1,2014-06-18,52,456.0,4.0,24.0,0.0,0.0,9.0,7,8,2,6,7,0,1,0,0,0,0,3,11,0,2014,6,47,37,12,2,4,493.0,23,1,21.434782608695652,15,0.30434782608695654,Web,Wines,High
4437,1962,Graduation,Married,65316.0,1,1,2013-04-24,65,112.0,6.0,92.0,3.0,9.0,38.0,2,3,2,5,4,0,0,0,0,0,0,3,11,0,2013,4,62,52,432,2,4,260.0,12,0,21.666666666666668,7,0.16666666666666666,Store,Wines,Medium
8724,1982,Graduation,Single,28567.0,1,0,2013-06-17,57,11.0,3.0,22.0,2.0,2.0,6.0,2,2,0,3,6,0,0,0,0,0,0,3,11,0,2013,6,42,32,378,1,2,46.0,7,0,6.571428571428571,8,0.2857142857142857,Store,Meat,Low
10741,1951,Master,Married,47352.0,0,1,2013-04-11,70,172.0,12.0,112.0,8.0,0.0,15.0,4,6,1,5,7,0,0,0,0,0,0,3,11,0,2013,4,73,63,445,1,3,319.0,16,0,19.9375,13,0.25,Web,Wines,Medium
1991,1967,Graduation,Married,44931.0,0,1,2014-01-18,0,78.0,0.0,11.0,0.0,0.0,7.0,1,2,1,3,5,0,0,0,0,0,0,3,11,0,2014,1,57,47,163,1,3,96.0,7,0,13.714285714285714,7,0.14285714285714285,Store,Wines,Low
6931,1967,Graduation,Divorced,76982.0,0,0,2014-02-15,19,464.0,81.0,292.0,65.0,60.0,30.0,1,8,3,4,4,0,0,1,0,0,0,3,11,1,2014,2,57,47,135,0,1,992.0,16,2,62.0,12,0.0625,Web,Wines,Medium
11096,1952,2N Cycle,Married,57247.0,0,1,2013-08-08,50,99.0,4.0,32.0,37.0,54.0,6.0,2,2,1,7,2,0,0,0,0,0,0,3,11,0,2013,8,72,62,326,1,3,232.0,12,0,19.333333333333332,4,0.16666666666666666,Store,Wines,Medium
304,1981,Master,Single,22944.0,1,0,2013-12-23,67,19.0,3.0,19.0,4.0,5.0,26.0,3,3,0,3,7,0,0,0,0,0,0,3,11,0,2013,12,43,33,189,1,2,76.0,9,0,8.444444444444445,10,0.3333333333333333,Web,Gold,Low
3665,1977,2N Cycle,Married,25315.0,1,0,2013-11-07,46,1.0,9.0,8.0,11.0,3.0,22.0,3,3,0,3,8,0,0,0,0,0,0,3,11,0,2013,11,47,37,235,1,3,54.0,9,0,6.0,11,0.3333333333333333,Web,Gold,Low
10591,1969,Graduation,Widow,43638.0,0,1,2012-08-06,37,63.0,10.0,83.0,7.0,19.0,19.0,2,4,1,4,7,0,0,0,0,0,0,3,11,0,2012,8,55,45,693,1,2,201.0,11,0,18.272727272727273,11,0.18181818181818182,Web,Meat,Medium
5036,1984,Phd,Single,42710.0,1,0,2012-11-28,38,252.0,3.0,42.0,4.0,3.0,102.0,2,4,5,3,6,0,0,0,0,0,0,3,11,0,2012,11,40,30,579,1,2,406.0,14,0,29.0,10,0.14285714285714285,Catalog,Wines,Medium
5547,1982,Phd,Married,84169.0,0,0,2013-08-07,9,1224.0,19.0,403.0,0.0,19.0,0.0,1,7,6,6,3,0,1,1,0,0,0,3,11,1,2013,8,42,32,327,0,2,1665.0,20,3,83.25,10,0.05,Web,Wines,High
7822,1976,Graduation,Married,54058.0,0,1,2013-06-04,56,198.0,18.0,252.0,32.0,81.0,54.0,2,4,6,8,3,0,0,0,0,0,0,3,11,0,2013,6,48,38,391,1,3,635.0,20,0,31.75,7,0.1,Store,Meat,High
8541,1990,2N Cycle,Married,24683.0,1,0,2014-03-08,98,8.0,4.0,10.0,6.0,7.0,6.0,2,2,0,4,5,0,0,0,0,0,0,3,11,0,2014,3,34,24,114,1,3,41.0,8,0,5.125,7,0.25,Store,Meat,Low
10955,1964,Graduation,Widow,85620.0,0,0,2014-01-07,68,416.0,46.0,556.0,60.0,81.0,46.0,1,3,6,4,1,0,0,0,0,0,0,3,11,1,2014,1,60,50,174,0,1,1205.0,14,1,86.07142857142857,4,0.07142857142857142,Catalog,Meat,Medium
4368,1980,Graduation,Married,47850.0,1,0,2013-12-03,72,42.0,7.0,43.0,20.0,12.0,10.0,1,3,0,4,6,0,0,0,0,0,0,3,11,0,2013,12,44,34,209,1,3,134.0,8,0,16.75,9,0.125,Store,Meat,Low
9671,1968,Graduation,Married,19514.0,1,1,2014-01-26,47,14.0,3.0,21.0,2.0,1.0,28.0,4,3,1,2,8,1,0,0,0,0,0,3,11,1,2014,1,56,46,155,2,4,69.0,10,2,6.9,11,0.4,Web,Gold,Medium
2256,1973,Master,Married,27159.0,1,1,2014-03-29,33,17.0,0.0,3.0,0.0,0.0,1.0,2,1,0,3,6,0,0,0,0,0,0,3,11,0,2014,3,51,41,93,2,4,21.0,6,0,3.5,7,0.3333333333333333,Store,Wines,Low
4279,1963,2N Cycle,Single,39548.0,1,1,2014-03-31,87,15.0,4.0,10.0,3.0,4.0,18.0,2,1,1,3,3,0,0,0,0,0,0,3,11,0,2014,3,61,51,91,2,3,54.0,7,0,7.714285714285714,4,0.2857142857142857,Store,Gold,Low
5371,1989,Graduation,Single,21474.0,1,0,2014-04-08,0,6.0,16.0,24.0,11.0,0.0,34.0,2,3,1,2,7,1,0,0,0,0,0,3,11,1,2014,4,35,25,83,1,2,91.0,8,2,11.375,10,0.25,Web,Gold,Low
9240,1971,Phd,Single,60504.0,0,1,2014-02-07,73,458.0,0.0,24.0,6.0,4.0,34.0,2,6,2,8,6,0,0,0,0,0,0,3,11,0,2014,2,53,43,143,1,2,526.0,18,0,29.22222222222222,12,0.1111111111111111,Store,Wines,Medium
9460,1963,Graduation,Married,22419.0,0,0,2013-04-18,74,30.0,3.0,47.0,19.0,21.0,42.0,1,3,2,2,8,0,0,0,0,0,0,3,11,0,2013,4,61,51,438,0,2,162.0,8,0,20.25,11,0.125,Web,Meat,Low
9504,1949,Master,Married,81698.0,0,0,2013-11-06,4,179.0,28.0,520.0,111.0,81.0,47.0,1,3,8,13,1,0,0,0,0,0,0,3,11,1,2013,11,75,65,236,0,2,966.0,25,1,38.64,4,0.04,Store,Meat,High
8692,1952,Graduation,Married,43462.0,1,1,2012-09-12,50,90.0,17.0,97.0,15.0,6.0,15.0,6,4,1,5,8,0,0,0,0,0,0,3,11,0,2012,9,72,62,656,2,4,240.0,16,0,15.0,12,0.375,Store,Meat,Medium
448,1978,Phd,Single,54880.0,1,0,2013-03-01,57,308.0,81.0,137.0,102.0,45.0,118.0,2,6,2,11,5,0,0,0,0,0,0,3,11,0,2013,3,46,36,486,1,2,791.0,21,0,37.666666666666664,11,0.09523809523809523,Store,Wines,High
8314,1982,Graduation,Married,79908.0,0,0,2013-04-05,30,557.0,81.0,556.0,29.0,81.0,111.0,1,5,6,7,2,0,0,1,0,0,0,3,11,0,2013,4,42,32,451,0,2,1415.0,19,1,74.47368421052632,7,0.05263157894736842,Store,Wines,Medium
8420,1970,2N Cycle,Married,15315.0,0,0,2013-08-03,27,7.0,4.0,13.0,15.0,8.0,17.0,2,2,0,4,5,0,0,0,0,0,0,3,11,0,2013,8,54,44,331,0,2,64.0,8,0,8.0,7,0.25,Store,Gold,Low
3174,1959,Graduation,Married,87771.0,0,1,2013-05-22,61,1224.0,38.0,287.0,50.0,57.0,33.0,1,5,10,4,6,0,1,1,1,1,0,3,11,1,2013,5,65,55,404,1,3,1689.0,20,5,84.45,11,0.05,Catalog,Wines,High
7685,1978,Graduation,Married,33039.0,1,0,2013-09-09,4,30.0,8.0,12.0,8.0,8.0,12.0,1,2,0,4,5,0,0,0,0,0,0,3,11,0,2013,9,46,36,294,1,3,78.0,7,0,11.142857142857142,7,0.14285714285714285,Store,Wines,Low
3179,1980,Graduation,Single,81741.0,0,0,2013-06-16,75,249.0,81.0,556.0,58.0,81.0,38.0,0,6,6,7,2,0,0,0,0,0,0,3,11,0,2013,6,44,34,379,0,1,1063.0,19,0,55.94736842105263,8,0.0,Store,Meat,Medium
9780,1971,Master,Married,71499.0,0,1,2013-06-25,12,465.0,25.0,132.0,120.5,0.0,37.0,2,8,3,13,4,0,0,0,0,0,0,3,11,0,2013,6,53,43,370,1,3,779.5,26,0,29.98076923076923,12,0.07692307692307693,Store,Wines,High
10681,1970,2N Cycle,Married,62466.0,0,1,2014-01-15,13,129.0,81.0,259.0,120.5,81.0,83.0,5,6,3,12,4,0,0,0,0,0,0,3,11,0,2014,1,54,44,166,1,3,753.5,26,0,28.98076923076923,10,0.19230769230769232,Store,Meat,High
10232,1963,Phd,Divorced,48799.0,0,1,2013-11-05,9,174.0,18.0,81.0,28.0,6.0,24.0,3,3,2,7,3,0,0,0,0,0,0,3,11,0,2013,11,61,51,237,1,2,331.0,15,0,22.066666666666666,6,0.2,Store,Wines,Medium
4184,1950,Phd,Married,52157.0,0,1,2014-06-07,48,189.0,2.0,29.0,3.0,2.0,40.0,2,3,2,5,4,0,0,0,0,0,0,3,11,0,2014,6,74,64,23,1,3,265.0,12,0,22.083333333333332,7,0.16666666666666666,Store,Wines,Medium
9120,1962,Graduation,Single,66565.0,0,1,2012-12-05,80,747.0,10.0,161.0,65.0,40.0,42.0,4,4,2,9,8,0,0,0,0,0,0,3,11,0,2012,12,62,52,572,1,2,1065.0,19,0,56.05263157894737,12,0.21052631578947367,Store,Wines,Medium
891,1951,Master,Married,29298.0,1,1,2013-09-07,60,6.0,0.0,2.0,2.0,0.0,1.0,1,1,0,2,5,0,0,0,0,0,0,3,11,0,2013,9,73,63,296,2,4,11.0,4,0,2.75,6,0.25,Store,Wines,Low
10381,1979,Graduation,Single,47691.0,0,1,2013-07-05,43,14.0,0.0,3.0,0.0,0.0,4.0,1,1,0,2,6,0,0,0,0,0,0,3,11,0,2013,7,45,35,360,1,2,21.0,4,0,5.25,7,0.25,Store,Wines,Low
3525,1970,Graduation,Married,38200.0,1,1,2012-12-07,19,12.0,0.0,4.0,0.0,0.0,1.0,1,1,0,2,7,0,0,0,0,0,0,3,11,0,2012,12,54,44,570,2,4,17.0,4,0,4.25,8,0.25,Store,Wines,Low
6818,1974,Graduation,Married,44989.0,0,1,2012-09-12,26,98.0,0.0,106.0,49.0,10.0,106.0,5,5,1,5,6,0,0,0,0,0,0,3,11,0,2012,9,50,40,656,1,3,369.0,16,0,23.0625,11,0.3125,Web,Meat,Medium
3526,1968,Phd,Married,38443.0,1,1,2014-01-27,58,32.0,0.0,5.0,0.0,0.0,1.0,2,1,0,3,7,0,0,0,0,0,0,3,11,0,2014,1,56,46,154,2,4,38.0,6,0,6.333333333333333,8,0.3333333333333333,Store,Wines,Low
8181,1978,2N Cycle,Single,38593.0,1,0,2013-09-13,42,51.0,12.0,49.0,17.0,24.0,24.0,3,4,1,3,8,0,0,0,0,0,0,3,11,0,2013,9,46,36,290,1,2,177.0,11,0,16.09090909090909,12,0.2727272727272727,Web,Wines,Medium
1029,1970,Phd,Married,64413.0,0,1,2013-08-01,27,200.0,5.0,44.0,0.0,10.0,20.0,1,5,1,5,5,0,0,0,0,0,0,3,11,0,2013,8,54,44,333,1,3,279.0,12,0,23.25,10,0.08333333333333333,Web,Wines,Medium
7369,1981,Master,Married,36959.0,1,0,2013-10-02,56,25.0,6.0,25.0,6.0,0.0,0.0,2,2,0,3,8,0,0,0,0,0,0,3,11,0,2013,10,43,33,271,1,3,62.0,7,0,8.857142857142858,10,0.2857142857142857,Store,Wines,Low
2574,1977,Phd,Married,61996.0,0,1,2013-01-31,27,1050.0,12.0,144.0,0.0,0.0,24.0,3,6,4,8,5,0,1,0,1,1,0,3,11,1,2013,1,47,37,515,1,3,1230.0,21,4,58.57142857142857,11,0.14285714285714285,Store,Wines,High
8159,1968,Graduation,Married,51287.0,1,1,2014-04-01,10,117.0,0.0,22.0,13.0,0.0,30.0,3,4,1,3,7,0,0,0,0,0,0,3,11,0,2014,4,56,46,90,2,4,182.0,11,0,16.545454545454547,11,0.2727272727272727,Web,Wines,Medium
1160,1970,Graduation,Married,13260.0,1,1,2013-08-23,48,9.0,4.0,17.0,10.0,2.0,7.0,4,3,0,3,8,0,0,0,0,0,0,3,11,0,2013,8,54,44,311,2,4,49.0,10,0,4.9,11,0.4,Web,Meat,Medium
10242,1966,Phd,Married,47472.0,1,1,2013-09-16,39,56.0,0.0,11.0,0.0,0.0,8.0,2,2,0,4,5,0,0,0,0,0,0,3,11,0,2013,9,58,48,287,2,4,75.0,8,0,9.375,7,0.25,Store,Wines,Low
5253,1956,Master,Married,54603.0,1,1,2013-07-09,85,145.0,13.0,46.0,17.0,2.0,4.0,6,4,2,4,7,0,0,0,0,0,0,3,11,0,2013,7,68,58,356,2,4,227.0,16,0,14.1875,11,0.375,Web,Wines,Medium
5966,1974,Phd,Married,45207.0,1,1,2012-11-10,64,203.0,0.0,10.0,0.0,0.0,2.0,5,3,1,6,6,0,1,0,0,0,0,3,11,0,2012,11,50,40,597,2,4,215.0,15,1,14.333333333333334,9,0.3333333333333333,Store,Wines,Medium
5314,1951,Graduation,Married,40689.0,0,1,2013-03-18,69,270.0,3.0,27.0,39.0,6.0,99.0,7,7,1,5,8,0,0,0,0,0,0,3,11,0,2013,3,73,63,469,1,3,444.0,20,0,22.2,15,0.35,Web,Wines,High
5081,1967,2N Cycle,Married,47821.0,1,1,2013-10-20,54,9.0,0.0,16.0,6.0,6.0,10.0,1,1,0,3,8,0,0,0,0,0,0,3,11,0,2013,10,57,47,253,2,4,47.0,5,0,9.4,9,0.2,Store,Meat,Low
5123,1951,Master,Married,27450.0,0,0,2013-04-15,57,37.0,12.0,23.0,8.0,11.0,52.0,1,2,1,3,7,0,0,0,0,0,0,3,11,0,2013,4,73,63,441,0,2,143.0,7,0,20.428571428571427,9,0.14285714285714285,Store,Gold,Low
5756,1983,Graduation,Married,39453.0,1,0,2014-04-03,64,46.0,0.0,7.0,0.0,0.0,2.0,2,2,0,3,6,0,0,0,0,0,0,3,11,0,2014,4,41,31,88,1,3,55.0,7,0,7.857142857142857,8,0.2857142857142857,Store,Wines,Low
8036,1971,2N Cycle,Married,26850.0,1,1,2014-04-18,10,31.0,1.0,13.0,7.0,2.0,9.0,4,2,1,4,4,0,0,0,0,0,0,3,11,0,2014,4,53,43,73,2,4,63.0,11,0,5.7272727272727275,6,0.36363636363636365,Store,Wines,Medium
9058,1955,Graduation,Widow,79800.0,0,0,2012-09-23,65,1060.0,21.0,530.0,32.0,0.0,126.5,1,5,11,5,3,1,0,1,1,0,0,3,11,1,2012,9,69,59,645,0,1,1769.5,22,4,80.43181818181819,8,0.045454545454545456,Catalog,Wines,High
5057,1961,Master,Married,61794.0,0,1,2013-09-14,74,264.0,47.0,188.0,54.0,47.0,11.0,2,4,4,10,2,0,0,0,0,0,0,3,11,0,2013,9,63,53,289,1,3,611.0,20,0,30.55,6,0.1,Store,Wines,High
254,1955,Graduation,Married,53863.0,0,1,2014-05-17,4,399.0,4.0,30.0,6.0,4.0,30.0,3,7,1,7,7,0,1,0,0,0,0,3,11,0,2014,5,69,59,44,1,3,473.0,18,1,26.27777777777778,14,0.16666666666666666,Web,Wines,Medium
4179,1959,Graduation,Married,24221.0,0,0,2013-08-20,94,8.0,9.0,9.0,2.0,5.0,22.0,1,1,1,3,4,0,0,0,0,0,0,3,11,0,2013,8,65,55,314,0,2,55.0,6,0,9.166666666666666,5,0.16666666666666666,Store,Gold,Low
3710,1984,Phd,Single,39684.0,1,0,2012-10-12,41,19.0,0.0,35.0,6.0,4.0,17.0,2,2,1,2,7,0,0,0,0,0,1,3,11,1,2012,10,40,30,626,1,2,81.0,7,1,11.571428571428571,9,0.2857142857142857,Web,Meat,Low
7627,1975,Master,Married,92163.0,0,0,2012-12-12,25,817.0,81.0,556.0,106.0,81.0,20.0,0,5,11,5,2,0,0,1,1,0,0,3,11,1,2012,12,49,39,565,0,2,1661.0,21,3,79.0952380952381,7,0.0,Catalog,Wines,High
4501,1965,Master,Single,69882.0,0,0,2013-11-10,94,292.0,81.0,556.0,120.5,81.0,126.5,1,3,7,9,1,0,0,0,0,0,0,3,11,0,2013,11,59,49,232,0,1,1257.0,20,0,62.85,4,0.05,Store,Meat,High
6424,1977,Graduation,Married,33178.0,1,0,2014-01-30,9,12.0,6.0,2.0,11.0,2.0,16.0,1,1,0,3,4,0,0,0,0,0,0,3,11,0,2014,1,47,37,151,1,3,49.0,5,0,9.8,5,0.2,Store,Gold,Low
3075,1972,Phd,Married,59973.0,0,0,2013-09-11,47,130.0,30.0,168.0,20.0,34.0,0.0,1,3,4,7,1,0,0,0,0,0,0,3,11,0,2013,9,52,42,292,0,2,382.0,15,0,25.466666666666665,4,0.06666666666666667,Store,Meat,Medium
4992,1975,Master,Married,17459.0,1,0,2013-09-19,12,6.0,4.0,16.0,3.0,10.0,30.0,3,3,1,2,7,0,0,0,0,0,0,3,11,1,2013,9,49,39,284,1,3,69.0,9,1,7.666666666666667,10,0.3333333333333333,Web,Gold,Low
5252,1969,Graduation,Divorced,23910.0,1,0,2012-10-26,80,16.0,12.0,18.0,7.0,1.0,13.0,1,2,0,3,7,0,0,0,0,0,0,3,11,0,2012,10,55,45,612,1,2,67.0,6,0,11.166666666666666,9,0.16666666666666666,Store,Meat,Low
7444,1969,Master,Married,42169.0,1,1,2013-10-19,20,19.0,0.0,9.0,0.0,0.0,2.0,2,1,0,3,8,0,0,0,0,0,0,3,11,0,2013,10,55,45,254,2,4,30.0,6,0,5.0,9,0.3333333333333333,Store,Wines,Low
6919,1978,2N Cycle,Married,26224.0,1,0,2013-06-04,39,4.0,7.0,15.0,13.0,9.0,15.0,3,2,1,3,6,0,0,0,0,0,0,3,11,0,2013,6,46,36,391,1,3,63.0,9,0,7.0,8,0.3333333333333333,Store,Meat,Low
3537,1981,Graduation,Married,31089.0,1,0,2012-08-17,57,31.0,3.0,31.0,2.0,8.0,4.0,3,3,0,4,8,0,0,0,0,0,0,3,11,0,2012,8,43,33,682,1,3,79.0,10,0,7.9,11,0.3,Store,Wines,Medium
10277,1961,Graduation,Single,30081.0,0,1,2013-02-21,27,36.0,0.0,2.0,0.0,0.0,4.0,1,1,0,3,7,0,0,0,0,0,0,3,11,0,2013,2,63,53,494,1,2,42.0,5,0,8.4,8,0.2,Store,Wines,Low
2453,1960,Graduation,Married,62807.0,0,1,2012-08-31,83,526.0,28.0,135.0,10.0,21.0,99.0,3,5,3,12,5,0,0,0,0,0,0,3,11,0,2012,8,64,54,668,1,3,819.0,23,0,35.608695652173914,10,0.13043478260869565,Store,Wines,High
7972,1955,Graduation,Single,72906.0,0,0,2013-09-17,79,400.0,32.0,519.0,71.0,75.0,54.0,1,3,4,9,1,0,0,0,0,0,0,3,11,0,2013,9,69,59,286,0,1,1151.0,17,0,67.70588235294117,4,0.058823529411764705,Store,Meat,Medium
895,1948,Phd,Married,61467.0,0,2,2012-12-09,69,410.0,16.0,114.0,0.0,5.0,49.0,3,5,2,10,5,0,0,0,0,0,0,3,11,0,2012,12,76,66,568,2,4,594.0,20,0,29.7,10,0.15,Store,Wines,High
1177,1966,Master,Married,49618.0,1,1,2013-01-26,77,80.0,3.0,26.0,4.0,2.0,14.0,4,3,1,3,7,0,0,0,0,0,0,3,11,0,2013,1,58,48,520,2,4,129.0,11,0,11.727272727272727,10,0.36363636363636365,Web,Wines,Medium
7141,1986,Master,Single,21888.0,1,0,2012-12-29,15,88.0,10.0,46.0,2.0,3.0,64.0,4,5,1,2,10,0,0,0,0,0,0,3,11,1,2012,12,38,28,548,1,2,213.0,12,1,17.75,15,0.3333333333333333,Web,Wines,Medium
7232,1973,Graduation,Widow,42429.0,0,1,2014-02-11,99,55.0,0.0,6.0,2.0,0.0,4.0,2,1,1,3,5,0,0,0,0,0,0,3,11,0,2014,2,51,41,139,1,2,67.0,7,0,9.571428571428571,6,0.2857142857142857,Store,Wines,Low
8477,1956,Graduation,Divorced,26150.0,2,1,2013-03-11,61,5.0,1.0,13.0,3.0,5.0,1.0,1,1,0,3,7,0,0,0,0,0,0,3,11,0,2013,3,68,58,476,3,4,28.0,5,0,5.6,8,0.2,Store,Meat,Low
2457,1975,Undergraduate,Married,30801.0,0,1,2012-10-26,23,8.0,4.0,5.0,15.0,2.0,11.0,2,1,0,3,7,0,0,0,0,0,0,3,11,0,2012,10,49,39,612,1,3,45.0,6,0,7.5,8,0.3333333333333333,Store,Fish,Low
988,1965,Graduation,Married,81168.0,0,0,2014-05-07,84,410.0,0.0,556.0,120.5,22.0,22.0,1,6,4,7,3,0,0,0,1,0,0,3,11,0,2014,5,59,49,54,0,2,1130.5,18,1,62.80555555555556,9,0.05555555555555555,Store,Meat,Medium
7930,1969,Master,Single,26877.0,0,0,2013-08-19,74,101.0,13.0,76.0,20.0,18.0,40.0,2,3,1,6,6,0,0,0,0,0,0,3,11,0,2013,8,55,45,315,0,1,268.0,12,0,22.333333333333332,9,0.16666666666666666,Store,Wines,Medium
4587,1944,Master,Widow,45006.0,0,0,2013-07-18,90,162.0,25.0,53.0,16.0,0.0,10.0,1,3,1,7,3,0,0,0,0,0,0,3,11,0,2013,7,80,70,347,0,1,266.0,12,0,22.166666666666668,6,0.08333333333333333,Store,Wines,Medium
6682,1973,Undergraduate,Married,18978.0,1,0,2012-12-11,41,2.0,8.0,1.0,4.0,7.0,15.0,1,1,0,3,8,0,0,0,0,0,0,3,11,0,2012,12,51,41,566,1,3,37.0,5,0,7.4,9,0.2,Store,Gold,Low
6222,1967,Graduation,Married,22574.0,2,1,2013-10-28,28,25.0,0.0,8.0,2.0,0.0,2.0,2,2,0,3,7,0,0,0,0,0,0,3,11,0,2013,10,57,47,245,3,5,37.0,7,0,5.285714285714286,9,0.2857142857142857,Store,Wines,Low
10299,1969,Phd,Single,48240.0,0,0,2012-11-09,73,389.0,81.0,248.0,64.0,49.0,41.0,3,6,3,13,5,0,0,0,0,0,0,3,11,1,2012,11,55,45,598,0,1,872.0,25,1,34.88,11,0.12,Store,Wines,High
3083,1974,Graduation,Married,45837.0,1,1,2013-07-26,88,215.0,13.0,87.0,17.0,17.0,24.0,5,6,2,5,7,0,0,0,0,0,0,3,11,0,2013,7,50,40,339,2,4,373.0,18,0,20.72222222222222,13,0.2777777777777778,Web,Wines,Medium
8953,1965,Master,Single,35791.0,2,1,2013-05-06,94,27.0,0.0,5.0,0.0,0.0,3.0,2,1,0,3,8,0,0,0,0,0,0,3,11,0,2013,5,59,49,420,3,4,35.0,6,0,5.833333333333333,9,0.3333333333333333,Store,Wines,Low
1503,1976,Phd,Married,117418.0,1,1,2013-06-03,31,85.0,1.0,16.0,2.0,1.0,2.0,0,0,0,1,1,0,0,0,0,0,0,3,11,0,2013,6,48,38,392,2,4,107.0,1,0,107.0,1,0.0,Store,Wines,Low
8650,1978,Graduation,Widow,54162.0,1,1,2013-03-18,31,5.0,6.0,10.0,6.0,5.0,10.0,1,1,0,3,4,0,0,0,0,0,0,3,11,0,2013,3,46,36,469,2,3,42.0,5,0,8.4,5,0.2,Store,Meat,Low
10862,1960,Master,Married,30522.0,0,1,2012-08-17,6,179.0,8.0,83.0,19.0,11.0,26.0,5,1,2,9,2,0,0,0,0,0,0,3,11,0,2012,8,64,54,682,1,3,326.0,17,0,19.176470588235293,3,0.29411764705882354,Store,Wines,Medium
2782,1961,Phd,Married,54456.0,0,1,2013-07-11,23,352.0,0.0,27.0,10.0,0.0,15.0,3,6,1,7,6,0,0,0,0,0,0,3,11,0,2013,7,63,53,354,1,3,404.0,17,0,23.764705882352942,12,0.17647058823529413,Store,Wines,Medium
6941,1971,Graduation,Single,31632.0,0,0,2013-07-14,92,17.0,8.0,12.0,11.0,15.0,32.0,1,2,1,2,7,0,0,0,0,0,0,3,11,0,2013,7,53,43,351,0,1,95.0,6,0,15.833333333333334,9,0.16666666666666666,Web,Gold,Low
10972,1949,Graduation,Widow,72298.0,0,0,2014-03-10,52,625.0,35.0,169.0,58.0,17.0,35.0,1,4,3,6,1,0,1,1,0,0,0,3,11,0,2014,3,75,65,112,0,1,939.0,14,2,67.07142857142857,5,0.07142857142857142,Store,Wines,Medium
10708,1978,2N Cycle,Single,36975.0,1,0,2013-12-28,50,10.0,6.0,11.0,0.0,4.0,2.0,1,1,0,3,7,0,0,0,0,0,0,3,11,0,2013,12,46,36,184,1,2,33.0,5,0,6.6,8,0.2,Store,Meat,Low
6583,1955,2N Cycle,Married,72635.0,0,0,2013-06-03,54,390.0,22.0,323.0,104.0,35.0,107.0,1,6,8,6,3,0,0,0,1,0,0,3,11,0,2013,6,69,59,392,0,2,981.0,21,1,46.714285714285715,9,0.047619047619047616,Catalog,Wines,High
3641,1976,Graduation,Married,13624.0,1,0,2013-01-20,93,10.0,2.0,15.0,2.0,1.0,6.0,2,2,0,3,6,0,0,0,0,0,0,3,11,0,2013,1,48,38,526,1,3,36.0,7,0,5.142857142857143,8,0.2857142857142857,Store,Meat,Low
10156,1975,Graduation,Single,84196.0,0,1,2013-06-03,56,215.0,63.0,507.0,120.5,31.0,126.5,1,8,4,7,3,0,0,0,0,0,0,3,11,0,2013,6,49,39,392,1,2,1063.0,20,0,53.15,11,0.05,Web,Meat,High
4299,1960,Graduation,Married,70971.0,0,1,2012-09-21,28,1001.0,17.0,556.0,93.0,81.0,17.0,7,11,11,5,7,0,0,0,0,0,0,3,11,1,2012,9,64,54,647,1,3,1765.0,34,1,51.911764705882355,18,0.20588235294117646,Web,Wines,High
3469,1977,Phd,Divorced,34487.0,1,1,2012-09-06,94,19.0,18.0,33.0,24.0,1.0,8.0,3,3,0,3,9,0,0,0,0,0,0,3,11,0,2012,9,47,37,662,2,3,103.0,9,0,11.444444444444445,12,0.3333333333333333,Web,Meat,Low
5063,1977,Graduation,Single,28769.0,1,0,2012-12-18,76,41.0,5.0,129.0,10.0,3.0,3.0,3,4,1,4,9,0,0,0,0,0,0,3,11,0,2012,12,47,37,559,1,2,191.0,12,0,15.916666666666666,13,0.25,Web,Meat,Medium
10727,1970,Phd,Married,69084.0,1,0,2013-11-19,43,1181.0,81.0,199.0,39.0,30.0,30.0,2,7,3,13,8,0,0,0,0,0,0,3,11,0,2013,11,54,44,223,1,3,1560.0,25,0,62.4,15,0.08,Store,Wines,High
9624,1958,Phd,Married,65488.0,0,0,2014-06-13,46,603.0,45.0,207.0,36.0,18.0,54.0,1,3,4,6,1,0,0,0,0,0,0,3,11,0,2014,6,66,56,17,0,2,963.0,14,0,68.78571428571429,4,0.07142857142857142,Store,Wines,Medium
5156,1970,2N Cycle,Married,62466.0,0,1,2014-01-15,13,129.0,81.0,259.0,120.5,81.0,83.0,5,6,3,12,4,0,0,0,0,0,0,3,11,0,2014,1,54,44,166,1,3,753.5,26,0,28.98076923076923,10,0.19230769230769232,Store,Meat,High
4376,1960,2N Cycle,Single,32218.0,0,0,2014-02-15,27,10.0,24.0,15.0,13.0,1.0,30.0,1,2,1,3,7,1,0,0,0,0,0,3,11,1,2014,2,64,54,135,0,1,93.0,7,2,13.285714285714286,9,0.14285714285714285,Store,Gold,Low
8923,1973,Graduation,Single,83917.0,0,0,2013-04-18,12,514.0,22.0,556.0,42.0,81.0,79.0,1,6,7,7,3,0,0,0,0,0,0,3,11,1,2013,4,51,41,438,0,1,1294.0,21,1,61.61904761904762,9,0.047619047619047616,Catalog,Meat,High
8461,1962,Graduation,Divorced,46102.0,2,1,2014-03-10,3,14.0,0.0,1.0,0.0,0.0,1.0,1,1,0,2,7,0,0,0,0,0,0,3,11,0,2014,3,62,52,112,3,4,16.0,4,0,4.0,8,0.25,Store,Wines,Low
6945,1952,Graduation,Single,84574.0,0,0,2013-06-04,72,387.0,20.0,556.0,38.0,54.0,126.5,1,9,11,11,5,0,0,0,0,0,0,3,11,0,2013,6,72,62,391,0,1,1181.5,32,0,36.921875,14,0.03125,Catalog,Meat,High
944,1962,Graduation,Married,56181.0,0,1,2013-01-08,6,121.0,81.0,69.0,8.0,44.0,48.0,1,4,2,7,4,0,0,0,0,0,0,3,11,0,2013,1,62,52,538,1,3,371.0,14,0,26.5,8,0.07142857142857142,Store,Wines,Medium
1907,1950,Master,Divorced,63120.0,0,1,2012-09-28,53,965.0,69.0,279.0,54.0,41.0,69.0,5,8,4,9,7,0,0,0,0,0,0,3,11,1,2012,9,74,64,640,1,2,1477.0,26,1,56.80769230769231,15,0.19230769230769232,Store,Wines,High
701,1971,Graduation,Married,73691.0,0,1,2013-11-06,58,707.0,21.0,250.0,85.0,43.0,73.0,2,6,2,8,2,1,0,0,0,0,0,3,11,0,2013,11,53,43,236,1,3,1179.0,18,1,65.5,8,0.1111111111111111,Store,Wines,Medium
3856,1960,Graduation,Married,63381.0,0,1,2012-10-05,78,571.0,50.0,142.0,33.0,50.0,126.5,4,4,5,13,2,0,0,0,0,0,0,3,11,0,2012,10,64,54,633,1,3,972.5,26,0,37.40384615384615,6,0.15384615384615385,Store,Wines,High
4149,1948,Phd,Married,76140.0,0,0,2014-05-13,57,586.0,66.0,556.0,17.0,0.0,26.0,1,5,9,6,2,0,0,0,0,0,0,3,11,0,2014,5,76,66,48,0,2,1251.0,21,0,59.57142857142857,7,0.047619047619047616,Catalog,Wines,High
2131,1959,Phd,Divorced,62859.0,0,1,2012-12-30,37,1063.0,81.0,102.0,16.0,12.0,25.0,4,9,4,6,6,0,0,0,0,0,0,3,11,0,2012,12,65,55,547,1,2,1299.0,23,0,56.47826086956522,15,0.17391304347826086,Web,Wines,High
2942,1964,Graduation,Single,45906.0,0,1,2013-05-07,20,305.0,3.0,27.0,4.0,3.0,126.5,2,5,4,4,5,1,0,0,0,0,0,3,11,0,2013,5,60,50,419,1,2,468.5,15,1,31.233333333333334,10,0.13333333333333333,Web,Wines,Medium
1173,1947,Master,Married,77632.0,0,0,2013-03-10,73,1200.0,81.0,556.0,0.0,42.0,126.5,1,4,2,6,2,0,1,1,0,0,0,3,11,1,2013,3,77,67,477,0,2,2005.5,13,3,154.26923076923077,6,0.07692307692307693,Store,Wines,Medium
4381,1971,Phd,Married,46463.0,1,1,2013-08-18,56,163.0,2.0,40.0,8.0,11.0,11.0,7,3,1,6,6,0,0,0,0,0,0,3,11,0,2013,8,53,43,316,2,4,235.0,17,0,13.823529411764707,9,0.4117647058823529,Store,Wines,Medium
4611,1970,Graduation,Married,105471.0,0,0,2013-01-21,36,1009.0,81.0,104.0,120.5,21.0,126.5,0,9,8,13,3,0,0,1,1,0,0,3,11,1,2013,1,54,44,525,0,2,1462.0,30,3,48.733333333333334,12,0.0,Store,Wines,High
3376,1970,Master,Divorced,55282.0,1,0,2013-12-13,9,125.0,6.0,73.0,8.0,4.0,19.0,1,3,1,6,4,0,0,0,0,0,0,3,11,0,2013,12,54,44,199,1,2,235.0,11,0,21.363636363636363,7,0.09090909090909091,Store,Wines,Medium
4679,1977,Master,Married,78710.0,0,1,2014-05-23,42,721.0,0.0,152.0,119.0,50.0,50.0,3,7,6,12,4,0,0,0,0,0,0,3,11,0,2014,5,47,37,38,1,3,1092.0,28,0,39.0,11,0.10714285714285714,Store,Wines,High
10928,1958,Graduation,Married,66886.0,0,1,2013-09-16,28,315.0,4.0,62.0,41.0,31.0,126.5,2,7,1,7,5,0,0,0,0,0,0,3,11,0,2013,9,66,56,287,1,3,579.5,17,0,34.088235294117645,12,0.11764705882352941,Web,Wines,Medium
4248,1960,Master,Single,98777.0,0,0,2014-02-17,23,1000.0,19.0,556.0,120.5,81.0,38.0,0,4,6,9,1,0,1,0,0,0,0,3,11,0,2014,2,64,54,133,0,1,1814.5,19,1,95.5,5,0.0,Store,Wines,Medium
6728,1985,Graduation,Married,29103.0,1,0,2012-08-27,38,16.0,0.0,17.0,6.0,3.0,6.0,2,1,0,3,9,0,0,0,0,0,0,3,11,0,2012,8,39,29,672,1,3,48.0,6,0,8.0,10,0.3333333333333333,Store,Meat,Low
6661,1974,Graduation,Married,67445.0,0,1,2012-08-12,63,757.0,80.0,217.0,29.0,80.0,11.0,5,9,6,12,6,0,0,0,0,0,0,3,11,0,2012,8,50,40,687,1,3,1174.0,32,0,36.6875,15,0.15625,Store,Wines,High
4725,1950,Phd,Married,50616.0,0,1,2014-04-13,71,30.0,2.0,25.0,0.0,1.0,9.0,1,1,1,4,2,0,0,0,0,0,0,3,11,0,2014,4,74,64,78,1,3,67.0,7,0,9.571428571428571,3,0.14285714285714285,Store,Wines,Low
3277,1955,Graduation,Divorced,49431.0,0,1,2012-08-03,9,219.0,3.0,100.0,26.0,0.0,17.0,2,7,1,5,8,0,0,0,0,0,0,3,11,0,2012,8,69,59,696,1,2,365.0,15,0,24.333333333333332,15,0.13333333333333333,Web,Wines,Medium
5555,1975,Graduation,Divorced,117418.0,0,0,2014-02-07,81,1.0,1.0,1.0,1.0,1.0,1.0,0,0,0,0,0,0,0,0,0,0,0,3,11,0,2014,2,49,39,143,0,1,6.0,0,0,0.0,0,0.0,Web,Wines,Low
2564,1953,Graduation,Married,61278.0,0,1,2014-01-04,87,111.0,3.0,28.0,2.0,6.0,15.0,2,3,1,4,6,0,0,0,0,0,0,3,11,0,2014,1,71,61,177,1,3,165.0,10,0,16.5,9,0.2,Store,Wines,Medium
946,1958,2N Cycle,Married,26490.0,0,0,2012-09-22,92,45.0,47.0,52.0,21.0,20.0,25.0,2,3,1,5,6,0,0,0,0,0,0,3,11,0,2012,9,66,56,646,0,2,210.0,11,0,19.09090909090909,9,0.18181818181818182,Store,Meat,Medium
3867,1947,Phd,Married,73059.0,0,1,2013-08-31,36,410.0,81.0,420.0,0.0,81.0,71.0,1,9,3,13,4,0,0,0,0,0,0,3,11,0,2013,8,77,67,303,1,3,1063.0,26,0,40.88461538461539,13,0.038461538461538464,Store,Meat,High
6940,1966,Phd,Single,46734.0,1,2,2013-10-21,86,100.0,1.0,39.0,6.0,1.0,76.0,4,3,2,3,6,1,0,0,0,0,0,3,11,0,2013,10,58,48,252,3,4,223.0,12,1,18.583333333333332,9,0.3333333333333333,Web,Wines,Medium
55,1963,Graduation,Married,56253.0,0,1,2012-12-07,83,509.0,0.0,65.0,7.0,11.0,5.0,4,7,2,9,6,0,0,0,0,0,0,3,11,0,2012,12,61,51,570,1,3,597.0,22,0,27.136363636363637,13,0.18181818181818182,Store,Wines,High
7093,1985,Graduation,Married,19986.0,1,0,2013-11-14,74,3.0,6.0,5.0,0.0,2.0,6.0,1,0,0,3,7,0,0,0,0,0,0,3,11,0,2013,11,39,29,228,1,3,22.0,4,0,5.5,7,0.25,Store,Fruits,Low
5084,1975,Graduation,Widow,58330.0,0,1,2013-12-25,87,445.0,53.0,213.0,104.0,81.0,126.5,1,6,4,13,4,0,0,0,0,0,0,3,11,0,2013,12,49,39,187,1,2,1022.5,24,0,42.604166666666664,10,0.041666666666666664,Store,Wines,High
1777,1980,Undergraduate,Married,25965.0,0,0,2012-09-07,29,2.0,2.0,11.0,41.0,7.0,11.0,1,2,0,3,8,0,0,0,0,0,0,3,11,0,2012,9,44,34,661,0,2,74.0,6,0,12.333333333333334,10,0.16666666666666666,Store,Fish,Low
8162,1956,Master,Married,14661.0,0,0,2013-01-01,88,4.0,1.0,11.0,6.0,2.0,2.0,1,1,0,3,6,0,0,0,0,0,0,3,11,0,2013,1,68,58,545,0,2,26.0,5,0,5.2,7,0.2,Store,Meat,Low
10826,1959,Graduation,Married,18690.0,0,0,2012-12-28,77,6.0,1.0,7.0,23.0,4.0,19.0,1,1,1,2,8,0,0,0,0,0,0,3,11,0,2012,12,65,55,549,0,2,60.0,5,0,12.0,9,0.2,Store,Fish,Low
8754,1974,Phd,Married,45068.0,0,1,2013-05-16,25,14.0,0.0,3.0,0.0,0.0,3.0,1,1,0,2,7,0,0,0,0,0,0,3,11,0,2013,5,50,40,410,1,3,20.0,4,0,5.0,8,0.25,Store,Wines,Low
1987,1987,Undergraduate,Single,21063.0,1,0,2013-09-25,34,1.0,10.0,11.0,19.0,3.0,15.0,2,2,0,3,6,0,0,0,0,0,0,3,11,0,2013,9,37,27,278,1,2,59.0,7,0,8.428571428571429,8,0.2857142857142857,Store,Fish,Low
11007,1968,Phd,Married,29187.0,1,0,2013-05-09,43,26.0,0.0,6.0,0.0,0.0,2.0,1,1,0,3,8,0,0,0,0,0,0,3,11,0,2013,5,56,46,417,1,3,34.0,5,0,6.8,9,0.2,Store,Wines,Low
7426,1971,2N Cycle,Married,54690.0,1,1,2013-11-07,76,111.0,16.0,37.0,7.0,9.0,18.0,3,3,1,5,3,0,0,0,0,0,0,3,11,0,2013,11,53,43,235,2,4,198.0,12,0,16.5,6,0.25,Store,Wines,Medium
9153,1964,Phd,Married,59304.0,0,1,2013-07-29,81,418.0,61.0,428.0,80.0,51.0,10.0,3,7,8,10,5,0,0,0,0,0,0,3,11,0,2013,7,60,50,336,1,3,1048.0,28,0,37.42857142857143,12,0.10714285714285714,Store,Meat,High
10379,1962,Master,Single,59247.0,0,2,2013-11-08,87,327.0,9.0,122.0,19.0,14.0,83.0,5,5,2,9,6,0,0,0,0,0,0,3,11,0,2013,11,62,52,234,2,3,574.0,21,0,27.333333333333332,11,0.23809523809523808,Store,Wines,High
9204,1970,Graduation,Widow,66731.0,0,1,2012-09-12,33,371.0,81.0,194.0,58.0,81.0,126.5,4,4,3,6,3,0,0,0,0,0,0,3,11,0,2012,9,54,44,656,1,2,911.5,17,0,53.61764705882353,7,0.23529411764705882,Store,Wines,Medium
3197,1980,Graduation,Married,77353.0,0,1,2013-12-16,38,275.0,59.0,107.0,69.0,81.0,59.0,2,6,4,8,4,0,0,0,0,0,0,3,11,0,2013,12,44,34,196,1,3,650.0,20,0,32.5,10,0.1,Store,Wines,High
2920,1975,Phd,Single,52614.0,0,1,2012-12-01,63,789.0,0.0,142.0,12.0,9.0,38.0,2,2,4,8,8,0,0,0,0,0,0,3,11,0,2012,12,49,39,576,1,2,990.0,16,0,61.875,10,0.125,Store,Wines,Medium
6961,1974,Graduation,Married,26751.0,2,0,2014-05-22,26,1.0,1.0,5.0,0.0,3.0,1.0,1,1,0,2,8,0,0,0,0,0,0,3,11,0,2014,5,50,40,39,2,4,11.0,4,0,2.75,9,0.25,Store,Meat,Low
4673,1963,Phd,Married,81300.0,0,1,2012-10-30,17,1004.0,12.0,145.0,32.0,12.0,36.0,3,10,3,5,5,0,0,0,1,0,0,3,11,1,2012,10,61,51,608,1,3,1241.0,21,2,59.095238095238095,15,0.14285714285714285,Web,Wines,High
9937,1979,Graduation,Single,70337.0,0,0,2014-01-02,75,187.0,81.0,149.0,25.0,43.0,91.0,1,2,2,12,1,0,0,0,0,0,0,3,11,0,2014,1,45,35,179,0,1,576.0,17,0,33.88235294117647,3,0.058823529411764705,Store,Wines,Medium
8779,1985,2N Cycle,Married,36145.0,1,0,2013-06-16,13,56.0,4.0,76.0,17.0,1.0,18.0,4,4,1,3,9,1,0,0,0,0,0,3,11,1,2013,6,39,29,379,1,3,172.0,12,2,14.333333333333334,13,0.3333333333333333,Web,Meat,Medium
9596,1980,Phd,Single,65295.0,0,0,2013-12-23,19,365.0,32.0,117.0,34.0,81.0,6.0,1,3,3,13,2,0,0,0,0,0,0,3,11,0,2013,12,44,34,189,0,1,635.0,20,0,31.75,5,0.05,Store,Wines,High
2891,1963,Graduation,Divorced,68118.0,0,1,2013-10-18,51,595.0,23.0,123.0,10.0,23.0,126.5,2,8,9,4,6,0,0,0,0,0,0,3,11,0,2013,10,61,51,255,1,2,900.5,23,0,39.15217391304348,14,0.08695652173913043,Catalog,Wines,High
4910,1967,Graduation,Divorced,68743.0,0,0,2012-08-30,81,1132.0,81.0,384.0,120.5,81.0,115.0,1,11,5,13,7,0,0,0,0,0,0,3,11,0,2012,8,57,47,669,0,1,1913.5,30,0,63.78333333333333,18,0.03333333333333333,Store,Wines,High
75,1982,2N Cycle,Married,41039.0,0,0,2013-07-25,32,34.0,11.0,137.0,120.5,61.0,45.0,1,8,1,5,8,0,0,0,0,0,0,3,11,0,2013,7,42,32,340,0,2,408.5,15,0,27.233333333333334,16,0.06666666666666667,Web,Meat,Medium
10120,1955,Graduation,Married,38946.0,0,1,2013-10-24,84,116.0,6.0,82.0,6.0,6.0,41.0,2,3,1,6,5,0,0,0,0,0,0,3,11,0,2013,10,69,59,249,1,3,257.0,12,0,21.416666666666668,8,0.16666666666666666,Store,Wines,Medium
6327,1967,Graduation,Married,65777.0,0,0,2013-12-19,87,565.0,32.0,435.0,28.0,32.0,54.0,1,2,8,6,1,0,0,0,0,0,0,3,11,0,2013,12,57,47,193,0,2,1146.0,17,0,67.41176470588235,3,0.058823529411764705,Catalog,Wines,Medium
10142,1976,Phd,Divorced,66476.0,0,1,2013-03-07,99,372.0,18.0,126.0,47.0,48.0,78.0,2,5,2,11,4,0,0,0,0,0,0,3,11,0,2013,3,48,38,480,1,2,689.0,20,0,34.45,9,0.1,Store,Wines,High
9826,1972,Phd,Single,86857.0,0,0,2012-09-12,96,899.0,81.0,556.0,120.5,81.0,40.0,1,5,6,10,2,0,0,0,0,0,0,3,11,1,2012,9,52,42,656,0,1,1777.5,22,1,80.79545454545455,7,0.045454545454545456,Store,Wines,High
1501,1982,Phd,Married,117418.0,0,0,2012-08-04,21,55.0,16.0,556.0,17.0,3.0,4.0,15,0,28,1,0,0,0,0,0,0,0,3,11,0,2012,8,42,32,695,0,2,651.0,44,0,14.795454545454545,0,0.3409090909090909,Catalog,Meat,High
10767,1989,Phd,Married,77845.0,0,0,2014-05-16,40,760.0,40.0,480.0,0.0,40.0,26.0,1,3,5,12,1,0,0,1,1,0,0,3,11,0,2014,5,35,25,45,0,2,1346.0,21,2,64.0952380952381,4,0.047619047619047616,Store,Wines,High
7279,1969,Phd,Married,69476.0,0,0,2013-09-30,3,260.0,81.0,556.0,63.0,9.0,67.0,1,4,6,4,2,0,0,0,0,0,0,3,11,0,2013,9,55,45,273,0,2,1036.0,15,0,69.06666666666666,6,0.06666666666666667,Catalog,Meat,Medium
7230,1960,Phd,Divorced,50611.0,0,1,2012-10-04,98,459.0,0.0,24.0,6.0,0.0,4.0,6,4,5,7,6,0,1,0,0,0,0,3,11,1,2012,10,64,54,634,1,2,493.0,22,2,22.40909090909091,10,0.2727272727272727,Store,Wines,High
143,1970,Graduation,Single,61209.0,0,0,2013-08-25,73,466.0,0.0,224.0,119.0,49.0,99.0,1,5,3,4,2,0,0,0,0,0,0,3,11,0,2013,8,54,44,309,0,1,957.0,13,0,73.61538461538461,7,0.07692307692307693,Web,Wines,Medium
450,1958,Master,Married,42315.0,0,1,2013-07-12,90,67.0,15.0,80.0,17.0,11.0,80.0,3,1,4,4,3,0,0,0,0,0,0,3,11,0,2013,7,66,56,353,1,3,270.0,12,0,22.5,4,0.25,Catalog,Meat,Medium
9316,1952,Undergraduate,Married,13084.0,0,0,2013-11-02,29,2.0,0.0,7.0,3.0,7.0,10.0,1,1,0,3,6,0,0,0,0,0,0,3,11,0,2013,11,72,62,240,0,2,29.0,5,0,5.8,7,0.2,Store,Gold,Low
6379,1949,Master,Widow,47570.0,1,1,2013-05-29,3,67.0,1.0,20.0,0.0,2.0,31.0,3,2,2,2,7,0,0,0,0,0,0,3,11,1,2013,5,75,65,397,2,3,121.0,9,1,13.444444444444445,9,0.3333333333333333,Web,Wines,Low
9239,1961,Master,Married,61923.0,0,2,2013-07-26,94,92.0,4.0,18.0,3.0,3.0,6.0,1,2,1,4,3,0,0,0,0,0,0,3,11,0,2013,7,63,53,339,2,4,126.0,8,0,15.75,5,0.125,Store,Wines,Low
8315,1995,Graduation,Single,34824.0,0,0,2014-03-26,65,4.0,2.0,11.0,2.0,0.0,4.0,1,1,0,2,6,0,0,0,0,0,0,3,11,0,2014,3,29,19,96,0,1,23.0,4,0,5.75,7,0.25,Store,Meat,Low
2868,1949,Phd,Single,26518.0,1,1,2013-04-08,33,20.0,1.0,28.0,3.0,3.0,2.0,3,2,0,3,8,0,0,0,0,0,0,3,11,1,2013,4,75,65,448,2,3,57.0,8,1,7.125,10,0.375,Store,Meat,Low
10888,1961,Graduation,Single,45938.0,0,0,2013-11-03,46,273.0,11.0,178.0,62.0,81.0,29.0,2,8,4,6,6,0,0,0,0,0,0,3,11,0,2013,11,63,53,239,0,1,634.0,20,0,31.7,14,0.1,Web,Wines,High
1277,1960,Graduation,Married,78468.0,0,0,2014-04-09,29,434.0,22.0,388.0,104.0,22.0,34.0,1,10,7,10,4,0,0,0,1,0,0,3,11,0,2014,4,64,54,82,0,2,1004.0,28,1,35.857142857142854,14,0.03571428571428571,Web,Wines,High
9977,1973,Graduation,Divorced,78901.0,0,1,2013-09-17,99,321.0,11.0,309.0,33.0,26.0,34.0,3,9,3,5,4,0,0,0,0,0,0,3,11,0,2013,9,51,41,286,1,2,734.0,20,0,36.7,13,0.15,Web,Wines,High
10196,1978,Graduation,Married,71427.0,2,0,2014-03-12,26,212.0,81.0,177.0,15.0,64.0,23.0,2,8,2,8,4,0,0,0,0,0,0,3,11,0,2014,3,46,36,110,2,4,572.0,20,0,28.6,12,0.1,Web,Wines,High
6384,1978,Graduation,Divorced,71022.0,0,1,2014-02-11,30,909.0,12.0,278.0,0.0,12.0,126.5,3,5,2,11,8,1,0,0,0,0,0,3,11,0,2014,2,46,36,139,1,2,1337.5,21,1,63.69047619047619,13,0.14285714285714285,Store,Wines,High
8029,1988,Master,Single,90247.0,0,0,2014-04-29,27,1184.0,32.0,352.0,21.0,16.0,16.0,1,3,4,7,1,0,1,1,1,0,0,3,11,1,2014,4,36,26,62,0,1,1621.0,15,4,108.06666666666666,4,0.06666666666666667,Store,Wines,Medium
968,1968,Master,Divorced,41335.0,1,0,2013-12-26,24,112.0,19.0,21.0,16.0,14.0,5.0,3,4,1,4,7,0,0,0,0,0,0,3,11,0,2013,12,56,46,186,1,2,187.0,12,0,15.583333333333334,11,0.25,Web,Wines,Medium
6988,1986,Graduation,Married,71952.0,1,0,2013-01-10,93,656.0,80.0,455.0,52.0,81.0,93.0,2,8,4,8,4,1,0,1,0,0,0,3,11,0,2013,1,38,28,536,1,3,1417.0,22,2,64.4090909090909,12,0.09090909090909091,Web,Wines,High
4472,1970,Phd,Divorced,35682.0,1,0,2014-06-27,34,23.0,0.0,8.0,6.0,2.0,18.0,1,1,1,3,2,0,0,0,0,0,0,3,11,0,2014,6,54,44,3,1,2,57.0,6,0,9.5,3,0.16666666666666666,Store,Wines,Low
6991,1951,Graduation,Divorced,43185.0,0,1,2013-04-10,88,537.0,6.0,42.0,16.0,6.0,30.0,2,9,3,6,8,0,0,0,0,0,0,3,11,0,2013,4,73,63,446,1,2,637.0,20,0,31.85,17,0.1,Web,Wines,High
3336,1948,Phd,Married,66375.0,0,1,2013-11-21,96,712.0,0.0,45.0,0.0,0.0,126.5,3,2,4,5,7,1,0,0,0,0,0,3,11,0,2013,11,76,66,221,1,3,883.5,14,1,63.107142857142854,9,0.21428571428571427,Store,Wines,Medium
4301,1971,Master,Married,35178.0,1,0,2013-01-10,10,23.0,1.0,13.0,2.0,2.0,18.0,1,1,1,2,7,1,0,0,0,0,0,3,11,1,2013,1,53,43,536,1,3,59.0,5,2,11.8,8,0.2,Store,Wines,Low
1940,1986,Graduation,Married,25252.0,1,0,2013-07-12,26,1.0,3.0,4.0,2.0,2.0,6.0,1,1,0,2,8,0,0,0,0,0,0,3,11,0,2013,7,38,28,353,1,3,18.0,4,0,4.5,9,0.25,Store,Gold,Low
1272,1965,Master,Single,55250.0,0,1,2012-10-21,49,664.0,58.0,83.0,32.0,0.0,66.0,4,7,5,10,5,0,0,0,0,0,0,3,11,0,2012,10,59,49,617,1,2,903.0,26,0,34.73076923076923,12,0.15384615384615385,Store,Wines,High
1388,1975,Graduation,Single,33249.0,1,0,2013-02-20,11,6.0,10.0,21.0,19.0,14.0,42.0,2,2,1,3,6,0,0,0,0,0,0,3,11,0,2013,2,49,39,495,1,2,112.0,8,0,14.0,8,0.25,Store,Gold,Low
1044,1953,Graduation,Married,58398.0,0,0,2013-05-14,44,299.0,5.0,201.0,21.0,21.0,49.0,3,5,4,8,4,0,0,0,0,0,0,3,11,0,2013,5,71,61,412,0,2,596.0,20,0,29.8,9,0.15,Store,Wines,High
6969,1982,Graduation,Married,50272.0,1,0,2013-08-07,75,99.0,13.0,66.0,43.0,8.0,4.0,3,4,1,5,7,0,0,0,0,0,0,3,11,0,2013,8,42,32,327,1,3,233.0,13,0,17.923076923076923,11,0.23076923076923078,Store,Wines,Medium
10479,1975,Phd,Married,76618.0,0,0,2012-12-07,64,749.0,40.0,294.0,120.5,81.0,126.5,1,3,2,5,1,0,0,0,0,0,0,3,11,0,2012,12,49,39,570,0,2,1411.0,11,0,128.27272727272728,4,0.09090909090909091,Store,Wines,Medium
3619,1960,2N Cycle,Divorced,87305.0,0,0,2012-09-23,19,345.0,25.0,501.0,63.0,81.0,80.0,1,5,3,8,2,0,0,1,0,0,0,3,11,1,2012,9,64,54,645,0,1,1095.0,17,2,64.41176470588235,7,0.058823529411764705,Store,Meat,Medium
1715,1978,Graduation,Married,25851.0,1,0,2013-02-11,45,9.0,4.0,18.0,7.0,5.0,5.0,2,2,0,3,7,0,0,0,0,0,0,3,11,0,2013,2,46,36,504,1,3,48.0,7,0,6.857142857142857,9,0.2857142857142857,Store,Meat,Low
10159,1970,Graduation,Divorced,58710.0,0,1,2013-03-31,77,440.0,81.0,368.0,0.0,81.0,126.5,6,11,5,9,6,0,0,0,0,0,0,3,11,0,2013,3,54,44,456,1,2,1096.5,31,0,35.37096774193548,17,0.1935483870967742,Web,Wines,High
1463,1958,Graduation,Single,45160.0,1,1,2014-03-29,9,8.0,2.0,5.0,3.0,0.0,3.0,1,1,0,2,7,0,0,0,0,0,0,3,11,0,2014,3,66,56,93,2,3,21.0,4,0,5.25,8,0.25,Store,Wines,Low
5114,1965,Master,Married,74806.0,0,1,2012-12-19,1,670.0,9.0,249.0,0.0,28.0,9.0,2,5,4,5,4,0,0,0,0,0,0,3,11,0,2012,12,59,49,558,1,3,965.0,16,0,60.3125,9,0.125,Web,Wines,Medium
4990,1954,Graduation,Married,59111.0,0,0,2013-05-02,90,524.0,0.0,134.0,28.0,28.0,126.5,1,11,1,8,7,0,0,0,0,0,0,3,11,0,2013,5,70,60,424,0,2,840.5,21,0,40.023809523809526,18,0.047619047619047616,Web,Wines,High
4329,1984,Phd,Married,18988.0,1,0,2014-05-23,43,6.0,0.0,6.0,2.0,1.0,1.0,2,1,0,3,7,0,0,0,0,0,0,3,11,0,2014,5,40,30,38,1,3,16.0,6,0,2.6666666666666665,8,0.3333333333333333,Store,Wines,Low
10936,1965,Graduation,Married,72190.0,0,0,2013-02-13,79,597.0,81.0,556.0,120.5,81.0,126.5,1,5,6,4,3,0,0,0,0,0,0,3,11,0,2013,2,59,49,502,0,2,1562.0,16,0,97.625,8,0.0625,Catalog,Wines,Medium
4692,1976,Graduation,Married,7500.0,1,0,2012-08-01,19,7.0,0.0,12.0,13.0,7.0,32.0,5,4,1,2,9,1,0,0,0,0,0,3,11,1,2012,8,48,38,698,1,3,71.0,12,2,5.916666666666667,13,0.4166666666666667,Web,Gold,Medium
7212,1966,Graduation,Married,44794.0,0,1,2014-06-08,99,54.0,0.0,7.0,0.0,0.0,4.0,1,2,0,3,6,0,0,0,0,0,0,3,11,0,2014,6,58,48,22,1,3,65.0,6,0,10.833333333333334,8,0.16666666666666666,Store,Wines,Low
6086,1955,Graduation,Married,80395.0,0,0,2013-11-23,62,445.0,25.0,556.0,80.0,76.0,48.0,1,6,5,12,2,0,0,0,1,0,0,3,11,0,2013,11,69,59,219,0,2,1230.0,24,1,51.25,8,0.041666666666666664,Store,Meat,High
437,1976,Master,Divorced,75012.0,0,0,2014-01-25,41,294.0,81.0,218.0,120.5,58.0,126.5,1,3,8,11,1,0,0,0,0,0,0,3,11,0,2014,1,48,38,156,0,1,898.0,23,0,39.04347826086956,4,0.043478260869565216,Store,Wines,High
11171,1965,Master,Married,56962.0,2,1,2013-10-11,60,292.0,3.0,77.0,10.0,3.0,26.0,7,6,3,5,7,0,0,0,0,0,0,3,11,0,2013,10,59,49,262,3,5,411.0,21,0,19.571428571428573,13,0.3333333333333333,Web,Wines,High
11101,1991,Graduation,Married,89891.0,0,0,2013-04-15,17,412.0,22.0,132.0,59.0,28.0,126.5,1,11,6,8,4,0,0,1,0,0,0,3,11,0,2013,4,33,23,441,0,2,779.5,26,1,29.98076923076923,15,0.038461538461538464,Web,Wines,High
5329,1949,Phd,Divorced,35946.0,1,1,2013-09-27,24,8.0,0.0,3.0,0.0,0.0,0.0,1,0,0,3,5,0,0,0,0,0,0,3,11,0,2013,9,75,65,276,2,3,11.0,4,0,2.75,5,0.25,Store,Wines,Low
610,1953,Phd,Married,53593.0,1,1,2012-08-07,60,349.0,4.0,78.0,6.0,0.0,43.0,8,7,2,6,8,0,0,0,0,0,0,3,11,0,2012,8,71,61,692,2,4,480.0,23,0,20.869565217391305,15,0.34782608695652173,Web,Wines,High
9384,1978,Graduation,Married,66373.0,1,1,2013-06-12,57,328.0,9.0,124.0,12.0,24.0,109.0,7,4,2,10,3,0,0,0,0,0,0,3,11,0,2013,6,46,36,383,2,4,606.0,23,0,26.347826086956523,7,0.30434782608695654,Store,Wines,High
5956,1948,Phd,Divorced,45072.0,1,2,2013-10-16,74,144.0,2.0,99.0,7.0,2.0,30.0,5,6,1,4,8,0,0,0,0,0,0,3,11,0,2013,10,76,66,257,3,4,284.0,16,0,17.75,14,0.3125,Web,Wines,Medium
10430,1973,Graduation,Divorced,89694.0,1,1,2013-10-09,22,1126.0,28.0,211.0,37.0,28.0,42.0,3,4,3,4,5,0,1,1,1,0,0,3,11,0,2013,10,51,41,264,2,3,1472.0,14,3,105.14285714285714,9,0.21428571428571427,Web,Wines,Medium
7875,1949,Graduation,Married,72025.0,0,0,2014-04-29,46,967.0,0.0,556.0,43.0,50.0,0.0,1,4,8,13,2,0,1,1,1,0,0,3,11,1,2014,4,75,65,62,0,2,1616.0,26,4,62.15384615384615,6,0.038461538461538464,Store,Wines,High
7072,1973,Graduation,Married,67432.0,0,1,2013-03-29,69,432.0,79.0,341.0,120.5,81.0,126.5,2,8,5,4,4,0,0,0,0,0,0,3,11,0,2013,3,51,41,458,1,3,1180.0,19,0,62.10526315789474,12,0.10526315789473684,Web,Wines,Medium
6255,1952,Master,Married,70545.0,0,1,2014-06-03,29,138.0,39.0,63.0,55.0,18.0,21.0,1,4,1,7,2,0,0,0,0,0,0,3,11,0,2014,6,72,62,27,1,3,334.0,13,0,25.692307692307693,6,0.07692307692307693,Store,Wines,Medium
6516,1989,Undergraduate,Married,17487.0,1,0,2013-03-18,37,0.0,0.0,1.0,7.0,4.0,6.0,1,1,0,2,7,0,0,0,0,0,0,3,11,0,2013,3,35,25,469,1,3,18.0,4,0,4.5,8,0.25,Store,Fish,Low
5564,1969,Graduation,Married,62882.0,0,1,2012-08-09,26,509.0,81.0,497.0,78.0,24.0,97.0,2,7,5,6,4,0,0,0,0,0,0,3,11,0,2012,8,55,45,690,1,3,1286.0,20,0,64.3,11,0.1,Web,Wines,High
5682,1953,Phd,Single,64108.0,0,1,2013-03-23,8,948.0,10.0,86.0,13.0,21.0,21.0,4,6,9,11,5,0,0,0,0,0,0,3,11,0,2013,3,71,61,464,1,2,1099.0,30,0,36.63333333333333,11,0.13333333333333333,Store,Wines,High
7458,1956,Master,Married,34941.0,1,1,2013-03-06,26,39.0,2.0,25.0,4.0,3.0,24.0,2,3,0,3,8,0,0,0,0,0,0,3,11,0,2013,3,68,58,481,2,4,97.0,8,0,12.125,11,0.25,Web,Wines,Low
5237,1950,Phd,Single,48767.0,1,2,2014-01-01,79,28.0,1.0,21.0,3.0,0.0,10.0,3,2,1,3,5,0,0,0,0,0,0,3,11,0,2014,1,74,64,180,3,4,63.0,9,0,7.0,7,0.3333333333333333,Store,Wines,Low
7761,1978,2N Cycle,Married,38702.0,1,0,2013-08-01,71,13.0,11.0,24.0,13.0,8.0,40.0,2,3,0,4,6,0,0,0,0,0,0,3,11,0,2013,8,46,36,333,1,3,109.0,9,0,12.11111111111111,9,0.2222222222222222,Store,Gold,Low
5278,1964,Graduation,Married,82224.0,0,0,2014-01-25,83,307.0,26.0,360.0,120.5,31.0,40.0,1,6,9,5,3,0,0,0,1,0,0,3,11,0,2014,1,60,50,156,0,2,884.5,21,1,42.11904761904762,9,0.047619047619047616,Catalog,Meat,High
3560,1952,Graduation,Married,83844.0,0,0,2013-05-12,57,901.0,31.0,345.0,75.0,31.0,126.5,1,4,4,11,1,0,0,1,0,0,0,3,11,0,2013,5,72,62,414,0,2,1509.5,20,1,75.475,5,0.05,Store,Wines,High
7235,1975,2N Cycle,Married,17003.0,1,0,2013-12-09,37,2.0,5.0,12.0,4.0,8.0,7.0,3,2,0,4,5,0,0,0,0,0,0,3,11,0,2013,12,49,39,203,1,3,38.0,9,0,4.222222222222222,7,0.3333333333333333,Store,Meat,Low
10548,1995,Graduation,Single,71163.0,0,0,2014-03-09,30,283.0,17.0,372.0,120.5,81.0,44.0,1,3,8,12,1,0,0,0,0,0,0,3,11,0,2014,3,29,19,113,0,1,917.5,24,0,38.229166666666664,4,0.041666666666666664,Store,Meat,High
2281,1970,Graduation,Single,33697.0,1,0,2013-09-15,34,4.0,3.0,7.0,0.0,3.0,11.0,1,1,0,2,7,1,0,0,0,0,0,3,11,0,2013,9,54,44,288,1,2,28.0,4,1,7.0,8,0.25,Store,Gold,Low
4073,1954,2N Cycle,Married,63564.0,0,0,2014-01-29,0,769.0,80.0,252.0,15.0,34.0,65.0,1,10,10,7,6,1,0,0,0,0,0,3,11,1,2014,1,70,60,152,0,2,1215.0,28,2,43.392857142857146,16,0.03571428571428571,Web,Wines,High
6974,1972,Phd,Married,83443.0,0,0,2013-12-31,89,518.0,42.0,556.0,55.0,56.0,84.0,1,6,10,5,2,0,0,0,0,0,0,3,11,0,2013,12,52,42,181,0,2,1311.0,22,0,59.59090909090909,8,0.045454545454545456,Catalog,Meat,High
7938,1958,Phd,Married,51518.0,0,1,2013-10-03,92,350.0,8.0,66.0,17.0,4.0,4.0,2,3,2,10,3,0,0,0,0,0,0,3,11,0,2013,10,66,56,270,1,3,449.0,17,0,26.41176470588235,6,0.11764705882352941,Store,Wines,Medium
7094,1975,Graduation,Widow,58330.0,0,1,2013-12-25,87,445.0,53.0,213.0,104.0,81.0,126.5,1,6,4,13,4,0,0,0,0,0,0,3,11,0,2013,12,49,39,187,1,2,1022.5,24,0,42.604166666666664,10,0.041666666666666664,Store,Wines,High
3667,1969,Graduation,Married,80952.0,0,0,2013-02-28,20,778.0,81.0,556.0,41.0,27.0,44.0,1,8,5,11,8,0,1,1,1,0,0,3,11,1,2013,2,55,45,487,0,2,1527.0,25,4,61.08,16,0.04,Store,Wines,High
7723,1979,Graduation,Married,75507.0,0,0,2014-05-02,56,709.0,81.0,374.0,104.0,80.0,80.0,1,8,6,6,3,0,0,0,0,0,0,3,11,0,2014,5,45,35,59,0,2,1428.0,21,0,68.0,11,0.047619047619047616,Web,Wines,High
3870,1978,2N Cycle,Married,63855.0,0,0,2013-02-09,28,359.0,35.0,314.0,93.0,81.0,89.0,1,7,3,13,4,0,0,0,0,0,0,3,11,0,2013,2,46,36,506,0,2,971.0,24,0,40.458333333333336,11,0.041666666666666664,Store,Wines,High
4012,1972,Phd,Married,62220.0,0,1,2012-08-11,55,799.0,12.0,375.0,16.0,12.0,12.0,5,7,6,5,6,0,0,0,0,0,0,3,11,1,2012,8,52,42,688,1,3,1226.0,23,1,53.30434782608695,13,0.21739130434782608,Web,Wines,High
5909,1964,Graduation,Married,58512.0,0,1,2013-09-19,25,895.0,10.0,101.0,13.0,0.0,126.5,5,3,4,8,8,0,0,0,0,0,0,3,11,0,2013,9,60,50,284,1,3,1145.5,20,0,57.275,11,0.25,Store,Wines,High
10470,1979,Master,Married,40662.0,1,0,2013-03-15,0,40.0,2.0,23.0,0.0,4.0,23.0,2,2,1,3,4,0,0,0,0,0,0,3,11,0,2013,3,45,35,472,1,3,92.0,8,0,11.5,6,0.25,Store,Wines,Low
6488,1959,Phd,Married,38829.0,0,1,2014-04-06,86,76.0,0.0,7.0,0.0,0.0,16.0,1,3,2,2,5,0,0,0,0,0,0,3,11,0,2014,4,65,55,85,1,3,99.0,8,0,12.375,8,0.125,Web,Wines,Low
10270,1981,2N Cycle,Married,35523.0,1,0,2013-10-03,8,11.0,5.0,22.0,12.0,5.0,11.0,2,3,0,3,7,0,0,0,0,0,0,3,11,0,2013,10,43,33,270,1,3,66.0,8,0,8.25,10,0.25,Web,Meat,Low
6887,1967,Graduation,Single,79146.0,1,1,2014-04-24,33,245.0,16.0,223.0,21.0,43.0,16.0,2,8,1,8,6,0,0,0,0,0,0,3,11,0,2014,4,57,47,67,2,3,564.0,19,0,29.68421052631579,14,0.10526315789473684,Web,Wines,Medium
6406,1988,Master,Married,78285.0,0,0,2013-10-28,13,647.0,81.0,391.0,120.5,67.0,40.0,1,6,4,10,3,0,0,0,0,0,0,3,11,0,2013,10,36,26,245,0,2,1346.5,21,0,64.11904761904762,9,0.047619047619047616,Store,Wines,High
7573,1978,Phd,Single,31626.0,1,0,2013-05-10,12,39.0,1.0,9.0,2.0,1.0,34.0,1,2,1,2,7,1,0,0,0,0,0,3,11,1,2013,5,46,36,416,1,2,86.0,6,2,14.333333333333334,9,0.16666666666666666,Web,Wines,Low
4508,1952,Graduation,Single,75127.0,0,0,2014-05-22,92,203.0,35.0,305.0,46.0,17.0,126.5,1,2,11,5,1,0,0,0,0,0,0,3,11,0,2014,5,72,62,39,0,1,732.5,19,0,38.55263157894737,3,0.05263157894736842,Catalog,Meat,Medium
221,1955,Graduation,Married,48726.0,0,1,2013-04-27,90,138.0,3.0,38.0,4.0,0.0,59.0,3,3,2,4,6,0,0,0,0,0,0,3,11,0,2013,4,69,59,429,1,3,242.0,12,0,20.166666666666668,9,0.25,Store,Wines,Medium
5331,1977,Graduation,Married,74985.0,0,0,2012-09-11,8,587.0,51.0,556.0,120.5,0.0,86.0,1,3,6,7,2,0,0,0,0,0,0,3,11,0,2012,9,47,37,657,0,2,1400.5,17,0,82.38235294117646,5,0.058823529411764705,Store,Wines,Medium
1911,1987,Graduation,Married,67430.0,0,0,2012-09-05,6,595.0,81.0,291.0,120.5,81.0,121.0,1,11,5,12,6,0,0,0,0,0,0,3,11,0,2012,9,37,27,663,0,2,1289.5,29,0,44.46551724137931,17,0.034482758620689655,Store,Wines,High
20,1965,2N Cycle,Married,46891.0,0,1,2013-09-01,91,43.0,12.0,23.0,29.0,15.0,61.0,1,2,1,4,4,0,0,0,0,0,0,3,11,0,2013,9,59,49,302,1,3,183.0,8,0,22.875,6,0.125,Store,Gold,Low
8786,1956,Master,Married,62058.0,0,1,2013-05-26,52,301.0,7.0,74.0,10.0,0.0,58.0,4,6,1,7,6,0,0,0,0,0,0,3,11,0,2013,5,68,58,400,1,3,450.0,18,0,25.0,12,0.2222222222222222,Store,Wines,Medium
10582,1979,Graduation,Married,72063.0,0,1,2013-07-03,3,180.0,32.0,348.0,76.0,32.0,90.0,2,5,2,12,2,0,0,0,0,0,0,3,11,0,2013,7,45,35,362,1,3,758.0,21,0,36.095238095238095,7,0.09523809523809523,Store,Meat,High
1915,1951,Phd,Married,78939.0,0,0,2013-12-12,57,794.0,81.0,243.0,120.5,0.0,126.5,1,8,5,6,3,0,0,0,0,0,0,3,11,0,2013,12,73,63,200,0,2,1365.0,20,0,68.25,11,0.05,Web,Wines,High
8897,1965,Graduation,Single,42720.0,1,1,2013-04-24,9,392.0,5.0,91.0,28.0,26.0,112.0,8,7,3,7,8,0,0,0,0,0,0,3,11,1,2013,4,59,49,432,2,3,654.0,25,1,26.16,15,0.32,Web,Wines,High
2371,1972,Graduation,Married,33622.0,1,1,2013-04-13,22,39.0,1.0,22.0,3.0,4.0,12.0,3,2,0,4,7,0,0,0,0,0,0,3,11,0,2013,4,52,42,443,2,4,81.0,9,0,9.0,9,0.3333333333333333,Store,Wines,Low
4303,1957,Phd,Married,6835.0,0,1,2012-12-08,76,107.0,2.0,12.0,2.0,2.0,12.0,0,0,0,1,20,0,0,0,0,0,0,3,11,0,2012,12,67,57,569,1,3,137.0,1,0,137.0,20,0.0,Store,Wines,Low
6825,1953,Graduation,Married,41452.0,1,1,2013-03-06,86,13.0,0.0,3.0,0.0,0.0,0.0,1,1,0,2,7,0,0,0,0,0,0,3,11,0,2013,3,71,61,481,2,4,16.0,4,0,4.0,8,0.25,Store,Wines,Low
1072,1965,Phd,Single,40760.0,0,1,2013-08-30,64,70.0,0.0,17.0,0.0,0.0,6.0,2,2,1,3,6,0,0,0,0,0,0,3,11,0,2013,8,59,49,304,1,2,93.0,8,0,11.625,8,0.25,Store,Wines,Low
4964,1958,Phd,Married,74250.0,0,0,2014-01-26,90,680.0,11.0,392.0,75.0,0.0,0.0,1,2,11,4,1,0,0,0,0,0,0,3,11,0,2014,1,66,56,155,0,2,1158.0,18,0,64.33333333333333,3,0.05555555555555555,Catalog,Wines,Medium
2461,1955,Master,Single,51124.0,1,1,2013-12-18,79,26.0,1.0,11.0,0.0,1.0,4.0,2,1,0,3,3,0,0,0,0,0,0,3,11,0,2013,12,69,59,194,2,3,43.0,6,0,7.166666666666667,4,0.3333333333333333,Store,Wines,Low
10736,1971,Graduation,Single,72258.0,0,1,2013-09-12,28,522.0,0.0,522.0,120.5,81.0,126.5,2,6,9,5,2,0,0,0,0,0,0,3,11,0,2013,9,53,43,291,1,2,1372.0,22,0,62.36363636363637,8,0.09090909090909091,Catalog,Wines,High
3194,1974,Phd,Single,71466.0,0,0,2014-04-05,86,412.0,12.0,546.0,78.0,81.0,0.0,1,4,4,10,1,0,0,0,0,0,0,3,11,0,2014,4,50,40,86,0,1,1129.0,19,0,59.421052631578945,5,0.05263157894736842,Store,Meat,Medium
10839,1976,Graduation,Married,36283.0,1,1,2014-04-14,42,6.0,5.0,5.0,8.0,0.0,5.0,2,1,0,3,4,0,0,0,0,0,0,3,11,0,2014,4,48,38,77,2,4,29.0,6,0,4.833333333333333,5,0.3333333333333333,Store,Fish,Low
49,1970,Graduation,Single,20587.0,1,0,2014-05-11,39,2.0,3.0,6.0,4.0,1.0,9.0,1,1,1,2,7,0,0,0,0,0,0,3,11,0,2014,5,54,44,50,1,2,25.0,5,0,5.0,8,0.2,Store,Gold,Low
4290,1972,Graduation,Married,30467.0,1,0,2014-03-19,8,1.0,3.0,8.0,2.0,5.0,5.0,1,1,0,2,7,0,0,0,0,0,0,3,11,0,2014,3,52,42,103,1,3,24.0,4,0,6.0,8,0.25,Store,Meat,Low
10219,1972,Graduation,Married,31590.0,1,0,2013-06-18,40,6.0,2.0,15.0,6.0,6.0,3.0,1,1,0,3,8,0,0,0,0,0,0,3,11,0,2013,6,52,42,377,1,3,38.0,5,0,7.6,9,0.2,Store,Meat,Low
4211,1986,Undergraduate,Married,20425.0,1,0,2012-10-29,5,4.0,12.0,5.0,3.0,16.0,17.0,2,2,0,3,7,0,0,0,0,0,0,3,11,0,2012,10,38,28,609,1,3,57.0,7,0,8.142857142857142,9,0.2857142857142857,Store,Gold,Low
1135,1960,Master,Married,17144.0,1,1,2014-02-15,96,18.0,2.0,19.0,0.0,2.0,6.0,5,3,0,4,7,0,0,0,0,0,0,3,11,0,2014,2,64,54,135,2,4,47.0,12,0,3.9166666666666665,10,0.4166666666666667,Store,Meat,Medium
6299,1968,Phd,Divorced,42564.0,0,1,2013-01-02,28,324.0,48.0,186.0,39.0,18.0,126.5,6,6,8,4,7,1,0,0,0,0,0,3,11,1,2013,1,56,46,544,1,2,741.5,24,2,30.895833333333332,13,0.25,Catalog,Wines,High
10846,1978,Master,Married,43783.0,1,0,2014-05-29,22,327.0,9.0,125.0,25.0,4.0,126.5,6,7,1,8,7,1,0,0,0,0,0,3,11,0,2014,5,46,36,32,1,3,616.5,22,1,28.022727272727273,14,0.2727272727272727,Store,Wines,High
347,1976,Graduation,Divorced,40780.0,0,1,2012-09-08,30,229.0,27.0,71.0,13.0,3.0,34.0,4,7,1,5,9,0,0,0,0,0,0,3,11,0,2012,9,48,38,660,1,2,377.0,17,0,22.176470588235293,16,0.23529411764705882,Web,Wines,Medium
6543,1945,Master,Married,62847.0,0,0,2013-01-15,45,521.0,81.0,556.0,80.0,76.0,61.0,1,3,6,4,2,0,0,0,0,0,0,3,11,0,2013,1,79,69,531,0,2,1375.0,14,0,98.21428571428571,5,0.07142857142857142,Catalog,Meat,Medium
10446,1957,Phd,Married,82017.0,0,0,2012-11-07,58,184.0,23.0,446.0,30.0,23.0,23.0,1,5,4,7,2,0,1,1,1,0,0,3,11,1,2012,11,67,57,600,0,2,729.0,17,4,42.88235294117647,7,0.058823529411764705,Store,Meat,Medium
3479,1950,Graduation,Single,16813.0,0,0,2013-07-19,49,4.0,8.0,11.0,12.0,2.0,13.0,1,2,0,3,7,1,0,0,0,0,0,3,11,0,2013,7,74,64,346,0,1,50.0,6,1,8.333333333333334,9,0.16666666666666666,Store,Gold,Low
11075,1978,Graduation,Married,51267.0,1,1,2013-10-29,37,183.0,2.0,64.0,7.0,2.0,12.0,4,3,3,5,4,0,0,0,0,0,0,3,11,0,2013,10,46,36,244,2,4,270.0,15,0,18.0,7,0.26666666666666666,Store,Wines,Medium
4442,1961,Graduation,Single,46524.0,0,1,2013-04-05,70,31.0,19.0,35.0,26.0,14.0,52.0,2,1,1,5,3,0,0,0,0,0,0,3,11,0,2013,4,63,53,451,1,2,177.0,9,0,19.666666666666668,4,0.2222222222222222,Store,Gold,Low
199,1962,Master,Single,45183.0,0,0,2013-01-20,33,219.0,3.0,60.0,12.0,9.0,12.0,1,4,1,7,7,0,1,0,0,0,0,3,11,0,2013,1,62,52,526,0,1,315.0,13,1,24.23076923076923,11,0.07692307692307693,Store,Wines,Medium
6722,1954,Phd,Married,70421.0,0,1,2014-06-28,98,479.0,28.0,136.0,75.0,14.0,35.0,3,10,3,7,6,0,0,0,0,0,0,3,11,0,2014,6,70,60,2,1,3,767.0,23,0,33.34782608695652,16,0.13043478260869565,Web,Wines,High
796,1965,2N Cycle,Divorced,60161.0,0,1,2012-10-23,17,584.0,44.0,212.0,46.0,8.0,126.5,3,11,4,8,8,0,0,0,0,0,0,3,11,0,2012,10,59,49,615,1,2,1020.5,26,0,39.25,19,0.11538461538461539,Web,Wines,High
3749,1973,Graduation,Married,73926.0,0,0,2013-03-02,54,627.0,81.0,556.0,120.5,81.0,15.0,1,6,5,12,3,0,0,0,0,0,0,3,11,0,2013,3,51,41,485,0,2,1480.5,24,0,61.6875,9,0.041666666666666664,Store,Wines,High
8523,1968,Graduation,Married,19329.0,1,0,2013-12-14,39,24.0,1.0,16.0,12.0,2.0,5.0,3,4,0,3,8,0,0,0,0,0,0,3,11,0,2013,12,56,46,198,1,3,60.0,10,0,6.0,12,0.3,Web,Wines,Medium
310,1970,Master,Married,61872.0,0,1,2013-12-13,81,330.0,5.0,159.0,36.0,27.0,16.0,4,4,4,9,4,0,0,0,0,0,0,3,11,0,2013,12,54,44,199,1,3,573.0,21,0,27.285714285714285,8,0.19047619047619047,Store,Wines,High
8629,1956,Graduation,Widow,46984.0,1,1,2013-03-26,71,19.0,1.0,10.0,2.0,1.0,8.0,1,1,0,3,5,0,0,0,0,0,0,3,11,0,2013,3,68,58,461,2,3,41.0,5,0,8.2,6,0.2,Store,Wines,Low
236,1951,Graduation,Married,34838.0,1,1,2013-01-19,62,28.0,23.0,29.0,29.0,14.0,47.0,3,2,1,4,6,0,0,0,0,0,0,3,11,0,2013,1,73,63,527,2,4,170.0,10,0,17.0,8,0.3,Store,Gold,Medium
9930,1944,Phd,Single,82716.0,0,0,2013-11-05,8,606.0,81.0,228.0,15.0,81.0,22.0,1,6,8,13,2,0,0,0,0,0,0,3,11,0,2013,11,80,70,237,0,1,1033.0,28,0,36.892857142857146,8,0.03571428571428571,Store,Wines,High
3483,1958,Graduation,Married,48192.0,0,0,2013-04-06,76,1039.0,43.0,204.0,120.5,58.0,29.0,3,2,8,12,8,0,1,0,1,1,0,3,11,1,2013,4,66,56,450,0,2,1493.5,25,4,59.74,10,0.12,Store,Wines,High
4599,1976,Master,Married,49681.0,0,2,2013-11-04,66,411.0,0.0,26.0,0.0,0.0,21.0,6,7,1,7,7,0,0,0,0,0,0,3,11,0,2013,11,48,38,238,2,4,458.0,21,0,21.80952380952381,14,0.2857142857142857,Web,Wines,High
7326,1971,Master,Married,56850.0,0,1,2014-03-23,83,34.0,1.0,19.0,2.0,7.0,0.0,1,1,1,3,2,0,0,0,0,0,0,3,11,0,2014,3,53,43,99,1,3,63.0,6,0,10.5,3,0.16666666666666666,Store,Wines,Low
7352,1957,Graduation,Married,55267.0,0,1,2013-10-21,28,161.0,28.0,136.0,32.0,3.0,45.0,4,3,4,6,3,0,0,0,0,0,0,3,11,0,2013,10,67,57,252,1,3,405.0,17,0,23.823529411764707,6,0.23529411764705882,Store,Wines,Medium
2350,1972,Graduation,Married,59666.0,1,1,2013-03-22,87,623.0,53.0,178.0,23.0,17.0,126.5,7,3,2,8,8,0,1,0,0,0,0,3,11,0,2013,3,52,42,465,2,4,1020.5,20,1,51.025,11,0.35,Store,Wines,High
9145,1972,Graduation,Single,72504.0,0,1,2013-04-06,43,604.0,26.0,470.0,120.5,81.0,94.0,2,5,9,6,2,0,0,0,0,0,0,3,11,0,2013,4,52,42,450,1,2,1395.5,22,0,63.43181818181818,7,0.09090909090909091,Catalog,Wines,High
2964,1981,Graduation,Married,26872.0,0,0,2013-10-16,0,3.0,10.0,8.0,3.0,16.0,32.0,1,1,1,2,6,0,0,0,0,0,0,3,11,0,2013,10,43,33,257,0,2,72.0,5,0,14.4,7,0.2,Store,Gold,Low
5585,1972,Graduation,Single,21359.0,1,0,2013-04-20,1,12.0,2.0,17.0,6.0,1.0,10.0,2,2,0,3,8,0,0,0,0,0,0,3,11,1,2013,4,52,42,436,1,2,48.0,7,1,6.857142857142857,10,0.2857142857142857,Store,Meat,Low
9687,1975,Graduation,Single,73170.0,0,0,2014-05-31,1,184.0,81.0,256.0,50.0,30.0,32.0,1,5,4,6,2,0,0,0,0,0,0,3,11,0,2014,5,49,39,30,0,1,633.0,16,0,39.5625,7,0.0625,Store,Meat,Medium
3732,1955,Master,Married,52750.0,0,1,2013-02-04,72,393.0,0.0,239.0,90.0,69.0,69.0,6,5,7,9,4,0,0,0,0,0,0,3,11,0,2013,2,69,59,511,1,3,860.0,27,0,31.85185185185185,9,0.2222222222222222,Store,Wines,High
6303,1986,Phd,Married,91820.0,0,0,2013-11-23,72,410.0,73.0,556.0,76.0,81.0,30.0,0,5,5,12,1,0,0,0,0,0,0,3,11,0,2013,11,38,28,219,0,2,1226.0,22,0,55.72727272727273,6,0.0,Store,Meat,High
11176,1970,Phd,Married,65968.0,0,1,2014-05-12,12,376.0,9.0,83.0,19.0,4.0,4.0,2,5,4,7,3,0,0,0,0,0,0,3,11,0,2014,5,54,44,49,1,3,495.0,18,0,27.5,8,0.1111111111111111,Store,Wines,Medium
2986,1976,Graduation,Married,30772.0,1,1,2014-03-12,89,7.0,2.0,4.0,2.0,1.0,4.0,1,1,0,2,6,0,0,0,0,0,0,3,11,0,2014,3,48,38,110,2,4,20.0,4,0,5.0,7,0.25,Store,Wines,Low
7462,1954,Graduation,Single,22507.0,0,0,2012-11-24,67,68.0,0.0,226.0,51.0,81.0,68.0,3,10,2,4,9,0,0,0,0,0,0,3,11,0,2012,11,70,60,583,0,1,494.0,19,0,26.0,19,0.15789473684210525,Web,Meat,Medium
3900,1972,Graduation,Married,65685.0,0,1,2014-03-29,54,642.0,14.0,49.0,0.0,7.0,57.0,1,9,2,9,5,0,0,0,0,0,0,3,11,0,2014,3,52,42,93,1,3,769.0,21,0,36.61904761904762,14,0.047619047619047616,Web,Wines,High
7034,1978,2N Cycle,Married,25804.0,1,0,2013-09-01,34,8.0,7.0,9.0,13.0,6.0,12.0,2,2,0,3,8,0,0,0,0,0,0,3,11,0,2013,9,46,36,302,1,3,55.0,7,0,7.857142857142857,10,0.2857142857142857,Store,Fish,Low
9493,1980,Phd,Single,76412.0,0,0,2013-05-05,15,840.0,53.0,556.0,23.0,71.0,17.0,1,5,4,8,3,0,0,1,1,0,0,3,11,1,2013,5,44,34,421,0,1,1560.0,18,3,86.66666666666667,8,0.05555555555555555,Store,Wines,Medium
1143,1972,Graduation,Married,22063.0,1,0,2013-08-08,43,7.0,10.0,13.0,3.0,11.0,11.0,2,2,0,3,7,0,0,0,0,0,0,3,11,0,2013,8,52,42,326,1,3,55.0,7,0,7.857142857142857,9,0.2857142857142857,Store,Meat,Low
1,1961,Graduation,Single,57091.0,0,0,2014-06-15,0,464.0,5.0,64.0,7.0,0.0,37.0,1,7,3,7,5,0,0,0,0,1,0,3,11,1,2014,6,63,53,15,0,1,577.0,18,2,32.05555555555556,12,0.05555555555555555,Web,Wines,Medium
3855,1963,Graduation,Married,22419.0,0,0,2013-04-18,74,30.0,3.0,47.0,19.0,21.0,42.0,1,3,2,2,8,0,0,0,0,0,0,3,11,0,2013,4,61,51,438,0,2,162.0,8,0,20.25,11,0.125,Web,Meat,Low
5536,1959,Graduation,Married,87771.0,0,1,2013-05-22,61,1224.0,38.0,287.0,50.0,57.0,33.0,1,5,10,4,6,0,1,1,1,1,0,3,11,1,2013,5,65,55,404,1,3,1689.0,20,5,84.45,11,0.05,Catalog,Wines,High
5989,1959,2N Cycle,Divorced,78353.0,0,1,2013-04-16,51,752.0,81.0,476.0,39.0,81.0,34.0,1,10,2,11,8,0,0,0,0,0,0,3,11,0,2013,4,65,55,440,1,2,1463.0,24,0,60.958333333333336,18,0.041666666666666664,Store,Wines,High
9499,1954,Graduation,Married,93404.0,1,2,2013-05-07,97,1224.0,15.0,287.0,20.0,0.0,15.0,3,3,4,7,5,0,1,1,0,0,0,3,11,0,2013,5,70,60,419,3,5,1561.0,17,2,91.82352941176471,8,0.17647058823529413,Store,Wines,Medium
6768,1962,Graduation,Divorced,37859.0,1,2,2013-01-12,75,22.0,1.0,8.0,2.0,1.0,2.0,2,1,0,3,8,0,0,0,0,0,0,3,11,0,2013,1,62,52,534,3,4,36.0,6,0,6.0,9,0.3333333333333333,Store,Wines,Low
2150,1958,Phd,Widow,80995.0,0,1,2013-05-11,83,860.0,28.0,409.0,73.0,56.0,56.0,1,8,9,4,4,0,0,0,0,0,0,3,11,0,2013,5,66,56,415,1,2,1482.0,22,0,67.36363636363636,12,0.045454545454545456,Catalog,Wines,High
6646,1984,Graduation,Married,16529.0,1,0,2014-03-01,23,3.0,0.0,5.0,13.0,0.0,1.0,1,1,0,3,6,0,0,0,0,0,0,3,11,0,2014,3,40,30,121,1,3,22.0,5,0,4.4,7,0.2,Store,Fish,Low
4887,1976,Phd,Divorced,55412.0,1,1,2013-11-22,65,10.0,5.0,28.0,11.0,1.0,8.0,1,2,0,3,5,0,0,0,0,0,0,3,11,0,2013,11,48,38,220,2,3,63.0,6,0,10.5,7,0.16666666666666666,Store,Meat,Low
8560,1992,Graduation,Single,48789.0,0,0,2012-09-10,94,351.0,16.0,156.0,7.0,5.0,126.5,1,6,4,7,6,0,0,0,0,0,0,3,11,0,2012,9,32,22,658,0,1,661.5,18,0,36.75,12,0.05555555555555555,Store,Wines,Medium
3321,1967,Phd,Married,56575.0,0,2,2013-05-05,42,421.0,5.0,90.0,0.0,16.0,10.0,3,7,3,7,5,0,0,0,0,0,0,3,11,0,2013,5,57,47,421,2,4,542.0,20,0,27.1,12,0.15,Web,Wines,High
11003,1980,2N Cycle,Married,25130.0,1,0,2013-10-02,10,2.0,5.0,7.0,0.0,18.0,18.0,2,2,0,3,7,0,0,0,0,0,0,3,11,0,2013,10,44,34,271,1,3,50.0,7,0,7.142857142857143,9,0.2857142857142857,Store,Sweets,Low
10402,1967,Graduation,Married,35441.0,1,1,2013-02-14,94,25.0,1.0,9.0,2.0,1.0,1.0,2,1,0,3,8,0,0,0,0,0,0,3,11,0,2013,2,57,47,501,2,4,39.0,6,0,6.5,9,0.3333333333333333,Store,Wines,Low
9904,1956,Graduation,Married,71391.0,0,1,2013-03-29,50,336.0,81.0,274.0,46.0,81.0,126.5,5,6,5,12,3,0,0,0,0,0,0,3,11,0,2013,3,68,58,458,1,3,944.5,28,0,33.732142857142854,9,0.17857142857142858,Store,Wines,High
6141,1972,Master,Single,49494.0,1,0,2013-04-25,46,191.0,9.0,97.0,0.0,6.0,82.0,2,6,1,5,7,0,0,0,0,0,0,3,11,0,2013,4,52,42,431,1,2,385.0,14,0,27.5,13,0.14285714285714285,Web,Wines,Medium
5687,1980,Graduation,Divorced,81702.0,0,0,2012-09-23,98,563.0,50.0,556.0,28.0,31.0,126.5,1,7,7,12,3,0,0,0,0,0,0,3,11,0,2012,9,44,34,645,0,1,1354.5,27,0,50.166666666666664,10,0.037037037037037035,Store,Wines,High
10856,1980,2N Cycle,Single,45889.0,0,1,2013-07-02,42,31.0,0.0,6.0,0.0,1.0,8.0,1,1,0,3,6,0,0,0,0,0,0,3,11,0,2013,7,44,34,363,1,2,46.0,5,0,9.2,7,0.2,Store,Wines,Low
5121,1977,Graduation,Single,56628.0,0,1,2014-03-21,30,479.0,5.0,82.0,7.0,17.0,126.5,2,7,6,5,5,1,0,0,0,0,0,3,11,0,2014,3,47,37,101,1,2,716.5,20,1,35.825,12,0.1,Web,Wines,High
4186,1950,Graduation,Married,34026.0,1,1,2013-08-05,11,18.0,6.0,15.0,12.0,8.0,17.0,3,2,1,3,5,0,0,0,0,0,0,3,11,0,2013,8,74,64,329,2,4,76.0,9,0,8.444444444444445,7,0.3333333333333333,Store,Wines,Low
368,1974,Graduation,Married,40049.0,0,1,2012-11-29,61,91.0,65.0,52.0,10.0,44.0,28.0,3,3,2,6,5,0,0,0,0,0,0,3,11,0,2012,11,50,40,578,1,3,290.0,14,0,20.714285714285715,8,0.21428571428571427,Store,Wines,Medium
3312,1988,Graduation,Single,34176.0,1,0,2014-05-12,12,5.0,7.0,24.0,19.0,14.0,20.0,4,3,0,4,6,0,0,0,0,0,0,3,11,0,2014,5,36,26,49,1,2,89.0,11,0,8.090909090909092,9,0.36363636363636365,Store,Meat,Medium
11121,1981,Graduation,Married,19419.0,1,0,2012-11-10,76,2.0,14.0,28.0,16.0,3.0,7.0,4,4,0,3,9,0,0,0,0,0,0,3,11,0,2012,11,43,33,597,1,3,70.0,11,0,6.363636363636363,13,0.36363636363636365,Web,Meat,Medium
5332,1960,2N Cycle,Married,82504.0,0,0,2013-07-27,2,362.0,50.0,431.0,120.5,35.0,54.0,1,3,6,7,1,0,0,0,0,0,0,3,11,0,2013,7,64,54,338,0,2,1052.5,17,0,61.911764705882355,4,0.058823529411764705,Store,Meat,Medium
5848,1970,Graduation,Married,81205.0,0,0,2014-01-13,43,724.0,74.0,556.0,97.0,55.0,126.5,1,5,6,7,2,1,0,1,0,1,0,3,11,1,2014,1,54,44,168,0,2,1632.5,19,4,85.92105263157895,7,0.05263157894736842,Store,Wines,Medium
10343,1991,2N Cycle,Single,61618.0,0,0,2012-09-29,27,605.0,81.0,399.0,0.0,45.0,126.5,2,3,6,8,3,0,0,0,0,0,0,3,11,0,2012,9,33,23,639,0,1,1256.5,19,0,66.13157894736842,6,0.10526315789473684,Store,Wines,Medium
5935,1956,Master,Single,55284.0,0,1,2012-12-24,60,547.0,7.0,140.0,0.0,7.0,63.0,3,7,5,8,5,0,0,0,0,0,0,3,11,0,2012,12,68,58,553,1,2,764.0,23,0,33.21739130434783,12,0.13043478260869565,Store,Wines,High
2895,1963,Graduation,Single,49980.0,0,1,2013-10-23,79,104.0,1.0,54.0,13.0,9.0,14.0,2,3,1,5,5,0,0,0,0,0,0,3,11,0,2013,10,61,51,250,1,2,195.0,11,0,17.727272727272727,8,0.18181818181818182,Store,Wines,Medium
10262,1980,Graduation,Married,15072.0,2,0,2013-05-10,96,8.0,2.0,15.0,0.0,10.0,18.0,4,3,1,3,5,0,0,0,0,0,0,3,11,0,2013,5,44,34,416,2,4,53.0,11,0,4.818181818181818,8,0.36363636363636365,Web,Gold,Medium
7848,1974,Graduation,Single,49166.0,0,1,2013-06-13,17,224.0,2.0,25.0,7.0,0.0,110.0,2,5,3,3,6,0,0,0,0,0,0,3,11,0,2013,6,50,40,382,1,2,368.0,13,0,28.307692307692307,11,0.15384615384615385,Web,Wines,Medium
9477,1954,Phd,Married,65324.0,0,1,2014-01-11,0,384.0,0.0,102.0,21.0,32.0,5.0,3,6,2,9,4,0,0,0,0,0,0,3,11,0,2014,1,70,60,170,1,3,544.0,20,0,27.2,10,0.15,Store,Wines,High
4856,1957,2N Cycle,Married,82347.0,0,0,2012-11-06,38,556.0,54.0,556.0,120.5,81.0,63.0,1,7,7,10,3,1,0,0,1,0,0,3,11,0,2012,11,67,57,601,0,2,1430.5,25,2,57.22,10,0.04,Store,Wines,High
7186,1966,Phd,Married,30843.0,1,1,2014-05-26,43,24.0,0.0,2.0,0.0,0.0,9.0,2,1,1,2,5,1,0,0,0,0,0,3,11,0,2014,5,58,48,35,2,4,35.0,6,1,5.833333333333333,6,0.3333333333333333,Store,Wines,Low
5794,1974,Phd,Married,46374.0,0,1,2014-03-17,1,408.0,0.0,21.0,0.0,0.0,17.0,3,7,1,7,8,0,1,0,1,0,0,3,11,1,2014,3,50,40,105,1,3,446.0,18,3,24.77777777777778,15,0.16666666666666666,Web,Wines,Medium
1456,1979,Graduation,Single,60474.0,0,1,2013-04-01,25,265.0,81.0,303.0,120.5,9.0,126.5,7,10,2,12,7,0,0,0,0,0,0,3,11,0,2013,4,45,35,455,1,2,905.0,31,0,29.193548387096776,17,0.22580645161290322,Store,Meat,High
4877,1973,Master,Married,38576.0,0,1,2014-03-04,2,34.0,0.0,7.0,0.0,0.0,0.0,1,1,0,3,7,0,0,0,0,0,0,3,11,0,2014,3,51,41,118,1,3,41.0,5,0,8.2,8,0.2,Store,Wines,Low
425,1985,Graduation,Married,55357.0,2,0,2013-02-19,66,374.0,64.0,116.0,84.0,25.0,64.0,3,6,2,11,5,0,0,0,0,0,0,3,11,0,2013,2,39,29,496,2,4,727.0,22,0,33.04545454545455,11,0.13636363636363635,Store,Wines,High
3007,1966,Graduation,Married,37758.0,1,1,2012-10-04,49,27.0,2.0,10.0,0.0,0.0,1.0,2,1,0,3,8,0,0,0,0,0,0,3,11,0,2012,10,58,48,634,2,4,40.0,6,0,6.666666666666667,9,0.3333333333333333,Store,Wines,Low
1031,1989,2N Cycle,Married,85710.0,0,0,2013-05-05,5,600.0,20.0,350.0,29.0,30.0,33.0,1,6,9,10,2,0,0,1,0,0,0,3,11,0,2013,5,35,25,421,0,2,1062.0,26,1,40.84615384615385,8,0.038461538461538464,Store,Wines,High
4297,1969,Graduation,Married,23228.0,1,0,2014-01-26,71,13.0,2.0,18.0,6.0,1.0,0.0,2,2,0,3,8,0,0,0,0,0,0,3,11,0,2014,1,55,45,155,1,3,40.0,7,0,5.714285714285714,10,0.2857142857142857,Store,Meat,Low
807,1969,Master,Married,44602.0,1,1,2014-02-15,35,167.0,2.0,89.0,0.0,0.0,34.0,6,6,1,4,8,0,0,0,0,0,0,3,11,0,2014,2,55,45,135,2,4,292.0,17,0,17.176470588235293,14,0.35294117647058826,Web,Wines,Medium
9553,1987,Graduation,Married,7500.0,0,0,2013-01-09,94,0.0,2.0,3.0,4.0,1.0,5.0,1,0,0,3,6,0,0,0,0,0,0,3,11,0,2013,1,37,27,537,0,2,15.0,4,0,3.75,6,0.25,Store,Gold,Low
4271,1989,2N Cycle,Married,38683.0,1,0,2012-10-04,80,46.0,35.0,69.0,84.0,41.0,66.0,6,4,1,6,7,0,0,0,0,0,0,3,11,0,2012,10,35,25,634,1,3,341.0,17,0,20.058823529411764,11,0.35294117647058826,Store,Fish,Medium
4120,1975,2N Cycle,Single,49514.0,1,0,2013-12-17,61,88.0,39.0,78.0,58.0,13.0,93.0,2,6,1,4,7,0,0,0,0,0,0,3,11,0,2013,12,49,39,195,1,2,369.0,13,0,28.384615384615383,13,0.15384615384615385,Web,Gold,Medium
2036,1973,Phd,Married,57906.0,0,1,2013-06-11,29,243.0,11.0,119.0,10.0,3.0,15.0,3,4,2,8,4,0,0,0,0,0,0,3,11,0,2013,6,51,41,384,1,3,401.0,17,0,23.58823529411765,8,0.17647058823529413,Store,Wines,Medium
115,1966,Master,Single,43456.0,0,1,2013-03-26,0,275.0,11.0,68.0,25.0,7.0,7.0,3,5,1,8,5,0,0,0,0,0,0,3,11,0,2013,3,58,48,461,1,2,393.0,17,0,23.11764705882353,10,0.17647058823529413,Store,Wines,Medium
4259,1986,Master,Single,19485.0,2,0,2013-09-24,80,6.0,0.0,4.0,0.0,0.0,0.0,1,1,0,2,7,0,0,0,0,0,0,3,11,0,2013,9,38,28,279,2,3,10.0,4,0,2.5,8,0.25,Store,Wines,Low
8687,1978,Graduation,Married,53172.0,0,1,2013-05-06,54,121.0,62.0,90.0,68.0,20.0,125.0,3,2,3,8,3,0,0,0,0,0,0,3,11,0,2013,5,46,36,420,1,3,486.0,16,0,30.375,5,0.1875,Store,Gold,Medium
2447,1979,Graduation,Married,30545.0,1,0,2012-10-17,71,4.0,12.0,15.0,19.0,7.0,12.0,2,2,0,3,7,0,0,0,0,0,0,3,11,0,2012,10,45,35,621,1,3,69.0,7,0,9.857142857142858,9,0.2857142857142857,Store,Fish,Low
10140,1983,Phd,Married,70123.0,0,0,2013-09-28,27,1224.0,0.0,396.0,23.0,0.0,0.0,1,5,7,4,3,0,1,0,0,1,0,3,11,0,2013,9,41,31,275,0,2,1643.0,17,2,96.6470588235294,8,0.058823529411764705,Catalog,Wines,Medium
9353,1959,Graduation,Single,62450.0,0,1,2014-01-06,61,515.0,47.0,267.0,62.0,66.0,38.0,2,5,5,4,3,0,1,0,0,0,0,3,11,0,2014,1,65,55,175,1,2,995.0,16,1,62.1875,8,0.125,Web,Wines,Medium
3623,1976,Graduation,Married,21675.0,1,0,2014-06-11,55,4.0,0.0,16.0,17.0,4.0,4.0,3,4,0,3,7,0,0,0,0,0,0,3,11,0,2014,6,48,38,19,1,3,45.0,10,0,4.5,11,0.3,Web,Fish,Medium
738,1981,2N Cycle,Single,42395.0,1,1,2014-04-04,35,48.0,13.0,57.0,24.0,15.0,25.0,4,3,1,4,7,0,0,0,0,0,0,3,11,0,2014,4,43,33,87,2,3,182.0,12,0,15.166666666666666,10,0.3333333333333333,Store,Meat,Medium
7631,1978,Master,Married,61346.0,1,0,2013-10-06,34,562.0,58.0,168.0,43.0,16.0,126.5,1,5,7,10,3,0,0,0,0,0,0,3,11,0,2013,10,46,36,267,1,3,973.5,23,0,42.32608695652174,8,0.043478260869565216,Store,Wines,High
4789,1953,Graduation,Married,80812.0,0,0,2013-09-17,95,769.0,22.0,500.0,120.5,81.0,33.0,1,4,8,5,2,1,0,1,1,0,0,3,11,0,2013,9,71,61,286,0,2,1525.5,18,3,84.75,6,0.05555555555555555,Catalog,Wines,Medium
773,1971,Master,Divorced,42835.0,1,1,2013-06-30,64,379.0,4.0,93.0,12.0,9.0,98.0,7,6,6,4,6,0,0,0,0,0,0,3,11,0,2013,6,53,43,365,2,3,595.0,23,0,25.869565217391305,12,0.30434782608695654,Web,Wines,High
10602,1983,Graduation,Married,39922.0,1,0,2013-02-14,30,29.0,12.0,59.0,19.0,1.0,36.0,2,3,0,4,8,0,0,0,0,0,0,3,11,0,2013,2,41,31,501,1,3,156.0,9,0,17.333333333333332,11,0.2222222222222222,Store,Meat,Low
1446,1956,Master,Single,86424.0,0,0,2014-04-05,12,387.0,68.0,556.0,89.0,45.0,68.0,1,6,9,12,1,0,0,0,0,0,0,3,11,0,2014,4,68,58,86,0,1,1213.0,28,0,43.32142857142857,7,0.03571428571428571,Store,Meat,High
3270,1978,2N Cycle,Married,17117.0,1,0,2013-01-17,96,12.0,23.0,38.0,30.0,18.0,7.0,4,3,1,3,9,0,0,0,0,0,0,3,11,0,2013,1,46,36,529,1,3,128.0,11,0,11.636363636363637,12,0.36363636363636365,Web,Meat,Medium
8443,1972,Graduation,Single,24762.0,1,0,2014-02-10,16,6.0,10.0,12.0,3.0,15.0,40.0,3,3,1,2,8,1,0,0,0,0,0,3,11,1,2014,2,52,42,140,1,2,86.0,9,2,9.555555555555555,11,0.3333333333333333,Web,Gold,Low
9653,1975,Graduation,Married,35797.0,0,1,2012-10-16,16,27.0,1.0,14.0,4.0,1.0,21.0,2,2,0,3,8,0,0,0,0,0,0,3,11,0,2012,10,49,39,622,1,3,68.0,7,0,9.714285714285714,10,0.2857142857142857,Store,Wines,Low
8916,1975,Graduation,Divorced,36627.0,2,0,2013-07-23,78,9.0,1.0,5.0,0.0,0.0,1.0,1,0,0,3,5,0,0,0,0,0,0,3,11,0,2013,7,49,39,342,2,3,16.0,4,0,4.0,5,0.25,Store,Wines,Low
8017,1981,2N Cycle,Married,51111.0,1,1,2014-06-19,83,22.0,0.0,19.0,6.0,5.0,3.0,2,2,0,3,6,0,0,0,0,0,0,3,11,0,2014,6,43,33,11,2,4,55.0,7,0,7.857142857142857,8,0.2857142857142857,Store,Wines,Low
5830,1972,Phd,Single,86857.0,0,0,2012-09-12,96,899.0,81.0,556.0,120.5,81.0,40.0,1,5,6,10,2,0,0,0,0,0,0,3,11,1,2012,9,52,42,656,0,1,1777.5,22,1,80.79545454545455,7,0.045454545454545456,Store,Wines,High
4597,1970,Phd,Married,82072.0,0,0,2013-07-02,67,889.0,55.0,556.0,120.5,81.0,126.5,1,3,2,13,1,0,0,0,0,0,0,3,11,0,2013,7,54,44,363,0,2,1828.0,19,0,96.21052631578948,4,0.05263157894736842,Store,Wines,Medium
7023,1953,Phd,Single,46231.0,2,1,2012-11-26,87,189.0,2.0,55.0,0.0,5.0,12.0,4,6,1,4,9,0,0,0,0,0,0,3,11,0,2012,11,71,61,581,3,4,263.0,15,0,17.533333333333335,15,0.26666666666666666,Web,Wines,Medium
8086,1959,Graduation,Married,42243.0,1,1,2013-12-11,34,48.0,0.0,2.0,0.0,0.0,5.0,2,2,0,3,7,0,0,0,0,0,0,3,11,0,2013,12,65,55,201,2,4,55.0,7,0,7.857142857142857,9,0.2857142857142857,Store,Wines,Low
8825,1962,Graduation,Married,51195.0,1,1,2013-04-01,46,230.0,14.0,156.0,82.0,24.0,58.0,8,9,2,5,8,0,0,0,0,0,0,3,11,0,2013,4,62,52,455,2,4,564.0,24,0,23.5,17,0.3333333333333333,Web,Wines,High
2930,1978,Master,Single,68092.0,0,0,2013-12-16,7,852.0,60.0,207.0,78.0,36.0,48.0,2,2,6,10,5,0,0,0,0,0,0,3,11,0,2013,12,46,36,196,0,1,1281.0,20,0,64.05,7,0.1,Store,Wines,High
1928,1973,Graduation,Married,31814.0,1,0,2013-02-09,73,35.0,3.0,20.0,4.0,1.0,20.0,2,2,0,3,9,1,0,0,0,0,0,3,11,0,2013,2,51,41,506,1,3,83.0,7,1,11.857142857142858,11,0.2857142857142857,Store,Wines,Low
7108,1965,Master,Widow,51390.0,1,1,2012-09-08,54,205.0,20.0,47.0,23.0,2.0,56.0,6,5,2,5,5,0,0,0,0,0,0,3,11,0,2012,9,59,49,660,2,3,353.0,18,0,19.61111111111111,10,0.3333333333333333,Web,Wines,Medium
10925,1983,Graduation,Married,76630.0,0,0,2014-01-14,93,255.0,31.0,446.0,40.0,56.0,126.5,1,3,10,11,1,0,0,0,0,0,0,3,11,0,2014,1,41,31,167,0,2,954.5,25,0,38.18,4,0.04,Store,Meat,High
9960,1991,Undergraduate,Single,26868.0,1,0,2014-04-30,52,0.0,0.0,1.0,8.0,3.0,2.0,1,1,0,2,7,0,0,0,0,0,0,3,11,0,2014,4,33,23,61,1,2,14.0,4,0,3.5,8,0.25,Store,Fish,Low
8800,1943,Phd,Divorced,48948.0,0,0,2013-02-01,53,437.0,8.0,206.0,120.5,49.0,42.0,2,7,10,5,6,1,0,0,0,0,0,3,11,1,2013,2,81,71,514,0,1,862.5,24,2,35.9375,13,0.08333333333333333,Catalog,Wines,High
9224,1972,Phd,Single,55260.0,0,1,2012-12-12,81,825.0,8.0,53.0,11.0,0.0,126.5,2,8,10,5,6,0,0,0,0,0,0,3,11,0,2012,12,52,42,565,1,2,1023.5,25,0,40.94,14,0.08,Catalog,Wines,High
5519,1956,Graduation,Married,64090.0,0,1,2013-08-07,8,316.0,58.0,161.0,76.0,51.0,126.5,1,6,9,4,5,0,0,0,0,0,0,3,11,1,2013,8,68,58,327,1,3,788.5,20,1,39.425,11,0.05,Catalog,Wines,High
5046,1958,Graduation,Divorced,78331.0,0,1,2014-01-23,97,756.0,81.0,354.0,120.5,81.0,61.0,2,10,6,7,4,0,0,0,0,0,0,3,11,0,2014,1,66,56,158,1,2,1453.5,25,0,58.14,14,0.08,Web,Wines,High
7037,1974,Phd,Married,37087.0,1,0,2013-08-11,50,194.0,55.0,134.0,15.0,0.0,3.0,3,4,2,8,6,0,0,0,0,0,0,3,11,0,2013,8,50,40,323,1,3,401.0,17,0,23.58823529411765,10,0.17647058823529413,Store,Wines,Medium
905,1986,Graduation,Divorced,21846.0,1,0,2013-10-22,38,7.0,17.0,18.0,6.0,10.0,26.0,4,4,0,3,8,0,0,0,0,0,0,3,11,0,2013,10,38,28,251,1,2,84.0,11,0,7.636363636363637,12,0.36363636363636365,Web,Gold,Medium
8624,1958,Graduation,Married,81320.0,0,0,2013-02-06,61,183.0,33.0,493.0,59.0,81.0,57.0,1,4,3,10,2,0,0,0,0,0,0,3,11,0,2013,2,66,56,509,0,2,906.0,18,0,50.333333333333336,6,0.05555555555555555,Store,Meat,Medium
8945,1970,Graduation,Divorced,54137.0,0,1,2013-08-16,46,171.0,0.0,11.0,0.0,1.0,20.0,2,4,1,4,6,0,0,0,0,0,0,3,11,0,2013,8,54,44,318,1,2,203.0,11,0,18.454545454545453,10,0.18181818181818182,Web,Wines,Medium
6445,1967,Graduation,Married,66825.0,0,0,2013-07-14,73,243.0,81.0,405.0,29.0,40.0,40.0,1,4,5,6,2,0,0,0,0,0,0,3,11,0,2013,7,57,47,351,0,2,838.0,16,0,52.375,6,0.0625,Store,Meat,Medium
2727,1973,Graduation,Married,57100.0,0,0,2013-12-04,19,181.0,21.0,69.0,39.0,3.0,96.0,1,3,3,6,3,0,0,0,0,0,0,3,11,0,2013,12,51,41,208,0,2,409.0,13,0,31.46153846153846,6,0.07692307692307693,Store,Wines,Medium
6404,1969,Graduation,Married,58917.0,1,2,2013-03-24,10,151.0,7.0,89.0,0.0,7.0,28.0,5,4,1,6,5,0,0,0,0,0,0,3,11,0,2013,3,55,45,463,3,5,282.0,16,0,17.625,9,0.3125,Store,Wines,Medium
11074,1977,Graduation,Single,85072.0,0,0,2014-04-09,94,494.0,81.0,391.0,120.5,11.0,126.5,1,3,4,10,0,0,0,0,0,0,0,3,11,0,2014,4,47,37,82,0,1,1224.0,18,0,68.0,3,0.05555555555555555,Store,Wines,Medium
10150,1961,Graduation,Single,86429.0,0,0,2013-11-21,10,464.0,28.0,556.0,29.0,18.0,37.0,0,7,4,7,2,0,0,0,1,0,0,3,11,1,2013,11,63,53,221,0,1,1132.0,18,2,62.888888888888886,9,0.0,Web,Meat,Medium
1968,1971,Graduation,Widow,45684.0,1,0,2013-12-02,37,5.0,1.0,5.0,10.0,0.0,7.0,1,1,0,2,7,0,0,0,0,0,0,3,11,0,2013,12,53,43,210,1,2,28.0,4,0,7.0,8,0.25,Store,Fish,Low
6534,1974,Graduation,Married,47889.0,1,0,2014-01-04,94,29.0,0.0,29.0,0.0,5.0,4.0,1,2,0,3,5,0,0,0,0,0,0,3,11,0,2014,1,50,40,177,1,3,67.0,6,0,11.166666666666666,7,0.16666666666666666,Store,Wines,Low
9485,1986,Phd,Married,45921.0,0,0,2014-03-10,23,102.0,9.0,49.0,24.0,3.0,12.0,1,2,1,6,4,0,0,0,0,0,0,3,11,0,2014,3,38,28,112,0,2,199.0,10,0,19.9,6,0.1,Store,Wines,Medium
7053,1966,Phd,Single,78420.0,0,0,2013-06-29,75,604.0,28.0,556.0,91.0,28.0,28.0,1,3,10,8,1,0,0,0,0,0,0,3,11,0,2013,6,58,48,366,0,1,1335.0,22,0,60.68181818181818,4,0.045454545454545456,Catalog,Wines,High
4654,1992,Graduation,Married,75114.0,0,0,2013-11-07,40,571.0,12.0,523.0,63.0,60.0,24.0,1,3,10,5,2,0,0,0,0,0,0,3,11,0,2013,11,32,22,235,0,2,1253.0,19,0,65.94736842105263,5,0.05263157894736842,Catalog,Wines,Medium
9760,1963,Phd,Widow,52278.0,0,1,2013-01-25,24,953.0,0.0,71.0,0.0,0.0,126.5,6,10,5,10,8,0,0,0,0,0,0,3,11,1,2013,1,61,51,521,1,2,1150.5,31,1,37.11290322580645,18,0.1935483870967742,Web,Wines,High
1048,1972,Master,Married,35641.0,1,0,2013-07-14,11,63.0,3.0,67.0,8.0,9.0,28.0,2,3,1,4,7,0,0,0,0,0,0,3,11,1,2013,7,52,42,351,1,3,178.0,10,1,17.8,10,0.2,Store,Meat,Medium
10619,1994,Graduation,Single,95529.0,0,0,2012-12-03,29,770.0,29.0,556.0,120.5,27.0,24.0,1,7,3,7,3,0,0,1,0,0,0,3,11,1,2012,12,30,20,574,0,1,1526.5,18,2,84.80555555555556,10,0.05555555555555555,Web,Wines,Medium
9308,1954,Graduation,Married,62820.0,0,0,2013-05-11,51,398.0,61.0,265.0,120.5,61.0,53.0,1,3,4,6,1,0,0,0,0,0,0,3,11,0,2013,5,70,60,415,0,2,958.5,14,0,68.46428571428571,4,0.07142857142857142,Store,Wines,Medium
10505,1960,Master,Married,73113.0,0,0,2013-12-26,86,741.0,19.0,154.0,50.0,9.0,28.0,1,3,4,7,2,0,0,0,0,0,0,3,11,0,2013,12,64,54,186,0,2,1001.0,15,0,66.73333333333333,5,0.06666666666666667,Store,Wines,Medium
8362,1982,Phd,Married,84169.0,0,0,2013-08-07,9,1224.0,19.0,403.0,0.0,19.0,0.0,1,7,6,6,3,0,1,1,0,0,0,3,11,1,2013,8,42,32,327,0,2,1665.0,20,3,83.25,10,0.05,Web,Wines,High
2625,1954,2N Cycle,Single,42607.0,0,1,2013-11-17,30,156.0,29.0,56.0,30.0,32.0,47.0,2,3,2,7,3,0,0,0,0,0,0,3,11,0,2013,11,70,60,225,1,2,350.0,14,0,25.0,6,0.14285714285714285,Store,Wines,Medium
4637,1954,Phd,Single,74637.0,0,0,2013-05-18,73,960.0,64.0,464.0,120.5,0.0,16.0,1,6,9,9,3,0,0,0,1,0,0,3,11,0,2013,5,70,60,408,0,1,1624.5,25,1,64.98,9,0.04,Catalog,Wines,High
9972,1955,Phd,Married,46015.0,1,1,2014-04-13,25,38.0,0.0,2.0,0.0,0.0,6.0,1,1,0,3,7,1,0,0,0,1,0,3,11,0,2014,4,69,59,78,2,4,46.0,5,2,9.2,8,0.2,Store,Wines,Low
4483,1993,Graduation,Single,72354.0,0,0,2013-04-17,67,315.0,26.0,473.0,120.5,12.0,126.5,1,2,10,6,1,0,0,0,0,0,0,3,11,0,2013,4,31,21,439,0,1,1073.0,19,0,56.473684210526315,3,0.05263157894736842,Catalog,Meat,Medium
4487,1969,Master,Single,39858.0,1,0,2013-01-24,67,15.0,20.0,25.0,2.0,7.0,26.0,1,2,0,4,6,0,0,0,0,0,0,3,11,1,2013,1,55,45,522,1,2,95.0,7,1,13.571428571428571,8,0.14285714285714285,Store,Gold,Low
4988,1948,Phd,Married,34469.0,1,1,2014-05-04,58,19.0,6.0,20.0,0.0,5.0,12.0,3,1,1,4,4,0,0,0,0,0,0,3,11,0,2014,5,76,66,57,2,4,62.0,9,0,6.888888888888889,5,0.3333333333333333,Store,Meat,Low
8931,1986,Graduation,Married,83033.0,1,0,2014-05-18,82,812.0,81.0,431.0,120.5,81.0,33.0,1,11,4,10,5,0,0,0,1,0,0,3,11,0,2014,5,38,28,43,1,3,1558.5,26,1,59.94230769230769,16,0.038461538461538464,Web,Wines,High
5871,1979,Master,Married,24401.0,0,0,2012-08-31,98,73.0,28.0,217.0,10.0,24.0,115.0,3,6,1,6,8,0,0,0,0,0,0,3,11,0,2012,8,45,35,668,0,2,467.0,16,0,29.1875,14,0.1875,Web,Meat,Medium
2008,1978,Graduation,Married,77583.0,0,0,2014-02-10,93,372.0,23.0,384.0,120.5,12.0,108.0,1,4,5,9,2,0,0,0,1,0,0,3,11,0,2014,2,46,36,140,0,2,1019.5,19,1,53.6578947368421,6,0.05263157894736842,Store,Meat,Medium
3139,1982,2N Cycle,Single,74116.0,0,0,2013-12-30,53,871.0,81.0,556.0,120.5,55.0,126.5,1,4,4,10,2,0,1,0,0,0,0,3,11,0,2013,12,42,32,182,0,1,1810.0,19,1,95.26315789473684,6,0.05263157894736842,Store,Wines,Medium
10037,1993,Graduation,Single,74293.0,0,0,2014-05-04,66,375.0,81.0,335.0,93.0,81.0,81.0,1,5,4,6,2,0,0,0,0,0,0,3,11,0,2014,5,31,21,57,0,1,1046.0,16,0,65.375,7,0.0625,Store,Wines,Medium
10673,1976,Phd,Married,68397.0,0,1,2013-11-17,6,760.0,80.0,466.0,17.0,13.0,80.0,1,6,9,5,3,0,0,0,0,0,0,3,11,0,2013,11,48,38,225,1,3,1416.0,21,0,67.42857142857143,9,0.047619047619047616,Catalog,Wines,High
5303,1974,Phd,Married,79632.0,0,0,2014-04-08,42,471.0,0.0,510.0,99.0,21.0,12.0,1,6,4,9,2,0,0,0,0,0,0,3,11,0,2014,4,50,40,83,0,2,1113.0,20,0,55.65,8,0.05,Store,Meat,High
538,1989,Graduation,Single,46107.0,1,0,2014-02-10,78,31.0,9.0,27.0,16.0,9.0,33.0,1,1,1,4,3,0,0,0,0,0,0,3,11,0,2014,2,35,25,140,1,2,125.0,7,0,17.857142857142858,4,0.14285714285714285,Store,Gold,Low
7922,1951,Phd,Single,64950.0,0,1,2012-08-12,29,819.0,0.0,72.0,12.0,0.0,63.0,2,11,2,10,7,0,1,0,0,0,0,3,11,0,2012,8,73,63,687,1,2,966.0,25,1,38.64,18,0.08,Web,Wines,High
5692,1989,Undergraduate,Married,25443.0,1,0,2012-12-22,82,1.0,4.0,3.0,8.0,9.0,7.0,1,1,0,3,8,0,0,0,0,0,0,3,11,0,2012,12,35,25,555,1,3,32.0,5,0,6.4,9,0.2,Store,Sweets,Low
4843,1952,Graduation,Single,75127.0,0,0,2014-05-22,92,203.0,35.0,305.0,46.0,17.0,126.5,1,2,11,5,1,0,0,0,0,0,0,3,11,0,2014,5,72,62,39,0,1,732.5,19,0,38.55263157894737,3,0.05263157894736842,Catalog,Meat,Medium
6383,1971,Phd,Married,32892.0,1,0,2014-05-25,78,26.0,0.0,15.0,2.0,1.0,2.0,2,3,0,3,8,0,0,0,0,0,0,3,11,0,2014,5,53,43,36,1,3,46.0,8,0,5.75,11,0.25,Web,Wines,Low
1628,1971,Graduation,Married,71796.0,0,0,2013-10-24,54,354.0,21.0,311.0,120.5,75.0,32.0,1,9,3,4,4,0,0,0,0,0,0,3,11,0,2013,10,53,43,249,0,2,913.5,17,0,53.73529411764706,13,0.058823529411764705,Web,Wines,Medium
1204,1970,Phd,Married,67536.0,0,1,2013-05-22,45,1224.0,0.0,447.0,23.0,71.0,35.0,3,11,5,11,8,0,0,0,1,0,0,3,11,0,2013,5,54,44,404,1,3,1800.0,30,1,60.0,19,0.1,Web,Wines,High
3673,1971,Graduation,Single,55239.0,0,1,2013-07-14,59,371.0,17.0,238.0,23.0,24.0,106.0,3,7,5,11,5,0,0,0,0,0,0,3,11,0,2013,7,53,43,351,1,2,779.0,26,0,29.96153846153846,12,0.11538461538461539,Store,Wines,High
760,1975,Phd,Divorced,60554.0,1,0,2013-08-09,8,588.0,7.0,76.0,110.0,15.0,15.0,2,8,4,9,6,0,0,0,0,0,0,3,11,0,2013,8,49,39,325,1,2,811.0,23,0,35.26086956521739,14,0.08695652173913043,Store,Wines,High
8957,1952,2N Cycle,Single,64831.0,1,1,2013-06-10,51,480.0,81.0,249.0,75.0,81.0,126.5,8,6,3,5,6,0,0,0,0,0,0,3,11,0,2013,6,72,62,385,2,3,1092.5,22,0,49.65909090909091,12,0.36363636363636365,Web,Wines,High
4128,1962,Phd,Married,56067.0,0,1,2013-07-20,51,517.0,12.0,54.0,16.0,6.0,120.0,2,7,4,7,5,0,0,0,0,0,0,3,11,0,2013,7,62,52,345,1,3,725.0,20,0,36.25,12,0.1,Web,Wines,High
6810,1983,Graduation,Divorced,82025.0,0,0,2013-05-28,76,267.0,81.0,556.0,48.0,70.0,98.0,1,3,2,6,1,0,0,1,0,0,0,3,11,1,2013,5,41,31,398,0,1,1120.0,12,2,93.33333333333333,4,0.08333333333333333,Store,Meat,Medium
5386,1953,Graduation,Married,94384.0,0,0,2013-03-04,62,1111.0,24.0,556.0,120.5,45.0,126.5,0,5,8,5,2,0,1,1,1,0,0,3,11,1,2013,3,71,61,483,0,2,1983.0,18,4,110.16666666666667,7,0.0,Catalog,Wines,Medium
8700,1986,Undergraduate,Single,14906.0,0,0,2012-12-22,86,7.0,7.0,14.0,7.0,16.0,15.0,3,2,1,3,7,0,0,0,0,0,0,3,11,0,2012,12,38,28,555,0,1,66.0,9,0,7.333333333333333,9,0.3333333333333333,Store,Sweets,Low
3202,1987,Phd,Married,51563.0,0,0,2012-10-01,60,1166.0,0.0,48.0,0.0,0.0,36.0,1,4,4,10,8,0,1,1,0,0,0,3,11,0,2012,10,37,27,637,0,2,1250.0,19,2,65.78947368421052,12,0.05263157894736842,Store,Wines,Medium
1328,1982,2N Cycle,Married,57937.0,0,1,2014-02-16,56,261.0,42.0,144.0,55.0,48.0,126.5,3,4,4,9,3,0,0,0,0,0,0,3,11,0,2014,2,42,32,134,1,3,676.5,20,0,33.825,7,0.15,Store,Wines,High
8405,1979,Graduation,Divorced,68274.0,1,1,2013-09-30,83,135.0,25.0,51.0,23.0,25.0,46.0,2,4,2,5,3,0,0,0,0,0,0,3,11,0,2013,9,45,35,273,2,3,305.0,13,0,23.46153846153846,7,0.15384615384615385,Store,Wines,Medium
6515,1977,Graduation,Married,39771.0,1,0,2013-12-06,92,6.0,2.0,18.0,2.0,8.0,14.0,1,2,0,3,4,0,0,0,0,0,0,3,11,0,2013,12,47,37,206,1,3,50.0,6,0,8.333333333333334,6,0.16666666666666666,Store,Meat,Low
2882,1975,2N Cycle,Divorced,67893.0,0,1,2012-10-01,31,711.0,28.0,142.0,49.0,18.0,47.0,2,3,2,9,8,0,0,0,0,0,0,3,11,0,2012,10,49,39,637,1,2,995.0,16,0,62.1875,11,0.125,Store,Wines,Medium
7574,1979,Phd,Married,27922.0,1,0,2014-05-10,80,11.0,0.0,13.0,2.0,4.0,11.0,1,2,0,3,4,0,0,0,0,0,0,3,11,0,2014,5,45,35,51,1,3,41.0,6,0,6.833333333333333,6,0.16666666666666666,Store,Meat,Low
6387,1976,Phd,Married,52190.0,1,1,2014-05-08,39,42.0,0.0,17.0,0.0,0.0,18.0,3,2,1,3,5,1,0,0,0,0,0,3,11,0,2014,5,48,38,53,2,4,77.0,9,1,8.555555555555555,7,0.3333333333333333,Store,Wines,Low
5320,1973,Master,Divorced,44051.0,1,1,2013-01-29,20,79.0,7.0,58.0,6.0,3.0,18.0,4,3,1,4,6,0,0,0,0,0,0,3,11,1,2013,1,51,41,517,2,3,171.0,12,1,14.25,9,0.3333333333333333,Store,Wines,Medium
5048,1971,Phd,Single,42767.0,2,0,2013-05-11,53,20.0,6.0,43.0,19.0,5.0,38.0,1,3,1,2,8,0,0,0,0,0,0,3,11,0,2013,5,53,43,415,2,3,131.0,7,0,18.714285714285715,11,0.14285714285714285,Web,Meat,Low
8146,1976,Master,Married,46106.0,1,1,2014-05-11,84,30.0,0.0,8.0,2.0,0.0,14.0,1,1,1,2,6,0,0,0,0,0,0,3,11,0,2014,5,48,38,50,2,4,54.0,5,0,10.8,7,0.2,Store,Wines,Low
10031,1976,Phd,Married,16927.0,1,1,2013-02-10,50,20.0,2.0,23.0,3.0,1.0,4.0,5,3,0,4,8,0,0,0,0,0,0,3,11,0,2013,2,48,38,505,2,4,53.0,12,0,4.416666666666667,11,0.4166666666666667,Store,Meat,Medium
5748,1965,Graduation,Married,59754.0,0,1,2012-12-01,96,115.0,27.0,44.0,4.0,81.0,126.5,3,5,2,6,5,0,0,0,0,0,0,3,11,1,2012,12,59,49,576,1,3,397.5,16,1,24.84375,10,0.1875,Store,Gold,Medium
2134,1952,Graduation,Single,53700.0,0,1,2012-08-17,94,263.0,5.0,233.0,69.0,41.0,83.0,4,5,5,8,5,0,0,0,0,0,0,3,11,0,2012,8,72,62,682,1,2,694.0,22,0,31.545454545454547,10,0.18181818181818182,Store,Wines,High
1523,1973,Graduation,Married,59041.0,1,1,2014-05-07,25,69.0,2.0,15.0,2.0,2.0,6.0,2,2,0,4,5,0,0,0,0,0,0,3,11,0,2014,5,51,41,54,2,4,96.0,8,0,12.0,7,0.25,Store,Wines,Low
9665,1957,Phd,Divorced,54237.0,0,1,2013-04-27,48,267.0,3.0,30.0,4.0,0.0,57.0,4,5,2,5,6,0,0,0,0,0,0,3,11,0,2013,4,67,57,429,1,2,361.0,16,0,22.5625,11,0.25,Web,Wines,Medium
4640,1967,Graduation,Divorced,70647.0,0,1,2012-09-21,65,561.0,81.0,171.0,25.0,81.0,114.0,2,4,7,13,2,0,0,0,0,0,0,3,11,0,2012,9,57,47,647,1,2,1033.0,26,0,39.73076923076923,6,0.07692307692307693,Store,Wines,High
3635,1962,Phd,Single,52597.0,0,1,2014-05-07,69,492.0,0.0,37.0,7.0,0.0,42.0,3,6,3,8,5,0,0,0,0,0,0,3,11,0,2014,5,62,52,54,1,2,578.0,20,0,28.9,11,0.15,Store,Wines,High
3547,1969,Master,Married,41021.0,1,0,2012-12-30,12,14.0,7.0,9.0,6.0,16.0,12.0,2,2,0,3,6,0,0,0,0,0,0,3,11,1,2012,12,55,45,547,1,3,64.0,7,1,9.142857142857142,8,0.2857142857142857,Store,Sweets,Low
2456,1975,Phd,Married,40233.0,0,1,2013-10-14,84,80.0,4.0,46.0,0.0,17.0,2.0,5,2,1,5,6,0,0,0,0,0,0,3,11,0,2013,10,49,39,259,1,3,149.0,13,0,11.461538461538462,8,0.38461538461538464,Store,Wines,Medium
5633,1980,Graduation,Married,50183.0,1,1,2014-06-25,47,97.0,12.0,84.0,13.0,10.0,15.0,7,3,1,6,5,0,0,0,0,0,0,3,11,0,2014,6,44,34,5,2,4,231.0,17,0,13.588235294117647,8,0.4117647058823529,Store,Wines,Medium
7801,1959,Graduation,Married,54753.0,0,1,2013-09-12,87,197.0,81.0,227.0,7.0,59.0,126.5,3,5,2,11,4,0,0,0,0,0,0,3,11,0,2013,9,65,55,291,1,3,697.5,21,0,33.214285714285715,9,0.14285714285714285,Store,Meat,High
10489,1973,Graduation,Married,92955.0,0,0,2013-08-19,35,693.0,21.0,556.0,31.0,24.0,84.0,1,6,7,9,2,0,0,1,1,0,0,3,11,1,2013,8,51,41,315,0,2,1409.0,23,3,61.26086956521739,8,0.043478260869565216,Store,Wines,High
7011,1973,Graduation,Married,33471.0,1,0,2012-10-12,47,43.0,2.0,27.0,0.0,9.0,12.0,3,3,0,4,7,0,0,0,0,0,0,3,11,0,2012,10,51,41,626,1,3,93.0,10,0,9.3,10,0.3,Store,Wines,Medium
2620,1974,Phd,Married,34596.0,1,0,2013-04-13,48,14.0,0.0,2.0,0.0,0.0,7.0,1,1,0,2,8,0,0,0,0,0,0,3,11,1,2013,4,50,40,443,1,3,23.0,4,1,5.75,9,0.25,Store,Wines,Low
3933,1980,Graduation,Married,44010.0,1,0,2012-10-13,46,186.0,36.0,234.0,86.0,72.0,48.0,6,10,2,6,9,0,0,0,0,0,0,3,11,0,2012,10,44,34,625,1,3,662.0,24,0,27.583333333333332,19,0.25,Web,Meat,High
10981,1988,Graduation,Married,84219.0,0,0,2014-02-02,27,434.0,81.0,400.0,45.0,81.0,45.0,1,3,4,10,1,0,0,0,0,0,0,3,11,0,2014,2,36,26,148,0,2,1086.0,18,0,60.333333333333336,4,0.05555555555555555,Store,Wines,Medium
1734,1968,Phd,Married,40706.0,2,1,2013-01-17,37,59.0,0.0,11.0,4.0,2.0,5.0,4,3,0,4,7,0,0,0,0,0,0,3,11,0,2013,1,56,46,529,3,5,81.0,11,0,7.363636363636363,10,0.36363636363636365,Store,Wines,Medium
10995,1988,2N Cycle,Married,15716.0,1,0,2012-11-12,8,16.0,5.0,30.0,8.0,7.0,26.0,3,3,0,4,8,0,0,0,0,0,1,3,11,0,2012,11,36,26,595,1,3,92.0,10,0,9.2,11,0.3,Store,Meat,Medium
6357,1959,2N Cycle,Divorced,59052.0,0,1,2013-11-17,29,230.0,35.0,75.0,63.0,57.0,31.0,3,7,1,7,5,0,0,0,0,0,0,3,11,0,2013,11,65,55,225,1,2,491.0,18,0,27.27777777777778,12,0.16666666666666666,Web,Wines,Medium
9209,1971,Master,Married,80573.0,0,0,2012-10-14,85,829.0,81.0,430.0,60.0,81.0,15.0,1,4,6,13,2,0,0,0,0,0,0,3,11,0,2012,10,53,43,624,0,2,1496.0,24,0,62.333333333333336,6,0.041666666666666664,Store,Wines,High
10286,1962,Graduation,Married,83715.0,0,0,2014-02-03,2,318.0,8.0,407.0,120.5,35.0,8.0,1,2,8,13,0,0,0,0,0,0,0,3,11,0,2014,2,62,52,147,0,2,896.5,24,0,37.354166666666664,2,0.041666666666666664,Store,Meat,High
2611,1959,Master,Married,82576.0,0,0,2012-08-01,66,1206.0,55.0,445.0,120.5,18.0,18.0,1,2,4,12,1,0,0,1,0,0,0,3,11,0,2012,8,65,55,698,0,2,1862.5,19,1,98.02631578947368,3,0.05263157894736842,Store,Wines,Medium
1600,1965,Master,Married,56962.0,2,1,2013-10-11,60,292.0,3.0,77.0,10.0,3.0,26.0,7,6,3,5,7,0,0,0,0,0,0,3,11,0,2013,10,59,49,262,3,5,411.0,21,0,19.571428571428573,13,0.3333333333333333,Web,Wines,High
3308,1952,Graduation,Married,35704.0,1,1,2014-01-03,54,30.0,9.0,12.0,2.0,11.0,30.0,3,2,0,4,4,0,0,0,0,0,0,3,11,0,2014,1,72,62,178,2,4,94.0,9,0,10.444444444444445,6,0.3333333333333333,Store,Wines,Low
5407,1954,Graduation,Married,53103.0,0,1,2013-09-12,70,729.0,17.0,133.0,11.0,0.0,126.5,5,10,6,7,7,1,0,0,0,0,0,3,11,0,2013,9,70,60,291,1,3,1016.5,28,1,36.30357142857143,17,0.17857142857142858,Web,Wines,High
2166,1960,2N Cycle,Widow,46779.0,1,1,2013-07-12,55,12.0,1.0,3.0,0.0,0.0,7.0,1,0,1,2,4,0,0,0,0,0,0,3,11,0,2013,7,64,54,353,2,3,23.0,4,0,5.75,4,0.25,Store,Wines,Low
3955,1965,Graduation,Divorced,4861.0,0,0,2014-06-22,20,2.0,1.0,1.0,1.0,0.0,1.0,0,0,0,0,14,0,0,0,0,0,0,3,11,0,2014,6,59,49,8,0,1,6.0,0,0,0.0,14,0.0,Web,Wines,Low
6634,1979,Master,Divorced,33462.0,1,0,2013-08-07,78,22.0,3.0,18.0,0.0,0.0,11.0,1,2,0,3,7,0,0,0,0,0,0,3,11,0,2013,8,45,35,327,1,2,54.0,6,0,9.0,9,0.16666666666666666,Store,Wines,Low
3056,1978,Graduation,Divorced,63693.0,0,1,2013-10-14,63,587.0,43.0,337.0,42.0,81.0,54.0,3,11,6,9,6,0,0,0,0,0,0,3,11,0,2013,10,46,36,259,1,2,1144.0,29,0,39.44827586206897,17,0.10344827586206896,Web,Wines,High
5718,1950,Graduation,Married,80763.0,0,0,2013-08-15,17,674.0,81.0,108.0,120.5,42.0,126.5,1,5,11,6,3,0,0,1,1,0,0,3,11,1,2013,8,74,64,319,0,2,1152.0,23,3,50.08695652173913,8,0.043478260869565216,Catalog,Wines,High
6872,1974,Phd,Married,65352.0,0,1,2013-08-21,43,284.0,3.0,84.0,4.0,7.0,23.0,2,4,2,8,4,0,0,0,0,0,0,3,11,0,2013,8,50,40,313,1,3,405.0,16,0,25.3125,8,0.125,Store,Wines,Medium
8164,1978,Phd,Married,82170.0,0,0,2013-11-25,13,1023.0,81.0,556.0,49.0,55.0,37.0,1,5,6,7,2,0,0,0,0,0,0,3,11,0,2013,11,46,36,217,0,2,1801.0,19,0,94.78947368421052,7,0.05263157894736842,Store,Wines,Medium
4580,1969,Graduation,Married,75759.0,0,0,2013-10-25,46,1224.0,22.0,556.0,89.0,81.0,126.5,1,9,7,9,5,1,0,1,1,0,0,3,11,1,2013,10,55,45,248,0,2,2098.5,26,4,80.71153846153847,14,0.038461538461538464,Web,Wines,High
9305,1976,2N Cycle,Single,79689.0,0,0,2013-05-12,65,311.0,26.0,556.0,120.5,37.0,121.0,1,4,9,13,2,0,0,0,0,0,0,3,11,0,2013,5,48,38,414,0,1,1171.5,27,0,43.388888888888886,6,0.037037037037037035,Store,Meat,High
453,1956,Phd,Widow,35340.0,1,1,2014-06-29,1,27.0,0.0,12.0,0.0,1.0,5.0,2,2,0,3,5,0,0,0,0,0,0,3,11,0,2014,6,68,58,1,2,3,45.0,7,0,6.428571428571429,7,0.2857142857142857,Store,Wines,Low
8545,1954,Graduation,Divorced,85683.0,0,0,2014-03-21,6,1224.0,17.0,311.0,45.0,69.0,51.0,1,2,4,10,1,0,1,1,1,1,0,3,11,1,2014,3,70,60,101,0,1,1717.0,17,5,101.0,3,0.058823529411764705,Store,Wines,Medium
9850,1972,2N Cycle,Married,24884.0,1,0,2012-11-29,32,3.0,6.0,7.0,0.0,0.0,3.0,1,0,0,3,7,0,0,0,0,0,0,3,11,0,2012,11,52,42,578,1,3,19.0,4,0,4.75,7,0.25,Store,Meat,Low
7378,1981,Master,Married,42021.0,1,0,2012-08-31,34,393.0,5.0,136.0,7.0,5.0,27.0,5,10,1,6,9,1,0,0,0,0,0,3,11,0,2012,8,43,33,668,1,3,573.0,22,1,26.045454545454547,19,0.22727272727272727,Web,Wines,High
7646,1989,Graduation,Single,64449.0,1,0,2014-02-18,70,218.0,63.0,282.0,120.5,35.0,70.0,4,5,3,12,4,0,0,0,0,0,0,3,11,0,2014,2,35,25,132,1,2,788.5,24,0,32.854166666666664,9,0.16666666666666666,Store,Meat,High
1640,1954,Graduation,Divorced,64587.0,1,1,2014-06-22,49,66.0,0.0,16.0,0.0,6.0,20.0,2,1,1,4,3,0,0,0,0,0,0,3,11,0,2014,6,70,60,8,2,3,108.0,8,0,13.5,4,0.25,Store,Wines,Low
5184,1995,Graduation,Single,34824.0,0,0,2014-03-26,65,4.0,2.0,11.0,2.0,0.0,4.0,1,1,0,2,6,0,0,0,0,0,0,3,11,0,2014,3,29,19,96,0,1,23.0,4,0,5.75,7,0.25,Store,Meat,Low
8492,1978,Graduation,Married,75437.0,0,0,2013-11-09,25,795.0,0.0,545.0,95.0,58.0,0.0,1,8,4,10,6,0,0,0,1,0,0,3,11,0,2013,11,46,36,233,0,2,1493.0,23,1,64.91304347826087,14,0.043478260869565216,Store,Wines,High
11188,1957,Graduation,Married,26091.0,1,1,2014-02-25,84,15.0,10.0,19.0,8.0,17.0,20.0,3,2,1,3,5,0,0,0,0,0,0,3,11,0,2014,2,67,57,125,2,4,89.0,9,0,9.88888888888889,7,0.3333333333333333,Store,Gold,Low
1212,1973,Graduation,Married,52845.0,1,0,2013-08-13,7,384.0,25.0,292.0,120.5,41.0,64.0,3,8,8,6,6,1,0,0,0,0,0,3,11,0,2013,8,51,41,321,1,3,926.5,25,1,37.06,14,0.12,Web,Wines,High
9097,1956,Graduation,Divorced,46086.0,0,1,2013-11-03,34,244.0,8.0,32.0,7.0,2.0,50.0,4,3,1,8,4,0,0,0,0,0,0,3,11,0,2013,11,68,58,239,1,2,343.0,16,0,21.4375,7,0.25,Store,Wines,Medium
10473,1956,Phd,Widow,78028.0,0,1,2012-09-10,38,158.0,19.0,288.0,25.0,0.0,38.0,1,6,4,9,7,0,1,1,0,0,0,3,11,1,2012,9,68,58,658,1,2,528.0,20,3,26.4,13,0.05,Store,Meat,High
7962,1987,Phd,Single,95169.0,0,0,2013-10-09,1,1224.0,21.0,449.0,106.0,20.0,20.0,1,4,3,4,1,0,0,1,1,0,0,3,11,1,2013,10,37,27,264,0,1,1840.0,12,3,153.33333333333334,5,0.08333333333333333,Web,Wines,Medium
9984,1981,2N Cycle,Married,56337.0,1,1,2013-03-27,25,349.0,16.0,144.0,28.0,5.0,126.5,5,8,5,4,8,1,0,0,1,0,0,3,11,1,2013,3,43,33,460,2,4,668.5,22,3,30.386363636363637,16,0.22727272727272727,Web,Wines,High
5527,1987,Graduation,Married,22434.0,1,0,2013-02-13,25,4.0,12.0,11.0,3.0,13.0,15.0,2,2,0,3,8,0,0,0,0,0,0,3,11,0,2013,2,37,27,502,1,3,58.0,7,0,8.285714285714286,10,0.2857142857142857,Store,Gold,Low
6374,1954,Phd,Married,36930.0,0,1,2013-05-17,50,223.0,2.0,31.0,0.0,2.0,39.0,5,5,2,4,8,0,0,0,0,0,0,3,11,0,2013,5,70,60,409,1,3,297.0,16,0,18.5625,13,0.3125,Web,Wines,Medium
7453,1954,Graduation,Single,36130.0,0,1,2013-02-02,46,157.0,43.0,127.0,68.0,56.0,37.0,6,3,8,4,4,1,0,0,0,0,0,3,11,1,2013,2,70,60,513,1,2,488.0,21,2,23.238095238095237,7,0.2857142857142857,Catalog,Wines,High
8952,1953,Master,Married,65569.0,0,1,2012-11-05,96,397.0,46.0,288.0,20.0,38.0,70.0,2,6,5,10,3,0,0,0,0,0,0,3,11,0,2012,11,71,61,602,1,3,859.0,23,0,37.34782608695652,9,0.08695652173913043,Store,Wines,High
241,1952,Graduation,Married,83844.0,0,0,2013-05-12,57,901.0,31.0,345.0,75.0,31.0,126.5,1,4,4,11,1,0,0,1,0,0,0,3,11,0,2013,5,72,62,414,0,2,1509.5,20,1,75.475,5,0.05,Store,Wines,High
8975,1968,Graduation,Married,19514.0,1,1,2014-01-26,47,14.0,3.0,21.0,2.0,1.0,28.0,4,3,1,2,8,1,0,0,0,0,0,3,11,0,2014,1,56,46,155,2,4,69.0,10,1,6.9,11,0.4,Web,Gold,Medium
6119,1963,Phd,Single,36736.0,1,1,2013-05-10,52,10.0,0.0,3.0,0.0,0.0,4.0,1,1,0,2,6,0,0,0,0,0,0,3,11,0,2013,5,61,51,416,2,3,17.0,4,0,4.25,7,0.25,Store,Wines,Low
5236,1979,Graduation,Married,77568.0,0,1,2012-08-25,30,1224.0,0.0,396.0,120.5,81.0,126.5,1,10,2,8,5,0,1,1,1,0,0,3,11,0,2012,8,45,35,674,1,3,1948.0,21,3,92.76190476190476,15,0.047619047619047616,Web,Wines,High
5723,1976,Phd,Married,49187.0,0,1,2014-01-11,63,81.0,1.0,31.0,2.0,1.0,0.0,1,1,1,5,2,0,0,0,0,0,0,3,11,0,2014,1,48,38,170,1,3,116.0,8,0,14.5,3,0.125,Store,Wines,Low
1710,1978,Graduation,Single,30168.0,1,0,2013-03-07,51,154.0,20.0,66.0,0.0,12.0,27.0,7,6,1,4,9,0,0,0,0,0,0,3,11,0,2013,3,46,36,480,1,2,279.0,18,0,15.5,15,0.3888888888888889,Web,Wines,Medium
1970,1968,Master,Married,34053.0,0,1,2012-09-10,14,63.0,0.0,21.0,7.0,0.0,12.0,1,3,0,3,8,0,0,0,0,0,0,3,11,0,2012,9,56,46,658,1,3,103.0,7,0,14.714285714285714,11,0.14285714285714285,Web,Wines,Low
5313,1971,Master,Married,38196.0,1,1,2014-04-18,20,30.0,0.0,11.0,0.0,0.0,3.0,3,2,0,4,5,0,0,0,0,0,0,3,11,0,2014,4,53,43,73,2,4,44.0,9,0,4.888888888888889,7,0.3333333333333333,Store,Wines,Low
10634,1951,Master,Married,59412.0,0,0,2014-04-19,56,90.0,67.0,165.0,30.0,43.0,11.0,1,4,2,8,3,0,0,0,0,0,0,3,11,0,2014,4,73,63,72,0,2,406.0,15,0,27.066666666666666,7,0.06666666666666667,Store,Meat,Medium
7010,1965,2N Cycle,Married,70924.0,0,0,2014-04-07,41,635.0,81.0,254.0,120.5,81.0,76.0,1,6,6,7,3,0,0,1,0,0,0,3,11,0,2014,4,59,49,84,0,2,1247.5,20,1,62.375,9,0.05,Store,Wines,High
8562,1969,Graduation,Married,54165.0,0,0,2013-05-28,72,127.0,4.0,73.0,15.0,6.0,11.0,1,2,1,7,2,0,0,0,0,0,0,3,11,0,2013,5,55,45,398,0,2,236.0,11,0,21.454545454545453,4,0.09090909090909091,Store,Wines,Medium
3158,1973,Graduation,Married,32300.0,1,0,2013-01-03,1,13.0,3.0,6.0,6.0,5.0,6.0,1,1,0,3,8,0,0,0,0,0,0,3,11,0,2013,1,51,41,543,1,3,39.0,5,0,7.8,9,0.2,Store,Wines,Low
4436,1976,Graduation,Single,20180.0,0,0,2013-02-20,27,18.0,42.0,24.0,15.0,20.0,18.0,1,2,1,4,7,0,0,0,0,0,0,3,11,0,2013,2,48,38,495,0,1,137.0,8,0,17.125,9,0.125,Store,Fruits,Low
5287,1973,Graduation,Married,34961.0,1,0,2014-06-19,77,45.0,2.0,26.0,4.0,1.0,1.0,3,3,1,3,7,0,0,0,0,0,0,3,11,0,2014,6,51,41,11,1,3,79.0,10,0,7.9,10,0.3,Web,Wines,Medium
2445,1974,Phd,Married,28440.0,1,0,2013-07-07,87,38.0,1.0,24.0,0.0,0.0,0.0,1,2,0,3,8,0,0,0,0,0,0,3,11,0,2013,7,50,40,358,1,3,63.0,6,0,10.5,10,0.16666666666666666,Store,Wines,Low
6059,1953,Phd,Married,64504.0,1,2,2013-03-04,81,986.0,36.0,168.0,16.0,0.0,108.0,7,11,3,4,7,0,0,0,0,0,0,3,11,1,2013,3,71,61,483,3,5,1314.0,25,1,52.56,18,0.28,Web,Wines,High
4550,1966,Master,Married,33564.0,0,1,2014-06-24,51,61.0,0.0,3.0,0.0,0.0,7.0,1,1,1,3,5,0,0,0,0,0,0,3,11,0,2014,6,58,48,6,1,3,71.0,6,0,11.833333333333334,6,0.16666666666666666,Store,Wines,Low
4240,1978,Graduation,Married,17345.0,1,0,2012-11-03,79,4.0,9.0,16.0,17.0,0.0,12.0,2,2,1,2,8,0,0,0,0,0,0,3,11,0,2012,11,46,36,604,1,3,58.0,7,0,8.285714285714286,10,0.2857142857142857,Web,Fish,Low
8911,1967,Phd,Married,56320.0,0,1,2013-04-08,11,201.0,53.0,172.0,116.0,77.0,83.0,3,5,4,9,4,0,0,0,0,0,0,3,11,0,2013,4,57,47,448,1,3,702.0,21,0,33.42857142857143,9,0.14285714285714285,Store,Wines,High
3706,1978,Graduation,Single,28647.0,1,0,2013-08-21,54,19.0,8.0,29.0,0.0,12.0,26.0,1,2,2,2,7,1,0,0,0,0,0,3,11,1,2013,8,46,36,313,1,2,94.0,7,2,13.428571428571429,9,0.14285714285714285,Web,Meat,Low
3628,1987,Undergraduate,Single,15038.0,1,0,2013-01-29,93,4.0,8.0,11.0,19.0,12.0,26.0,2,2,1,2,9,0,0,0,0,0,0,3,11,0,2013,1,37,27,517,1,2,80.0,7,0,11.428571428571429,11,0.2857142857142857,Web,Gold,Low
10175,1958,Phd,Divorced,32173.0,0,1,2013-08-01,0,18.0,0.0,2.0,0.0,0.0,2.0,1,1,0,3,4,0,0,0,0,0,0,3,11,0,2013,8,66,56,333,1,2,22.0,5,0,4.4,5,0.2,Store,Wines,Low
8985,1964,2N Cycle,Married,68316.0,0,1,2012-11-04,54,806.0,80.0,161.0,120.0,11.0,33.0,5,10,7,10,6,0,0,0,0,0,0,3,11,0,2012,11,60,50,603,1,3,1211.0,32,0,37.84375,16,0.15625,Web,Wines,High
5204,1971,Graduation,Married,74538.0,0,0,2013-06-29,21,380.0,81.0,556.0,110.0,81.0,28.0,1,8,8,5,3,0,0,1,0,0,0,3,11,1,2013,6,53,43,366,0,2,1236.0,22,2,56.18181818181818,11,0.045454545454545456,Web,Meat,High
9220,1971,Graduation,Single,91700.0,0,0,2013-01-17,58,576.0,81.0,556.0,120.5,81.0,19.0,1,8,6,5,3,0,0,0,0,0,0,3,11,1,2013,1,53,43,529,0,1,1433.5,20,1,71.675,11,0.05,Web,Wines,High
9888,1969,Graduation,Married,68695.0,0,0,2014-06-25,3,458.0,81.0,356.0,106.0,50.0,40.0,1,4,4,7,2,0,0,0,0,0,0,3,11,0,2014,6,55,45,5,0,2,1091.0,16,0,68.1875,6,0.0625,Store,Wines,Medium
5263,1977,2N Cycle,Married,31056.0,1,0,2013-01-22,99,5.0,10.0,13.0,3.0,8.0,16.0,1,1,0,3,8,0,0,0,0,0,0,3,11,0,2013,1,47,37,524,1,3,55.0,5,0,11.0,9,0.2,Store,Gold,Low
1020,1973,Graduation,Married,79593.0,0,0,2014-05-12,70,350.0,60.0,556.0,110.0,81.0,126.5,1,5,6,7,2,0,0,1,0,0,0,3,11,0,2014,5,51,41,49,0,2,1283.5,19,1,67.55263157894737,7,0.05263157894736842,Store,Meat,Medium
9503,1980,Graduation,Single,28071.0,0,0,2012-08-29,65,39.0,33.0,130.0,41.0,26.0,44.0,2,5,1,5,8,0,0,0,0,0,0,3,11,0,2012,8,44,34,670,0,1,313.0,13,0,24.076923076923077,13,0.15384615384615385,Web,Meat,Medium
10613,1958,Phd,Married,37334.0,1,1,2014-02-26,44,26.0,1.0,16.0,2.0,2.0,15.0,4,3,0,4,4,0,0,0,0,0,0,3,11,0,2014,2,66,56,124,2,4,62.0,11,0,5.636363636363637,7,0.36363636363636365,Store,Wines,Medium
67,1972,Master,Single,46423.0,1,1,2013-09-18,6,68.0,0.0,16.0,0.0,0.0,8.0,3,2,0,4,7,0,0,0,0,0,0,3,11,0,2013,9,52,42,285,2,3,92.0,9,0,10.222222222222221,9,0.3333333333333333,Store,Wines,Low
6019,1971,Phd,Married,37126.0,1,0,2014-03-30,9,45.0,3.0,9.0,4.0,4.0,7.0,1,1,2,2,6,1,0,0,0,0,0,3,11,1,2014,3,53,43,92,1,3,72.0,6,2,12.0,7,0.16666666666666666,Catalog,Wines,Low
5863,1953,Graduation,Married,47703.0,0,1,2013-05-29,95,359.0,0.0,134.0,13.0,26.0,123.0,4,6,3,8,5,0,0,0,0,0,0,3,11,0,2013,5,71,61,397,1,3,655.0,21,0,31.19047619047619,11,0.19047619047619047,Store,Wines,High
3717,1959,Graduation,Married,61180.0,0,1,2014-04-23,70,403.0,24.0,29.0,6.0,24.0,126.5,2,5,5,6,3,1,0,0,0,0,0,3,11,0,2014,4,65,55,68,1,3,612.5,18,1,34.02777777777778,8,0.1111111111111111,Store,Wines,Medium
6730,1954,Graduation,Married,38998.0,1,1,2012-11-03,92,34.0,1.0,14.0,0.0,0.0,5.0,3,2,0,3,8,0,0,0,0,0,1,3,11,0,2012,11,70,60,604,2,4,54.0,8,0,6.75,10,0.375,Store,Wines,Low
10749,1991,Graduation,Single,8028.0,0,0,2012-09-18,62,73.0,18.0,66.0,7.0,12.0,2.0,15,0,1,0,19,0,0,0,0,0,0,3,11,0,2012,9,33,23,650,0,1,178.0,16,0,11.125,19,0.9375,Catalog,Wines,Medium
4998,1962,Graduation,Married,76081.0,0,0,2014-05-23,85,292.0,30.0,415.0,63.0,33.0,126.5,1,4,5,4,2,0,0,0,1,0,0,3,11,0,2014,5,62,52,38,0,2,959.5,14,1,68.53571428571429,6,0.07142857142857142,Catalog,Meat,Medium
6287,1986,Graduation,Married,34728.0,1,0,2013-07-30,2,14.0,0.0,16.0,0.0,0.0,6.0,1,1,1,2,6,0,0,0,0,0,0,3,11,1,2013,7,38,28,335,1,3,36.0,5,1,7.2,7,0.2,Store,Meat,Low
5985,1965,Master,Single,33168.0,0,1,2012-10-13,0,80.0,1.0,37.0,0.0,1.0,3.0,3,2,1,4,7,0,0,0,0,0,0,3,11,0,2012,10,59,49,625,1,2,122.0,10,0,12.2,9,0.3,Store,Wines,Medium
4754,1966,Master,Married,33585.0,0,1,2013-09-25,91,30.0,11.0,33.0,13.0,6.0,29.0,1,2,0,4,4,0,0,0,0,0,0,3,11,0,2013,9,58,48,278,1,3,122.0,7,0,17.428571428571427,6,0.14285714285714285,Store,Meat,Low
4002,1960,Phd,Married,77037.0,0,1,2013-10-13,3,463.0,81.0,333.0,120.5,53.0,10.0,1,7,7,12,3,0,0,0,0,0,0,3,11,0,2013,10,64,54,260,1,3,1060.5,27,0,39.27777777777778,10,0.037037037037037035,Store,Wines,High
8870,1984,Graduation,Married,35196.0,1,0,2012-11-13,68,75.0,12.0,141.0,43.0,39.0,126.5,6,6,1,5,8,0,0,0,0,0,0,3,11,1,2012,11,40,30,594,1,3,436.5,18,1,24.25,14,0.3333333333333333,Web,Meat,Medium
966,1966,Graduation,Married,44529.0,0,1,2013-07-05,98,538.0,13.0,91.0,17.0,6.0,26.0,6,6,2,11,5,0,1,0,0,0,0,3,11,0,2013,7,58,48,360,1,3,691.0,25,1,27.64,11,0.24,Store,Wines,High
4767,1965,2N Cycle,Married,70924.0,0,0,2014-04-07,41,635.0,81.0,254.0,120.5,81.0,76.0,1,6,6,7,3,0,0,1,0,0,0,3,11,0,2014,4,59,49,84,0,2,1247.5,20,1,62.375,9,0.05,Store,Wines,High
9725,1966,Phd,Married,28764.0,1,1,2014-06-05,16,8.0,0.0,3.0,0.0,0.0,1.0,1,1,0,2,8,1,0,0,0,0,0,3,11,0,2014,6,58,48,25,2,4,12.0,4,1,3.0,9,0.25,Store,Wines,Low
4475,1949,Phd,Married,69098.0,0,0,2013-02-16,82,1224.0,22.0,556.0,120.5,0.0,126.5,1,7,8,9,5,0,0,0,0,0,0,3,11,0,2013,2,75,65,499,0,2,2049.0,25,0,81.96,12,0.04,Store,Wines,High
5740,1970,2N Cycle,Divorced,25959.0,1,1,2013-02-14,1,4.0,2.0,12.0,7.0,5.0,26.0,2,1,2,2,6,0,0,0,0,0,0,3,11,1,2013,2,54,44,501,2,3,56.0,7,1,8.0,7,0.2857142857142857,Catalog,Gold,Low
5731,1983,Master,Married,27100.0,1,0,2013-04-05,64,12.0,0.0,13.0,2.0,0.0,10.0,1,1,0,3,7,0,0,0,0,0,0,3,11,0,2013,4,41,31,451,1,3,37.0,5,0,7.4,8,0.2,Store,Meat,Low
7290,1985,Graduation,Single,70596.0,0,0,2012-10-05,68,347.0,44.0,534.0,17.0,0.0,26.0,1,3,5,12,2,0,0,0,0,0,0,3,11,0,2012,10,39,29,633,0,1,968.0,21,0,46.095238095238095,5,0.047619047619047616,Store,Meat,High
3846,1974,Graduation,Married,42557.0,0,1,2012-08-29,98,192.0,5.0,53.0,0.0,5.0,15.0,4,6,1,4,8,0,0,0,0,0,0,3,11,0,2012,8,50,40,670,1,3,270.0,15,0,18.0,14,0.26666666666666666,Web,Wines,Medium
8104,1951,Phd,Married,53312.0,0,0,2013-08-09,32,241.0,0.0,12.0,0.0,0.0,25.0,1,5,1,5,7,0,0,0,0,0,0,3,11,0,2013,8,73,63,325,0,2,278.0,12,0,23.166666666666668,12,0.08333333333333333,Web,Wines,Medium
4507,1952,Graduation,Single,72228.0,0,0,2012-11-27,87,631.0,28.0,491.0,30.0,14.0,56.0,1,6,7,8,3,0,0,0,0,0,0,3,11,0,2012,11,72,62,580,0,1,1250.0,22,0,56.81818181818182,9,0.045454545454545456,Store,Wines,High
11013,1987,Graduation,Married,67605.0,0,0,2013-03-31,84,336.0,28.0,282.0,120.5,54.0,54.0,1,2,8,6,1,0,0,0,0,0,0,3,11,0,2013,3,37,27,456,0,2,874.5,17,0,51.44117647058823,3,0.058823529411764705,Catalog,Wines,Medium
4491,1949,Master,Married,62845.0,1,1,2012-10-01,3,1099.0,0.0,45.0,0.0,0.0,34.0,11,3,4,10,8,0,1,0,0,0,0,3,11,0,2012,10,75,65,637,2,4,1178.0,28,1,42.07142857142857,11,0.39285714285714285,Store,Wines,High
3759,1958,Graduation,Married,65196.0,0,2,2013-07-25,34,743.0,19.0,181.0,12.0,0.0,126.5,2,7,6,11,5,1,0,0,0,0,0,3,11,0,2013,7,66,56,340,2,4,1081.5,26,1,41.59615384615385,12,0.07692307692307693,Store,Wines,High
1162,1987,Phd,Single,42000.0,0,0,2013-01-10,23,124.0,81.0,267.0,85.0,59.0,35.0,2,5,2,11,5,0,0,0,0,0,0,3,11,1,2013,1,37,27,536,0,1,651.0,20,1,32.55,10,0.1,Store,Meat,High
2055,1973,Phd,Divorced,35860.0,1,1,2014-05-19,37,15.0,0.0,8.0,4.0,2.0,20.0,2,1,1,2,5,1,0,0,0,0,0,3,11,0,2014,5,51,41,42,2,3,49.0,6,1,8.166666666666666,6,0.3333333333333333,Store,Gold,Low
10766,1964,Phd,Married,65526.0,0,1,2014-04-11,22,397.0,19.0,69.0,12.0,0.0,9.0,1,4,4,8,2,0,0,0,0,0,0,3,11,0,2014,4,60,50,80,1,3,506.0,17,0,29.764705882352942,6,0.058823529411764705,Store,Wines,Medium
4415,1961,Graduation,Married,16860.0,1,1,2012-09-12,19,10.0,4.0,4.0,3.0,3.0,14.0,3,1,1,3,7,0,0,0,0,0,0,3,11,0,2012,9,63,53,656,2,4,38.0,8,0,4.75,8,0.375,Store,Gold,Low
3005,1992,Graduation,Single,83528.0,0,0,2014-05-01,7,530.0,81.0,556.0,120.5,44.0,126.5,1,4,10,8,1,1,0,0,1,0,0,3,11,1,2014,5,32,22,60,0,1,1458.0,23,3,63.391304347826086,5,0.043478260869565216,Catalog,Meat,High
2223,1965,2N Cycle,Divorced,64176.0,0,1,2012-08-03,52,1215.0,33.0,249.0,64.0,81.0,126.5,8,8,9,8,6,0,0,0,0,0,0,3,11,0,2012,8,59,49,696,1,2,1768.5,33,0,53.59090909090909,14,0.24242424242424243,Catalog,Wines,High
4817,1956,Graduation,Divorced,22304.0,0,0,2012-08-04,91,3.0,2.0,7.0,0.0,4.0,2.0,1,1,0,2,8,0,0,0,0,0,0,3,11,0,2012,8,68,58,695,0,1,18.0,4,0,4.5,9,0.25,Store,Meat,Low
2875,1978,Graduation,Married,67023.0,0,0,2014-03-04,93,444.0,44.0,382.0,11.0,8.0,17.0,1,3,7,13,2,0,0,0,0,0,1,3,11,0,2014,3,46,36,118,0,2,906.0,24,0,37.75,5,0.041666666666666664,Store,Wines,High
10536,1971,Phd,Married,32892.0,1,0,2014-05-25,78,26.0,0.0,15.0,2.0,1.0,2.0,2,3,0,3,8,0,0,0,0,0,0,3,11,0,2014,5,53,43,36,1,3,46.0,8,0,5.75,11,0.25,Web,Wines,Low
11112,1966,Graduation,Married,70713.0,0,1,2012-12-03,23,736.0,81.0,279.0,82.0,76.0,126.5,6,5,6,8,3,0,0,0,0,0,0,3,11,0,2012,12,58,48,574,1,3,1380.5,25,0,55.22,8,0.24,Store,Wines,High
3807,1955,Graduation,Married,59925.0,0,1,2012-11-30,83,473.0,21.0,176.0,19.0,21.0,56.0,3,9,2,9,6,0,0,0,0,0,0,3,11,0,2012,11,69,59,577,1,3,766.0,23,0,33.30434782608695,15,0.13043478260869565,Web,Wines,High
9197,1953,Graduation,Married,39722.0,0,1,2014-02-24,92,32.0,0.0,5.0,2.0,0.0,8.0,2,2,0,3,5,0,0,0,0,0,0,3,11,0,2014,2,71,61,126,1,3,47.0,7,0,6.714285714285714,7,0.2857142857142857,Store,Wines,Low
10832,1958,Graduation,Married,46610.0,0,0,2013-07-18,4,288.0,10.0,30.0,4.0,10.0,125.0,1,6,1,6,6,0,0,0,0,0,0,3,11,0,2013,7,66,56,347,0,2,467.0,14,0,33.357142857142854,12,0.07142857142857142,Web,Wines,Medium
6421,1961,Graduation,Married,88347.0,0,0,2013-07-03,32,1050.0,81.0,555.0,77.0,81.0,118.0,1,4,7,9,1,0,0,0,1,0,0,3,11,0,2013,7,63,53,362,0,2,1962.0,21,1,93.42857142857143,5,0.047619047619047616,Store,Wines,High
4207,1981,Phd,Married,87171.0,0,0,2013-05-01,27,1001.0,44.0,107.0,58.0,44.0,44.0,1,6,7,11,2,1,0,1,0,0,0,3,11,0,2013,5,43,33,425,0,2,1298.0,25,2,51.92,8,0.04,Store,Wines,High
577,1976,2N Cycle,Married,26907.0,1,1,2013-08-20,10,9.0,1.0,7.0,0.0,3.0,2.0,2,1,0,3,7,0,0,0,0,0,0,3,11,0,2013,8,48,38,314,2,4,22.0,6,0,3.6666666666666665,8,0.3333333333333333,Store,Wines,Low
10855,1968,Master,Single,50014.0,1,0,2014-01-22,9,234.0,14.0,77.0,19.0,10.0,42.0,2,4,1,8,5,0,0,0,0,0,0,3,11,0,2014,1,56,46,159,1,2,396.0,15,0,26.4,9,0.13333333333333333,Store,Wines,Medium
3081,1978,Phd,Married,41014.0,1,0,2013-04-22,65,7.0,2.0,6.0,2.0,0.0,3.0,1,1,0,2,7,0,0,0,0,0,0,3,11,0,2013,4,46,36,434,1,3,20.0,4,0,5.0,8,0.25,Store,Wines,Low
3535,1965,Graduation,Single,66294.0,0,0,2014-03-17,68,251.0,81.0,334.0,65.0,81.0,117.0,1,4,3,5,2,0,0,0,0,0,0,3,11,0,2014,3,59,49,105,0,1,929.0,13,0,71.46153846153847,6,0.07692307692307693,Store,Meat,Medium
247,1971,Graduation,Married,36715.0,1,0,2012-11-17,16,172.0,10.0,125.0,21.0,13.0,16.0,6,7,2,4,9,0,0,0,0,0,0,3,11,1,2012,11,53,43,590,1,3,357.0,19,1,18.789473684210527,16,0.3157894736842105,Web,Wines,Medium
8707,1956,Graduation,Married,79456.0,0,0,2012-08-22,12,565.0,42.0,548.0,64.0,81.0,99.0,1,5,6,4,3,0,0,0,0,0,0,3,11,1,2012,8,68,58,677,0,2,1399.0,16,1,87.4375,8,0.0625,Catalog,Wines,Medium
9523,1982,Graduation,Married,40479.0,1,0,2013-08-17,95,5.0,0.0,8.0,2.0,0.0,0.0,1,0,0,3,4,0,0,0,0,0,0,3,11,0,2013,8,42,32,317,1,3,15.0,4,0,3.75,4,0.25,Store,Meat,Low
6072,1970,Master,Single,75345.0,0,0,2013-02-02,16,918.0,57.0,556.0,99.0,38.0,126.5,1,5,8,6,3,0,0,0,1,0,0,3,11,1,2013,2,54,44,513,0,1,1794.5,20,2,89.725,8,0.05,Catalog,Wines,High
6295,1977,Graduation,Married,54233.0,0,1,2013-02-04,46,652.0,8.0,158.0,21.0,0.0,126.5,4,11,6,5,8,0,0,0,0,0,0,3,11,0,2013,2,47,37,511,1,3,965.5,26,0,37.13461538461539,19,0.15384615384615385,Web,Wines,High
10914,1970,Graduation,Single,24163.0,1,1,2013-10-12,3,4.0,1.0,7.0,2.0,1.0,2.0,2,1,0,3,4,0,0,0,0,0,0,3,11,0,2013,10,54,44,261,2,3,17.0,6,0,2.8333333333333335,5,0.3333333333333333,Store,Meat,Low
1509,1958,Phd,Married,84460.0,0,0,2013-01-04,80,152.0,27.0,103.0,106.0,54.0,81.0,0,9,9,4,5,0,1,1,1,1,0,3,11,1,2013,1,66,56,542,0,2,523.0,22,5,23.772727272727273,14,0.0,Web,Wines,High
5577,1983,Graduation,Married,43776.0,1,0,2014-05-03,77,8.0,0.0,9.0,2.0,1.0,3.0,1,1,0,2,6,0,0,0,0,0,0,3,11,0,2014,5,41,31,58,1,3,23.0,4,0,5.75,7,0.25,Store,Meat,Low
7348,1958,Phd,Single,71691.0,0,0,2014-03-17,0,336.0,81.0,411.0,120.5,32.0,43.0,1,4,7,5,2,0,0,0,0,0,0,3,11,1,2014,3,66,56,105,0,1,1023.5,17,1,60.205882352941174,6,0.058823529411764705,Catalog,Meat,Medium
1127,1973,Phd,Married,85844.0,0,0,2014-05-29,62,938.0,19.0,556.0,25.0,81.0,38.0,1,6,6,7,2,0,0,1,0,0,0,3,11,0,2014,5,51,41,32,0,2,1657.0,20,1,82.85,8,0.05,Store,Wines,High
1833,1974,Phd,Single,39190.0,1,0,2014-04-26,91,68.0,8.0,18.0,19.0,8.0,12.0,2,2,1,4,5,0,0,0,0,0,0,3,11,0,2014,4,50,40,65,1,2,133.0,9,0,14.777777777777779,7,0.2222222222222222,Store,Wines,Low
4944,1959,Graduation,Married,71367.0,0,0,2013-08-23,24,227.0,23.0,389.0,42.0,21.0,75.0,1,4,5,7,2,0,0,0,0,0,0,3,11,0,2013,8,65,55,311,0,2,777.0,17,0,45.705882352941174,6,0.058823529411764705,Store,Meat,Medium
9080,1972,Phd,Single,38578.0,1,1,2013-06-22,2,38.0,4.0,22.0,3.0,3.0,3.0,3,3,0,3,8,0,0,0,0,0,0,3,11,0,2013,6,52,42,373,2,3,73.0,9,0,8.11111111111111,11,0.3333333333333333,Web,Wines,Low
6466,1965,Phd,Married,57236.0,1,1,2014-03-12,22,105.0,0.0,9.0,2.0,1.0,4.0,3,2,1,4,3,0,0,0,0,0,0,3,11,0,2014,3,59,49,110,2,4,121.0,10,0,12.1,5,0.3,Store,Wines,Medium
9964,1979,Graduation,Single,61825.0,0,1,2013-08-07,56,162.0,50.0,100.0,55.0,30.0,27.0,1,4,2,8,4,0,0,0,0,0,0,3,11,0,2013,8,45,35,327,1,2,424.0,15,0,28.266666666666666,8,0.06666666666666667,Store,Wines,Medium
4790,1958,Graduation,Divorced,79803.0,0,1,2014-06-02,54,574.0,8.0,216.0,21.0,16.0,33.0,1,4,3,5,1,0,0,0,0,0,0,3,11,0,2014,6,66,56,28,1,2,868.0,13,0,66.76923076923077,5,0.07692307692307693,Store,Wines,Medium
10245,1986,2N Cycle,Single,80910.0,0,0,2012-10-31,71,160.0,80.0,369.0,67.0,39.0,41.0,1,3,3,8,1,0,0,0,0,0,0,3,11,0,2012,10,38,28,607,0,1,756.0,15,0,50.4,4,0.06666666666666667,Store,Meat,Medium
1109,1982,Master,Married,27590.0,1,0,2013-04-23,38,6.0,0.0,5.0,0.0,0.0,1.0,1,1,0,2,7,0,0,0,0,0,0,3,11,0,2013,4,42,32,433,1,3,12.0,4,0,3.0,8,0.25,Store,Wines,Low
6001,1979,Graduation,Married,56775.0,0,1,2013-01-02,62,614.0,35.0,160.0,58.0,35.0,35.0,2,5,8,10,5,0,0,0,0,0,0,3,11,0,2013,1,45,35,544,1,3,937.0,25,0,37.48,10,0.08,Store,Wines,High
5538,1975,Graduation,Divorced,83829.0,0,0,2013-10-08,78,897.0,81.0,430.0,120.5,81.0,27.0,0,4,7,6,1,1,0,1,1,0,0,3,11,1,2013,10,49,39,265,0,1,1636.5,17,4,96.26470588235294,5,0.0,Catalog,Wines,Medium
10552,1979,2N Cycle,Married,54210.0,0,1,2013-05-20,18,70.0,54.0,109.0,80.0,9.0,45.0,2,4,1,7,5,0,0,0,0,0,0,3,11,0,2013,5,45,35,406,1,3,367.0,14,0,26.214285714285715,9,0.14285714285714285,Store,Meat,Medium
1545,1986,Graduation,Married,38508.0,1,0,2013-08-02,95,120.0,19.0,206.0,25.0,19.0,54.0,6,7,2,5,8,0,0,0,0,0,0,3,11,0,2013,8,38,28,332,1,3,443.0,20,0,22.15,15,0.3,Web,Meat,High
7409,1970,Graduation,Married,53187.0,1,0,2013-10-26,66,211.0,2.0,30.0,7.0,7.0,10.0,2,4,1,6,5,0,0,0,0,0,0,3,11,0,2013,10,54,44,247,1,3,267.0,13,0,20.53846153846154,9,0.15384615384615385,Store,Wines,Medium
4444,1972,Graduation,Married,30023.0,1,0,2014-03-24,28,11.0,0.0,16.0,7.0,6.0,21.0,1,2,0,3,8,0,0,0,0,0,0,3,11,0,2014,3,52,42,98,1,3,61.0,6,0,10.166666666666666,10,0.16666666666666666,Store,Gold,Low
146,1960,Phd,Single,76045.0,0,0,2013-11-15,78,760.0,53.0,400.0,17.0,81.0,0.0,1,4,5,11,2,0,0,0,1,0,0,3,11,0,2013,11,64,54,227,0,1,1311.0,21,1,62.42857142857143,6,0.047619047619047616,Store,Wines,High
6271,1952,Phd,Married,50870.0,0,1,2014-06-19,13,53.0,0.0,8.0,0.0,0.0,2.0,1,2,0,3,5,0,0,0,0,0,0,3,11,0,2014,6,72,62,11,1,3,63.0,6,0,10.5,7,0.16666666666666666,Store,Wines,Low
10065,1970,2N Cycle,Married,15315.0,0,0,2013-08-03,27,7.0,4.0,13.0,15.0,8.0,17.0,2,2,0,4,5,0,0,0,0,0,0,3,11,0,2013,8,54,44,331,0,2,64.0,8,0,8.0,7,0.25,Store,Gold,Low
4741,1974,2N Cycle,Married,65463.0,1,0,2014-01-30,17,391.0,32.0,70.0,21.0,32.0,16.0,2,6,2,9,5,0,1,0,0,0,0,3,11,0,2014,1,50,40,151,1,3,562.0,19,1,29.57894736842105,11,0.10526315789473684,Store,Wines,Medium
246,1965,Graduation,Married,66480.0,1,1,2014-05-31,71,199.0,9.0,57.0,20.0,21.0,6.0,7,4,1,7,4,0,0,0,0,0,0,3,11,0,2014,5,59,49,30,2,4,312.0,19,0,16.42105263157895,8,0.3684210526315789,Store,Wines,Medium
375,1954,Graduation,Divorced,76773.0,0,0,2013-02-25,79,516.0,56.0,449.0,86.0,33.0,16.0,1,2,2,11,1,0,0,0,0,0,0,3,11,0,2013,2,70,60,490,0,1,1156.0,16,0,72.25,3,0.0625,Store,Wines,Medium
1524,1983,2N Cycle,Single,81698.0,0,0,2013-03-01,1,709.0,45.0,115.0,30.0,81.0,45.0,1,8,2,5,5,0,0,0,1,0,0,3,11,1,2013,3,41,31,486,0,1,1025.0,16,2,64.0625,13,0.0625,Web,Wines,Medium
10022,1973,Phd,Single,54466.0,1,1,2014-02-09,78,12.0,0.0,4.0,0.0,0.0,0.0,1,1,0,2,5,0,0,0,0,0,0,3,11,0,2014,2,51,41,141,2,3,16.0,4,0,4.0,6,0.25,Store,Wines,Low
7451,1960,Master,Single,98777.0,0,0,2014-02-17,23,1000.0,19.0,556.0,120.5,81.0,38.0,0,4,6,9,1,0,1,0,0,0,0,3,11,0,2014,2,64,54,133,0,1,1814.5,19,1,95.5,5,0.0,Store,Wines,Medium
11010,1984,Phd,Single,16269.0,1,0,2013-08-30,75,19.0,3.0,18.0,3.0,1.0,0.0,3,3,0,3,8,0,0,0,0,0,0,3,11,0,2013,8,40,30,304,1,2,44.0,9,0,4.888888888888889,11,0.3333333333333333,Web,Wines,Low
4356,1971,Graduation,Married,71819.0,0,1,2013-08-28,70,1224.0,28.0,140.0,0.0,14.0,126.5,3,3,3,5,6,0,1,1,0,0,0,3,11,0,2013,8,53,43,306,1,3,1532.5,14,2,109.46428571428571,9,0.21428571428571427,Store,Wines,Medium
3885,1983,Phd,Married,33569.0,1,0,2013-10-16,10,16.0,2.0,18.0,3.0,0.0,24.0,1,1,1,2,8,1,0,0,0,0,0,3,11,1,2013,10,41,31,257,1,3,63.0,5,2,12.6,9,0.2,Store,Gold,Low
1175,1983,Master,Married,36262.0,0,0,2013-09-20,24,88.0,39.0,54.0,64.0,28.0,126.5,1,3,5,3,6,1,0,0,0,0,0,3,11,1,2013,9,41,31,283,0,2,399.5,12,2,33.291666666666664,9,0.08333333333333333,Catalog,Gold,Medium
880,1966,Undergraduate,Married,22634.0,0,0,2013-01-16,47,2.0,23.0,11.0,8.0,6.0,46.0,1,2,1,2,8,0,0,0,0,0,0,3,11,0,2013,1,58,48,530,0,2,96.0,6,0,16.0,10,0.16666666666666666,Web,Gold,Low
2320,1978,2N Cycle,Married,47025.0,0,1,2013-09-12,98,508.0,11.0,59.0,23.0,5.0,29.0,5,11,1,6,9,0,0,0,0,0,0,3,11,0,2013,9,46,36,291,1,3,635.0,23,0,27.608695652173914,20,0.21739130434782608,Web,Wines,High
850,1968,Graduation,Single,70566.0,0,1,2013-10-06,4,381.0,28.0,215.0,84.0,28.0,21.0,2,6,5,9,3,0,0,0,0,0,0,3,11,0,2013,10,56,46,267,1,2,757.0,22,0,34.40909090909091,9,0.09090909090909091,Store,Wines,High
4713,1979,Phd,Married,31605.0,1,0,2012-11-22,15,74.0,0.0,42.0,2.0,1.0,6.0,2,2,1,4,7,0,0,0,0,0,0,3,11,0,2012,11,45,35,585,1,3,125.0,9,0,13.88888888888889,9,0.2222222222222222,Store,Wines,Low
675,1973,Master,Divorced,52034.0,1,1,2013-05-17,67,146.0,0.0,93.0,7.0,13.0,73.0,5,4,2,5,7,0,0,0,0,0,0,3,11,0,2013,5,51,41,409,2,3,332.0,16,0,20.75,11,0.3125,Store,Wines,Medium
5025,1979,Graduation,Single,48526.0,1,0,2013-12-24,32,23.0,17.0,23.0,43.0,20.0,9.0,1,2,1,4,3,0,0,0,0,0,0,3,11,0,2013,12,45,35,188,1,2,135.0,8,0,16.875,5,0.125,Store,Fish,Low
2308,1954,Graduation,Married,46734.0,0,1,2012-11-18,40,110.0,5.0,137.0,26.0,23.0,29.0,2,6,1,5,7,0,0,0,0,0,0,3,11,0,2012,11,70,60,589,1,3,330.0,14,0,23.571428571428573,13,0.14285714285714285,Web,Meat,Medium
5995,1962,Graduation,Divorced,39552.0,1,1,2012-12-18,54,165.0,3.0,147.0,4.0,24.0,41.0,7,6,2,5,8,0,0,0,0,0,0,3,11,1,2012,12,62,52,559,2,3,384.0,20,1,19.2,14,0.35,Web,Wines,High
6749,1966,Graduation,Single,86358.0,1,1,2012-08-08,78,957.0,47.0,494.0,82.0,47.0,95.0,4,5,3,6,8,0,0,0,0,0,0,3,11,0,2012,8,58,48,691,2,3,1722.0,18,0,95.66666666666667,13,0.2222222222222222,Store,Wines,Medium
1010,1977,Graduation,Married,46931.0,2,1,2014-04-24,94,41.0,0.0,17.0,3.0,1.0,16.0,2,1,1,3,3,0,0,0,0,0,0,3,11,0,2014,4,47,37,67,3,5,78.0,7,0,11.142857142857142,4,0.2857142857142857,Store,Wines,Low
8977,1985,Undergraduate,Single,16581.0,0,0,2013-01-12,51,1.0,3.0,4.0,2.0,3.0,11.0,1,0,0,3,4,0,0,0,0,0,0,3,11,0,2013,1,39,29,534,0,1,24.0,4,0,6.0,4,0.25,Store,Gold,Low
4756,1952,2N Cycle,Divorced,63998.0,0,0,2013-12-20,42,176.0,29.0,556.0,0.0,33.0,112.0,1,7,6,11,4,0,0,0,0,0,0,3,11,1,2013,12,72,62,192,0,1,906.0,25,1,36.24,11,0.04,Store,Meat,High
3412,1951,Master,Married,67381.0,0,1,2013-01-15,67,815.0,8.0,53.0,11.0,0.0,70.0,4,2,2,9,7,0,1,0,0,0,0,3,11,0,2013,1,73,63,531,1,3,957.0,17,1,56.294117647058826,9,0.23529411764705882,Store,Wines,Medium
606,1967,Graduation,Single,25930.0,1,1,2013-10-10,87,6.0,1.0,2.0,2.0,0.0,4.0,1,1,0,2,7,0,0,0,0,0,0,3,11,0,2013,10,57,47,263,2,3,15.0,4,0,3.75,8,0.25,Store,Wines,Low
5961,1978,Graduation,Married,42693.0,1,0,2014-06-07,29,8.0,4.0,20.0,6.0,3.0,16.0,1,1,0,3,5,0,0,0,0,0,0,3,11,0,2014,6,46,36,23,1,3,57.0,5,0,11.4,6,0.2,Store,Meat,Low
2975,1976,Graduation,Married,85606.0,0,1,2012-11-12,89,717.0,42.0,556.0,120.5,30.0,84.0,2,6,7,9,3,0,0,0,1,0,0,3,11,0,2012,11,48,38,595,1,3,1549.5,24,1,64.5625,9,0.08333333333333333,Store,Wines,High
2894,1985,Graduation,Single,72903.0,0,0,2013-10-29,74,1067.0,81.0,556.0,0.0,19.0,39.0,1,7,5,8,4,0,1,1,1,0,0,3,11,1,2013,10,39,29,244,0,1,1762.0,21,4,83.9047619047619,11,0.047619047619047616,Store,Wines,High
7613,1974,2N Cycle,Married,49669.0,1,0,2014-05-24,97,166.0,5.0,107.0,11.0,8.0,29.0,2,5,1,6,6,0,0,0,0,0,0,3,11,0,2014,5,50,40,37,1,3,326.0,14,0,23.285714285714285,11,0.14285714285714285,Store,Wines,Medium
10542,1968,Phd,Married,36778.0,1,1,2012-08-05,63,29.0,4.0,34.0,2.0,4.0,4.0,3,3,0,3,9,0,0,0,0,0,0,3,11,0,2012,8,56,46,694,2,4,77.0,9,0,8.555555555555555,12,0.3333333333333333,Web,Meat,Low
8015,1962,Phd,Divorced,85696.0,0,0,2013-05-03,88,714.0,76.0,395.0,116.0,0.0,12.0,1,4,6,9,1,0,0,0,0,0,0,3,11,1,2013,5,62,52,423,0,1,1313.0,20,1,65.65,5,0.05,Store,Wines,High
10617,1989,Master,Divorced,10979.0,0,0,2014-05-22,34,8.0,4.0,10.0,2.0,2.0,4.0,2,3,0,3,5,0,0,0,0,0,0,3,11,0,2014,5,35,25,39,0,1,30.0,8,0,3.75,8,0.25,Web,Meat,Low
11166,1961,Graduation,Married,49678.0,0,1,2013-02-02,81,229.0,5.0,56.0,3.0,2.0,20.0,2,6,2,4,7,0,0,0,0,0,0,3,11,0,2013,2,63,53,513,1,3,315.0,14,0,22.5,13,0.14285714285714285,Web,Wines,Medium
849,1953,Master,Married,56129.0,0,1,2013-06-20,65,320.0,48.0,133.0,39.0,72.0,48.0,4,6,2,10,4,0,0,0,0,0,0,3,11,0,2013,6,71,61,375,1,3,660.0,22,0,30.0,10,0.18181818181818182,Store,Wines,High
523,1989,Graduation,Married,37155.0,1,0,2013-01-31,51,23.0,0.0,26.0,7.0,15.0,3.0,1,2,0,4,5,0,0,0,0,0,0,3,11,0,2013,1,35,25,515,1,3,74.0,7,0,10.571428571428571,7,0.14285714285714285,Store,Meat,Low
4066,1978,2N Cycle,Divorced,21282.0,1,0,2014-05-11,76,1.0,5.0,8.0,4.0,8.0,20.0,2,2,1,2,6,0,0,0,0,0,0,3,11,0,2014,5,46,36,50,1,2,46.0,7,0,6.571428571428571,8,0.2857142857142857,Web,Gold,Low
8414,1962,Phd,Single,33419.0,0,1,2013-08-17,76,56.0,0.0,12.0,0.0,0.0,18.0,2,2,0,4,7,0,0,0,0,0,0,3,11,0,2013,8,62,52,317,1,2,86.0,8,0,10.75,9,0.25,Store,Wines,Low
819,1945,Graduation,Widow,63285.0,0,0,2013-11-05,84,508.0,81.0,249.0,50.0,38.0,126.5,1,6,5,13,3,0,0,0,0,0,0,3,11,0,2013,11,79,69,237,0,1,1052.5,25,0,42.1,9,0.04,Store,Wines,High
4961,1974,Master,Married,21255.0,1,0,2014-01-21,56,29.0,0.0,25.0,2.0,2.0,3.0,4,2,1,4,4,0,0,0,0,0,0,3,11,0,2014,1,50,40,160,1,3,61.0,11,0,5.545454545454546,6,0.36363636363636365,Store,Wines,Medium
749,1981,Graduation,Married,42162.0,1,0,2013-11-19,31,46.0,7.0,59.0,2.0,4.0,27.0,2,3,1,3,6,1,0,0,0,0,0,3,11,1,2013,11,43,33,223,1,3,145.0,9,2,16.11111111111111,9,0.2222222222222222,Web,Meat,Low
5430,1956,Graduation,Married,54450.0,1,1,2012-09-14,0,454.0,0.0,171.0,8.0,19.0,32.0,12,9,2,8,8,0,0,0,0,0,0,3,11,0,2012,9,68,58,654,2,4,684.0,31,0,22.06451612903226,17,0.3870967741935484,Web,Wines,High
7755,1954,Phd,Married,57744.0,0,1,2013-11-12,91,350.0,3.0,39.0,0.0,0.0,19.0,2,9,1,4,8,0,0,0,0,0,0,3,11,0,2013,11,70,60,230,1,3,411.0,16,0,25.6875,17,0.125,Web,Wines,Medium
10525,1986,Graduation,Single,26576.0,1,0,2012-10-13,40,10.0,0.0,8.0,0.0,0.0,9.0,1,1,0,2,9,1,0,0,0,0,0,3,11,1,2012,10,38,28,625,1,2,27.0,4,2,6.75,10,0.25,Store,Wines,Low
1453,1943,Phd,Widow,57513.0,0,0,2013-07-06,59,735.0,40.0,183.0,52.0,20.0,30.0,2,9,3,13,6,0,0,0,0,0,0,3,11,0,2013,7,81,71,359,0,1,1060.0,27,0,39.25925925925926,15,0.07407407407407407,Store,Wines,High
8310,1964,Graduation,Married,68142.0,0,1,2012-08-29,96,897.0,81.0,196.0,91.0,81.0,37.0,3,10,4,7,6,0,0,0,0,0,0,3,11,0,2012,8,60,50,670,1,3,1383.0,24,0,57.625,16,0.125,Web,Wines,High
10710,1979,Graduation,Married,7500.0,0,1,2012-08-29,61,5.0,2.0,3.0,3.0,0.0,5.0,1,1,0,2,8,0,0,0,0,0,0,3,11,0,2012,8,45,35,670,1,3,18.0,4,0,4.5,9,0.25,Store,Wines,Low
5031,1974,Graduation,Married,83145.0,0,0,2012-09-22,14,777.0,35.0,556.0,39.0,81.0,114.0,1,5,9,11,2,0,0,1,0,0,0,3,11,1,2012,9,50,40,646,0,2,1602.0,26,2,61.61538461538461,7,0.038461538461538464,Store,Wines,High
2613,1960,Master,Married,54197.0,0,1,2014-04-03,16,162.0,6.0,37.0,6.0,13.0,13.0,2,1,3,6,1,0,0,0,0,0,0,3,11,0,2014,4,64,54,88,1,3,237.0,12,0,19.75,2,0.16666666666666666,Store,Wines,Medium
213,1963,Phd,Single,23091.0,1,1,2014-05-28,98,35.0,0.0,11.0,0.0,0.0,2.0,4,2,1,3,7,0,0,0,0,0,0,3,11,0,2014,5,61,51,33,2,3,48.0,10,0,4.8,9,0.4,Store,Wines,Medium
967,1976,Graduation,Married,46049.0,1,1,2013-07-21,11,342.0,9.0,112.0,19.0,14.0,19.0,10,5,2,9,7,0,0,0,0,0,0,3,11,1,2013,7,48,38,344,2,4,515.0,26,1,19.807692307692307,12,0.38461538461538464,Store,Wines,High
1077,1974,Graduation,Married,56715.0,0,0,2012-12-05,52,258.0,81.0,239.0,120.5,81.0,9.0,1,7,3,4,4,0,0,0,0,0,0,3,11,0,2012,12,50,40,572,0,2,788.5,15,0,52.56666666666667,11,0.06666666666666667,Web,Wines,Medium
7959,1961,Graduation,Married,79410.0,0,0,2014-05-29,19,658.0,80.0,483.0,120.5,13.0,13.0,1,3,2,5,1,0,0,0,0,0,0,3,11,0,2014,5,63,53,32,0,2,1367.5,11,0,124.31818181818181,4,0.09090909090909091,Store,Wines,Medium
640,1951,Graduation,Married,57304.0,0,1,2013-03-11,61,356.0,80.0,329.0,120.5,17.0,106.0,2,7,6,10,5,0,0,0,0,0,0,3,11,0,2013,3,73,63,476,1,3,1008.5,25,0,40.34,12,0.08,Store,Wines,High
4252,1965,Graduation,Married,44375.0,0,1,2014-03-23,73,213.0,5.0,28.0,7.0,7.0,41.0,1,4,1,6,5,0,0,0,0,0,0,3,11,0,2014,3,59,49,99,1,3,301.0,12,0,25.083333333333332,9,0.08333333333333333,Store,Wines,Medium
8432,1956,Graduation,Married,54450.0,1,1,2012-09-14,0,454.0,0.0,171.0,8.0,19.0,32.0,12,9,2,8,8,0,0,0,0,0,0,3,11,0,2012,9,68,58,654,2,4,684.0,31,0,22.06451612903226,17,0.3870967741935484,Web,Wines,High
6218,1965,Graduation,Married,59594.0,0,1,2012-10-20,74,457.0,4.0,29.0,0.0,0.0,9.0,1,8,1,7,7,0,1,0,0,0,0,3,11,0,2012,10,59,49,618,1,3,499.0,17,1,29.352941176470587,15,0.058823529411764705,Web,Wines,Medium
6905,1994,Graduation,Married,80685.0,0,0,2012-08-22,55,241.0,45.0,556.0,34.0,26.0,54.0,1,6,4,10,2,0,0,0,0,0,0,3,11,0,2012,8,30,20,677,0,2,956.0,21,0,45.523809523809526,8,0.047619047619047616,Store,Meat,High
5922,1974,Phd,Married,40344.0,0,1,2013-10-13,48,210.0,0.0,6.0,0.0,0.0,2.0,2,4,1,5,7,0,0,0,0,0,0,3,11,0,2013,10,50,40,260,1,3,218.0,12,0,18.166666666666668,11,0.16666666666666666,Store,Wines,Medium
3598,1972,Graduation,Married,62710.0,0,1,2013-05-23,53,441.0,35.0,83.0,7.0,29.0,11.0,4,4,2,12,4,0,0,0,0,0,0,3,11,0,2013,5,52,42,403,1,3,606.0,22,0,27.545454545454547,8,0.18181818181818182,Store,Wines,High
6116,1968,2N Cycle,Married,48985.0,0,1,2013-07-05,13,19.0,13.0,18.0,10.0,7.0,8.0,1,1,1,3,3,0,0,0,0,0,0,3,11,0,2013,7,56,46,360,1,3,75.0,6,0,12.5,4,0.16666666666666666,Store,Wines,Low
6263,1968,Graduation,Married,35322.0,1,2,2012-08-22,34,28.0,9.0,37.0,12.0,7.0,13.0,3,2,0,4,8,0,0,0,0,0,0,3,11,0,2012,8,56,46,677,3,5,106.0,9,0,11.777777777777779,10,0.3333333333333333,Store,Meat,Low
10486,1948,Graduation,Married,77142.0,0,0,2013-05-29,54,476.0,75.0,162.0,29.0,81.0,97.0,1,4,4,8,2,0,0,0,0,0,0,3,11,0,2013,5,76,66,397,0,2,920.0,17,0,54.11764705882353,6,0.058823529411764705,Store,Wines,Medium
2410,1969,Graduation,Single,81657.0,0,0,2014-01-22,69,364.0,40.0,425.0,120.5,60.0,50.0,1,3,4,8,1,0,0,0,0,0,0,3,11,0,2014,1,55,45,159,0,1,1059.5,16,0,66.21875,4,0.0625,Store,Meat,Medium
193,1996,Undergraduate,Married,14421.0,0,0,2014-02-17,81,0.0,0.0,2.0,3.0,3.0,8.0,1,1,0,2,5,1,0,0,0,0,0,3,11,0,2014,2,28,18,133,0,2,16.0,4,1,4.0,6,0.25,Store,Gold,Low
3363,1974,2N Cycle,Married,20130.0,0,0,2014-03-17,99,0.0,6.0,3.0,7.0,6.0,12.0,1,1,0,3,8,0,0,0,0,0,0,3,11,0,2014,3,50,40,105,0,2,34.0,5,0,6.8,9,0.2,Store,Gold,Low
8278,1990,Phd,Married,74214.0,0,0,2012-08-26,3,863.0,81.0,547.0,86.0,81.0,33.0,1,8,2,5,5,0,0,0,0,0,0,3,11,0,2012,8,34,24,673,0,2,1691.0,16,0,105.6875,13,0.0625,Web,Wines,Medium
10660,1957,Master,Married,66726.0,1,1,2014-01-12,61,349.0,7.0,35.0,0.0,0.0,47.0,3,8,2,4,7,0,1,0,0,0,0,3,11,0,2014,1,67,57,169,2,4,438.0,17,1,25.764705882352942,15,0.17647058823529413,Web,Wines,Medium
8686,1979,Undergraduate,Married,23724.0,1,0,2013-01-08,65,5.0,23.0,15.0,0.0,18.0,14.0,2,2,0,3,8,0,0,0,0,0,0,3,11,0,2013,1,45,35,538,1,3,75.0,7,0,10.714285714285714,10,0.2857142857142857,Store,Fruits,Low
1604,1960,Master,Married,47353.0,0,1,2013-11-13,93,184.0,2.0,19.0,8.0,8.0,4.0,3,2,2,6,5,0,0,0,0,0,0,3,11,0,2013,11,64,54,229,1,3,225.0,13,0,17.307692307692307,7,0.23076923076923078,Store,Wines,Medium
5907,1952,Master,Married,33444.0,1,1,2012-11-03,24,8.0,0.0,8.0,0.0,0.0,2.0,1,1,0,2,8,0,0,0,0,0,0,3,11,0,2012,11,72,62,604,2,4,18.0,4,0,4.5,9,0.25,Store,Wines,Low
10669,1981,Graduation,Married,54386.0,0,1,2013-05-17,8,277.0,21.0,64.0,62.0,21.0,25.0,2,3,2,10,3,0,0,0,0,0,0,3,11,0,2013,5,43,33,409,1,3,470.0,17,0,27.647058823529413,6,0.11764705882352941,Store,Wines,Medium
2918,1981,Graduation,Divorced,28510.0,1,1,2013-04-13,72,44.0,5.0,19.0,0.0,4.0,19.0,3,2,0,4,5,0,0,0,0,0,0,3,11,0,2013,4,43,33,443,2,3,91.0,9,0,10.11111111111111,7,0.3333333333333333,Store,Wines,Low
5735,1991,Master,Single,90638.0,0,0,2014-02-13,29,1156.0,81.0,556.0,94.0,81.0,96.0,1,3,4,10,1,0,0,1,0,0,0,3,11,0,2014,2,33,23,137,0,1,2064.0,18,1,114.66666666666667,4,0.05555555555555555,Store,Wines,Medium
359,1950,Graduation,Married,48070.0,0,1,2013-01-13,33,373.0,14.0,83.0,6.0,9.0,19.0,3,8,2,6,7,0,0,0,0,0,1,3,11,0,2013,1,74,64,533,1,3,504.0,19,0,26.526315789473685,15,0.15789473684210525,Web,Wines,Medium
8387,1957,Graduation,Married,43140.0,0,1,2013-01-05,68,134.0,8.0,76.0,6.0,0.0,11.0,1,4,1,5,6,0,0,0,0,0,0,3,11,0,2013,1,67,57,541,1,3,235.0,11,0,21.363636363636363,10,0.09090909090909091,Store,Wines,Medium
1829,1961,Phd,Divorced,54959.0,0,1,2013-01-19,55,1148.0,0.0,60.0,0.0,0.0,24.0,3,9,5,4,7,0,1,0,0,0,0,3,11,1,2013,1,63,53,527,1,2,1232.0,21,2,58.666666666666664,16,0.14285714285714285,Web,Wines,High
3839,1958,Undergraduate,Single,15056.0,1,1,2013-05-03,76,6.0,12.0,3.0,21.0,6.0,40.0,5,2,2,3,5,0,0,0,0,0,0,3,11,0,2013,5,66,56,423,2,3,88.0,12,0,7.333333333333333,7,0.4166666666666667,Store,Gold,Medium
9392,1971,Graduation,Single,26954.0,1,0,2014-05-08,17,4.0,1.0,11.0,0.0,0.0,1.0,1,1,0,2,7,0,0,0,0,0,0,3,11,0,2014,5,53,43,53,1,2,17.0,4,0,4.25,8,0.25,Store,Meat,Low
2292,1985,Graduation,Single,22327.0,1,0,2013-08-02,94,5.0,4.0,8.0,2.0,0.0,5.0,1,1,0,3,5,0,0,0,0,0,0,3,11,0,2013,8,39,29,332,1,2,24.0,5,0,4.8,6,0.2,Store,Meat,Low
10466,1965,Graduation,Married,44393.0,1,1,2013-08-22,86,24.0,2.0,20.0,2.0,2.0,10.0,2,1,0,4,4,0,0,0,0,0,0,3,11,0,2013,8,59,49,312,2,4,60.0,7,0,8.571428571428571,5,0.2857142857142857,Store,Wines,Low
9855,1952,Phd,Single,62000.0,0,1,2013-08-25,25,899.0,0.0,101.0,0.0,0.0,20.0,1,6,6,13,4,0,0,0,1,0,0,3,11,0,2013,8,72,62,309,1,2,1020.0,26,1,39.23076923076923,10,0.038461538461538464,Store,Wines,High
4088,1962,Phd,Married,31497.0,0,1,2012-12-06,22,108.0,1.0,28.0,13.0,1.0,4.0,2,3,1,4,8,0,0,0,0,0,0,3,11,0,2012,12,62,52,571,1,3,155.0,10,0,15.5,11,0.2,Store,Wines,Medium
5231,1974,2N Cycle,Married,45894.0,0,2,2014-02-27,15,27.0,2.0,7.0,0.0,2.0,13.0,1,1,0,3,5,0,0,0,0,0,0,3,11,0,2014,2,50,40,123,2,4,51.0,5,0,10.2,6,0.2,Store,Wines,Low
590,1970,Master,Divorced,78579.0,0,0,2012-12-22,35,816.0,66.0,549.0,120.5,66.0,99.0,1,5,6,4,3,0,0,0,0,0,0,3,11,1,2012,12,54,44,555,0,1,1716.5,16,1,107.28125,8,0.0625,Catalog,Wines,Medium
8732,1969,Master,Widow,67369.0,0,1,2012-11-17,81,1224.0,0.0,70.0,37.0,14.0,42.0,4,7,4,10,4,0,1,1,0,0,0,3,11,1,2012,11,55,45,590,1,2,1387.0,25,3,55.48,11,0.16,Store,Wines,High
2315,1960,Graduation,Divorced,58401.0,0,1,2014-04-20,55,10.0,0.0,11.0,17.0,29.0,29.0,1,1,2,2,4,0,0,0,0,0,0,3,11,0,2014,4,64,54,71,1,2,96.0,6,0,16.0,5,0.16666666666666666,Catalog,Sweets,Low
3515,1952,Graduation,Single,62307.0,0,1,2014-02-17,94,87.0,13.0,34.0,10.0,6.0,10.0,1,4,0,4,5,0,0,0,0,0,0,3,11,0,2014,2,72,62,133,1,2,160.0,9,0,17.77777777777778,9,0.1111111111111111,Web,Wines,Low
2245,1969,Master,Married,43641.0,1,1,2013-04-22,50,57.0,2.0,51.0,4.0,2.0,23.0,3,2,1,4,6,0,0,0,0,0,0,3,11,0,2013,4,55,45,434,2,4,139.0,10,0,13.9,8,0.3,Store,Wines,Medium
6283,1968,Master,Divorced,63841.0,0,1,2013-04-21,64,635.0,15.0,100.0,20.0,7.0,126.5,1,9,3,9,6,0,0,0,0,0,0,3,11,0,2013,4,56,46,435,1,2,903.5,22,0,41.06818181818182,15,0.045454545454545456,Web,Wines,High
2246,1965,2N Cycle,Married,46891.0,0,1,2013-09-01,91,43.0,12.0,23.0,29.0,15.0,61.0,1,2,1,4,4,0,0,0,0,0,0,3,11,0,2013,9,59,49,302,1,3,183.0,8,0,22.875,6,0.125,Store,Gold,Low
6606,1969,Master,Married,70091.0,1,0,2013-03-31,11,964.0,34.0,137.0,15.0,0.0,11.0,2,5,2,10,8,0,1,0,0,0,0,3,11,0,2013,3,55,45,456,1,3,1161.0,19,1,61.10526315789474,13,0.10526315789473684,Store,Wines,Medium
5545,1972,Phd,Married,78075.0,0,0,2014-04-05,72,572.0,8.0,259.0,34.0,35.0,80.0,1,3,5,5,1,0,0,0,0,0,0,3,11,0,2014,4,52,42,86,0,2,988.0,14,0,70.57142857142857,4,0.07142857142857142,Catalog,Wines,Medium
7342,1961,2N Cycle,Widow,59184.0,0,1,2012-09-09,6,341.0,81.0,113.0,120.5,81.0,66.0,3,6,6,12,5,0,0,0,0,0,0,3,11,0,2012,9,63,53,659,1,2,802.5,27,0,29.72222222222222,11,0.1111111111111111,Store,Wines,High
837,1977,Graduation,Married,54809.0,1,1,2013-09-11,0,63.0,6.0,57.0,13.0,13.0,22.0,4,2,1,5,4,0,0,0,0,0,0,3,11,0,2013,9,47,37,292,2,4,174.0,12,0,14.5,6,0.3333333333333333,Store,Wines,Medium
9500,1959,Graduation,Married,58113.0,0,1,2013-01-25,66,221.0,81.0,169.0,102.0,78.0,84.0,3,9,2,8,7,0,0,0,0,0,1,3,11,0,2013,1,65,55,521,1,3,735.0,22,0,33.40909090909091,16,0.13636363636363635,Web,Wines,High
3602,1958,Master,Married,51412.0,0,1,2013-12-31,42,140.0,3.0,29.0,4.0,5.0,14.0,2,3,2,4,4,0,0,0,0,0,0,3,11,0,2013,12,66,56,181,1,3,195.0,11,0,17.727272727272727,7,0.18181818181818182,Store,Wines,Medium
234,1979,Graduation,Divorced,15287.0,1,0,2012-10-10,60,1.0,2.0,8.0,4.0,3.0,13.0,2,1,1,2,7,1,0,0,0,0,0,3,11,1,2012,10,45,35,628,1,2,31.0,6,2,5.166666666666667,8,0.3333333333333333,Store,Gold,Low
2995,1957,Master,Married,66636.0,0,0,2013-08-17,64,291.0,10.0,556.0,84.0,10.0,0.0,1,3,4,9,1,0,0,0,0,0,0,3,11,0,2013,8,67,57,317,0,2,951.0,17,0,55.94117647058823,4,0.058823529411764705,Store,Meat,Medium
1118,1956,Master,Married,50965.0,0,1,2013-02-20,87,544.0,13.0,85.0,8.0,6.0,29.0,3,10,4,5,8,1,0,0,0,0,0,3,11,0,2013,2,68,58,495,1,3,685.0,22,1,31.136363636363637,18,0.13636363636363635,Web,Wines,High
7789,1965,Phd,Married,84618.0,0,0,2013-11-22,96,684.0,81.0,556.0,21.0,66.0,0.0,1,6,9,10,2,0,0,1,0,0,0,3,11,0,2013,11,59,49,220,0,2,1408.0,26,1,54.15384615384615,8,0.038461538461538464,Store,Wines,High
3068,1990,Graduation,Married,18351.0,0,0,2013-10-29,1,1.0,12.0,9.0,0.0,14.0,7.0,1,2,0,3,7,0,0,0,0,0,0,3,11,0,2013,10,34,24,244,0,2,43.0,6,0,7.166666666666667,9,0.16666666666666666,Store,Sweets,Low
8955,1957,Phd,Married,40451.0,0,2,2014-02-16,54,35.0,0.0,4.0,0.0,0.0,10.0,1,1,1,2,5,1,0,0,0,0,0,3,11,0,2014,2,67,57,134,2,4,49.0,5,1,9.8,6,0.2,Store,Wines,Low
945,1965,Graduation,Married,36317.0,0,1,2013-05-22,53,87.0,3.0,25.0,3.0,2.0,13.0,2,3,0,4,7,0,0,0,0,0,0,3,11,0,2013,5,59,49,404,1,3,133.0,9,0,14.777777777777779,10,0.2222222222222222,Store,Wines,Low
5644,1957,Graduation,Married,42213.0,0,1,2013-10-12,96,309.0,3.0,24.0,4.0,3.0,20.0,2,5,1,7,7,0,1,0,0,0,0,3,11,0,2013,10,67,57,261,1,3,363.0,15,1,24.2,12,0.13333333333333333,Store,Wines,Medium
7192,1955,Graduation,Married,65748.0,0,1,2013-04-15,58,172.0,73.0,93.0,95.0,78.0,34.0,2,2,4,10,1,0,0,0,0,0,1,3,11,0,2013,4,69,59,441,1,3,545.0,18,0,30.27777777777778,3,0.1111111111111111,Store,Wines,Medium
2324,1972,Graduation,Married,77044.0,0,1,2013-10-27,12,625.0,38.0,242.0,50.0,34.0,76.0,2,7,11,11,4,1,0,0,0,0,0,3,11,0,2013,10,52,42,246,1,3,1065.0,31,1,34.354838709677416,11,0.06451612903225806,Catalog,Wines,High
697,1969,Graduation,Married,74918.0,0,0,2013-03-12,78,972.0,59.0,556.0,25.0,19.0,59.0,1,5,9,6,3,0,0,1,0,0,0,3,11,0,2013,3,55,45,475,0,2,1690.0,21,1,80.47619047619048,8,0.047619047619047616,Catalog,Wines,High
3439,1972,Graduation,Married,56721.0,1,1,2012-10-31,64,157.0,6.0,39.0,6.0,13.0,75.0,5,4,1,5,6,0,0,0,0,0,0,3,11,0,2012,10,52,42,607,2,4,296.0,15,0,19.733333333333334,10,0.3333333333333333,Store,Wines,Medium
1506,1975,Graduation,Single,42160.0,1,1,2013-06-28,26,48.0,9.0,45.0,3.0,15.0,20.0,4,2,1,4,6,0,0,0,0,0,0,3,11,1,2013,6,49,39,367,2,3,140.0,11,1,12.727272727272727,8,0.36363636363636365,Store,Wines,Medium
232,1965,Graduation,Single,61559.0,0,1,2013-07-17,8,279.0,81.0,88.0,32.0,14.0,34.0,1,4,2,10,3,0,0,0,0,0,0,3,11,0,2013,7,59,49,348,1,2,528.0,17,0,31.058823529411764,7,0.058823529411764705,Store,Wines,Medium
8876,1963,Phd,Married,33629.0,1,1,2012-08-08,49,132.0,0.0,16.0,0.0,0.0,4.0,5,3,1,4,9,0,0,0,0,0,0,3,11,0,2012,8,61,51,691,2,4,152.0,13,0,11.692307692307692,12,0.38461538461538464,Store,Wines,Medium
4500,1991,Phd,Married,68682.0,0,0,2013-10-06,56,919.0,0.0,505.0,99.0,30.0,45.0,1,4,9,10,2,0,0,0,0,0,0,3,11,0,2013,10,33,23,267,0,2,1598.0,24,0,66.58333333333333,6,0.041666666666666664,Store,Wines,High
9739,1963,Graduation,Single,34377.0,0,1,2013-01-19,55,62.0,0.0,22.0,3.0,1.0,26.0,2,2,2,2,7,0,0,0,0,0,0,3,11,0,2013,1,61,51,527,1,2,114.0,8,0,14.25,9,0.25,Web,Wines,Low
10395,1986,Undergraduate,Single,8940.0,1,0,2012-08-22,25,1.0,45.0,3.0,4.0,6.0,42.0,3,3,1,3,8,0,0,0,0,0,0,3,11,0,2012,8,38,28,677,1,2,101.0,10,0,10.1,11,0.3,Web,Fruits,Medium
1176,1973,Graduation,Married,26228.0,1,0,2013-09-22,50,2.0,6.0,4.0,3.0,1.0,9.0,1,1,0,2,8,0,0,0,0,0,0,3,11,0,2013,9,51,41,281,1,3,25.0,4,0,6.25,9,0.25,Store,Gold,Low
1627,1957,2N Cycle,Divorced,77297.0,0,0,2013-01-26,84,408.0,61.0,109.0,48.0,81.0,41.0,1,5,7,9,4,0,0,0,1,0,0,3,11,0,2013,1,67,57,520,0,1,748.0,22,1,34.0,9,0.045454545454545456,Store,Wines,High
938,1981,Graduation,Married,40211.0,1,1,2013-07-30,30,51.0,1.0,7.0,2.0,1.0,25.0,2,2,1,2,8,1,0,0,0,0,0,3,11,0,2013,7,43,33,335,2,4,87.0,7,1,12.428571428571429,10,0.2857142857142857,Web,Wines,Low
2740,1958,Phd,Widow,33438.0,1,1,2013-09-22,81,62.0,1.0,16.0,3.0,2.0,6.0,4,2,1,4,5,0,0,0,0,0,0,3,11,0,2013,9,66,56,281,2,3,90.0,11,0,8.181818181818182,7,0.36363636363636365,Store,Wines,Medium
257,1959,Phd,Married,75032.0,0,1,2013-04-28,74,952.0,12.0,180.0,47.0,12.0,12.0,2,5,4,9,3,0,0,0,0,0,0,3,11,0,2013,4,65,55,428,1,3,1215.0,20,0,60.75,8,0.1,Store,Wines,High
4058,1955,Phd,Single,61284.0,0,0,2013-10-12,76,618.0,15.0,106.0,20.0,7.0,45.0,1,11,2,8,6,0,1,0,0,0,0,3,11,0,2013,10,69,59,261,0,1,811.0,22,1,36.86363636363637,17,0.045454545454545456,Web,Wines,High
7736,1986,Graduation,Married,22518.0,1,0,2012-10-22,36,11.0,7.0,12.0,2.0,2.0,27.0,2,2,1,2,5,1,0,0,0,0,0,3,11,1,2012,10,38,28,616,1,3,61.0,7,2,8.714285714285714,7,0.2857142857142857,Web,Gold,Low
8210,1975,Master,Married,54730.0,0,1,2013-08-15,64,318.0,3.0,17.0,4.0,7.0,56.0,5,4,1,8,4,0,0,0,0,0,0,3,11,0,2013,8,49,39,319,1,3,405.0,18,0,22.5,8,0.2777777777777778,Store,Wines,Medium
833,1955,Master,Married,38452.0,1,1,2014-03-30,62,56.0,0.0,14.0,0.0,0.0,2.0,3,3,0,3,7,0,0,0,0,0,0,3,11,0,2014,3,69,59,92,2,4,72.0,9,0,8.0,10,0.3333333333333333,Web,Wines,Low
6230,1971,Graduation,Divorced,44421.0,1,1,2013-02-15,53,110.0,5.0,59.0,7.0,1.0,7.0,5,5,0,4,8,0,0,0,0,0,0,3,11,0,2013,2,53,43,500,2,3,189.0,14,0,13.5,13,0.35714285714285715,Web,Wines,Medium
7325,1986,Phd,Married,38197.0,1,0,2013-06-29,86,23.0,0.0,11.0,2.0,1.0,3.0,1,1,0,3,5,0,0,0,0,0,0,3,11,0,2013,6,38,28,366,1,3,40.0,5,0,8.0,6,0.2,Store,Wines,Low
1307,1978,Graduation,Divorced,41986.0,0,1,2014-02-09,15,27.0,5.0,8.0,8.0,3.0,12.0,3,3,0,4,4,0,0,0,0,0,0,3,11,0,2014,2,46,36,141,1,2,63.0,10,0,6.3,7,0.3,Store,Wines,Medium
1502,1983,Graduation,Married,28427.0,1,0,2013-03-21,67,18.0,3.0,19.0,3.0,3.0,6.0,2,2,0,3,8,0,0,0,0,0,0,3,11,0,2013,3,41,31,466,1,3,52.0,7,0,7.428571428571429,10,0.2857142857142857,Store,Meat,Low
6211,1976,Phd,Married,37395.0,1,0,2014-05-02,47,18.0,0.0,9.0,0.0,1.0,11.0,1,1,0,3,6,0,0,0,0,0,0,3,11,0,2014,5,48,38,59,1,3,39.0,5,0,7.8,7,0.2,Store,Wines,Low
843,1971,Graduation,Married,64722.0,1,0,2014-05-26,47,303.0,0.0,280.0,60.0,81.0,15.0,4,8,2,11,6,0,0,0,0,0,0,3,11,0,2014,5,53,43,35,1,3,739.0,25,0,29.56,14,0.16,Store,Wines,High
4174,1956,Master,Married,55249.0,0,1,2014-04-17,81,97.0,1.0,19.0,2.0,0.0,11.0,1,2,1,4,3,0,0,0,0,0,0,3,11,0,2014,4,68,58,74,1,3,130.0,8,0,16.25,5,0.125,Store,Wines,Low
9757,1972,Graduation,Married,84906.0,0,0,2013-10-04,98,997.0,15.0,414.0,99.0,30.0,76.0,1,5,6,12,2,0,1,1,0,1,0,3,11,0,2013,10,52,42,269,0,2,1631.0,24,3,67.95833333333333,7,0.041666666666666664,Store,Wines,High
6918,1989,Graduation,Married,28691.0,1,0,2013-07-04,56,5.0,4.0,13.0,8.0,0.0,4.0,1,1,0,3,8,0,0,0,0,0,0,3,11,0,2013,7,35,25,361,1,3,34.0,5,0,6.8,9,0.2,Store,Meat,Low
286,1952,Graduation,Single,44213.0,1,1,2013-11-29,48,95.0,11.0,35.0,0.0,4.0,7.0,4,2,1,5,6,0,0,0,0,0,0,3,11,0,2013,11,72,62,213,2,3,152.0,12,0,12.666666666666666,8,0.3333333333333333,Store,Wines,Medium
11086,1984,Undergraduate,Single,25707.0,1,0,2014-01-18,18,1.0,6.0,2.0,3.0,6.0,3.0,1,1,0,3,7,0,0,0,0,0,0,3,11,0,2014,1,40,30,163,1,2,21.0,5,0,4.2,8,0.2,Store,Fruits,Low
1921,1967,Phd,Married,59062.0,2,1,2013-10-03,74,46.0,1.0,12.0,3.0,0.0,9.0,2,2,0,3,4,0,0,0,0,0,0,3,11,0,2013,10,57,47,270,3,5,71.0,7,0,10.142857142857142,6,0.2857142857142857,Store,Wines,Low
4138,1962,Graduation,Single,76624.0,0,1,2014-05-24,68,411.0,81.0,147.0,54.0,81.0,66.0,1,5,10,7,1,1,0,0,0,0,0,3,11,0,2014,5,62,52,37,1,2,840.0,23,1,36.52173913043478,6,0.043478260869565216,Catalog,Wines,High
7718,1947,Master,Married,66000.0,0,0,2014-04-20,36,244.0,51.0,270.0,101.0,0.0,45.0,1,1,3,5,1,0,0,0,0,0,0,3,11,0,2014,4,77,67,71,0,2,711.0,10,0,71.1,2,0.1,Store,Meat,Medium
1291,1978,Phd,Married,27683.0,1,0,2012-08-04,90,152.0,9.0,121.0,12.0,12.0,45.0,4,6,2,4,8,0,0,0,0,0,0,3,11,0,2012,8,46,36,695,1,3,351.0,16,0,21.9375,14,0.25,Web,Wines,Medium
6862,1971,Graduation,Divorced,1730.0,0,0,2014-05-18,65,1.0,1.0,3.0,1.0,1.0,1.0,15,0,0,0,20,0,0,0,0,0,0,3,11,0,2014,5,53,43,43,0,1,8.0,15,0,0.5333333333333333,20,1.0,Web,Meat,Medium
4136,1992,Undergraduate,Single,7500.0,1,0,2012-12-03,63,10.0,17.0,18.0,8.0,26.0,40.0,4,3,2,2,9,0,0,0,0,0,0,3,11,0,2012,12,32,22,574,1,2,119.0,11,0,10.818181818181818,12,0.36363636363636365,Web,Gold,Medium
803,1968,Graduation,Married,40521.0,1,1,2013-04-05,82,12.0,0.0,5.0,0.0,0.0,4.0,1,0,1,2,5,0,0,0,0,0,0,3,11,0,2013,4,56,46,451,2,4,21.0,4,0,5.25,5,0.25,Store,Wines,Low
4298,1973,Phd,Married,20427.0,1,0,2014-03-24,63,5.0,0.0,4.0,0.0,0.0,1.0,1,1,0,2,8,0,0,0,0,0,0,3,11,0,2014,3,51,41,98,1,3,10.0,4,0,2.5,9,0.25,Store,Wines,Low
10833,1975,Graduation,Married,65106.0,0,1,2014-05-24,55,790.0,19.0,133.0,12.0,0.0,19.0,3,8,3,13,6,0,1,0,0,0,0,3,11,0,2014,5,49,39,37,1,3,973.0,27,1,36.03703703703704,14,0.1111111111111111,Store,Wines,High
9606,1965,Phd,Married,69969.0,0,0,2013-08-27,64,882.0,29.0,514.0,38.0,29.0,44.0,1,4,2,6,3,0,0,1,1,0,0,3,11,1,2013,8,59,49,307,0,2,1536.0,13,3,118.15384615384616,7,0.07692307692307693,Store,Wines,Medium
8534,1952,Graduation,Married,67433.0,0,2,2013-07-16,51,615.0,28.0,259.0,12.0,48.0,30.0,4,6,5,13,4,0,1,0,0,0,0,3,11,0,2013,7,72,62,349,2,4,992.0,28,1,35.42857142857143,10,0.14285714285714285,Store,Wines,High
5153,1967,Phd,Married,77766.0,0,1,2013-02-22,97,1004.0,59.0,265.0,115.0,59.0,27.0,2,11,10,11,6,1,0,0,0,0,0,3,11,1,2013,2,57,47,493,1,3,1529.0,34,2,44.970588235294116,17,0.058823529411764705,Web,Wines,High
961,1972,Graduation,Married,74716.0,0,1,2013-09-12,92,133.0,27.0,421.0,13.0,81.0,71.0,2,7,3,5,4,0,0,0,0,0,0,3,11,0,2013,9,52,42,291,1,3,746.0,17,0,43.88235294117647,11,0.11764705882352941,Web,Meat,Medium
5011,1963,Graduation,Divorced,68118.0,0,1,2013-10-18,51,595.0,23.0,123.0,10.0,23.0,126.5,2,8,9,4,6,0,0,0,0,0,0,3,11,0,2013,10,61,51,255,1,2,900.5,23,0,39.15217391304348,14,0.08695652173913043,Catalog,Wines,High
6653,1970,Phd,Married,55158.0,1,1,2012-07-30,72,293.0,0.0,87.0,4.0,11.0,23.0,4,7,2,5,7,0,0,0,0,0,0,3,11,1,2012,7,54,44,700,2,4,418.0,18,1,23.22222222222222,14,0.2222222222222222,Web,Wines,Medium
9094,1955,2N Cycle,Married,62972.0,0,1,2012-08-03,39,313.0,15.0,47.0,20.0,0.0,126.5,2,7,4,3,6,0,0,0,0,0,0,3,11,1,2012,8,69,59,696,1,3,521.5,16,1,32.59375,13,0.125,Web,Wines,Medium
810,1975,Graduation,Married,74190.0,0,1,2014-05-12,49,151.0,81.0,86.0,120.5,81.0,64.0,2,4,2,11,2,0,0,0,0,0,0,3,11,0,2014,5,49,39,49,1,3,583.5,19,0,30.710526315789473,6,0.10526315789473684,Store,Wines,Medium
5493,1976,Graduation,Married,39356.0,1,1,2014-03-19,21,15.0,0.0,2.0,0.0,0.0,6.0,1,1,0,2,6,1,0,0,0,0,0,3,11,0,2014,3,48,38,103,2,4,23.0,4,1,5.75,7,0.25,Store,Wines,Low
2147,1969,Graduation,Married,76653.0,0,0,2013-08-16,91,736.0,63.0,556.0,120.5,81.0,126.0,1,4,7,11,2,0,0,1,1,0,0,3,11,0,2013,8,55,45,318,0,2,1682.5,23,2,73.15217391304348,6,0.043478260869565216,Store,Wines,High
5107,1973,Phd,Divorced,35860.0,1,1,2014-05-19,37,15.0,0.0,8.0,4.0,2.0,20.0,2,1,1,2,5,1,0,0,0,0,0,3,11,0,2014,5,51,41,42,2,3,49.0,6,1,8.166666666666666,6,0.3333333333333333,Store,Gold,Low
3979,1983,Phd,Divorced,90687.0,0,0,2013-05-22,98,982.0,17.0,556.0,23.0,34.0,51.0,1,6,2,8,2,0,0,1,0,0,0,3,11,1,2013,5,41,31,404,0,1,1663.0,17,2,97.82352941176471,8,0.058823529411764705,Store,Wines,Medium
6049,1982,Master,Married,73450.0,0,0,2013-12-05,85,1142.0,51.0,415.0,90.0,69.0,37.0,1,7,8,11,3,1,0,0,1,0,0,3,11,0,2013,12,42,32,207,0,2,1804.0,27,2,66.81481481481481,10,0.037037037037037035,Store,Wines,High
8147,1960,Graduation,Married,31454.0,1,1,2013-07-06,40,28.0,0.0,11.0,0.0,0.0,9.0,3,2,0,3,8,0,0,0,0,0,0,3,11,0,2013,7,64,54,359,2,4,48.0,8,0,6.0,10,0.375,Store,Wines,Low
1857,1952,Graduation,Single,47139.0,1,1,2014-03-06,2,46.0,0.0,12.0,0.0,2.0,23.0,2,2,1,2,7,0,0,0,0,0,0,3,11,1,2014,3,72,62,116,2,3,83.0,7,1,11.857142857142858,9,0.2857142857142857,Web,Wines,Low
3910,1975,Graduation,Divorced,83829.0,0,0,2013-10-08,78,897.0,81.0,430.0,120.5,81.0,27.0,0,4,7,6,1,1,0,1,1,0,0,3,11,1,2013,10,49,39,265,0,1,1636.5,17,4,96.26470588235294,5,0.0,Catalog,Wines,Medium
5207,1963,Phd,Married,53378.0,1,1,2012-09-24,41,489.0,6.0,152.0,8.0,6.0,126.5,10,9,4,6,8,0,0,0,0,0,0,3,11,1,2012,9,61,51,644,2,4,787.5,29,1,27.155172413793103,17,0.3448275862068966,Web,Wines,High
11114,1970,Graduation,Married,19656.0,1,0,2013-02-08,94,25.0,4.0,9.0,6.0,8.0,32.0,3,2,1,3,7,0,0,0,0,0,0,3,11,0,2013,2,54,44,507,1,3,84.0,9,0,9.333333333333334,9,0.3333333333333333,Store,Gold,Low
5429,1948,Phd,Married,45579.0,0,1,2013-08-20,10,145.0,1.0,33.0,2.0,1.0,1.0,1,4,1,4,6,0,0,0,0,0,0,3,11,0,2013,8,76,66,314,1,3,183.0,10,0,18.3,10,0.1,Web,Wines,Medium
9400,1958,2N Cycle,Single,85485.0,0,0,2014-06-21,73,630.0,26.0,556.0,44.0,18.0,54.0,1,6,6,6,2,0,0,0,0,0,0,3,11,0,2014,6,66,56,9,0,1,1328.0,19,0,69.89473684210526,8,0.05263157894736842,Web,Wines,Medium
1740,1944,Graduation,Married,55956.0,0,0,2014-04-07,22,760.0,38.0,104.0,50.0,9.0,38.0,2,7,3,4,4,0,1,0,0,0,0,3,11,0,2014,4,80,70,84,0,2,999.0,16,1,62.4375,11,0.125,Web,Wines,Medium
7488,1963,Master,Single,64191.0,0,1,2013-01-22,30,420.0,15.0,186.0,120.5,38.0,15.0,3,5,3,13,3,0,0,0,0,0,0,3,11,0,2013,1,61,51,524,1,2,794.5,24,0,33.104166666666664,8,0.125,Store,Wines,High
195,1972,Graduation,Single,38808.0,1,0,2012-08-26,21,125.0,17.0,52.0,3.0,19.0,30.0,4,5,1,4,8,1,0,0,0,0,0,3,11,1,2012,8,52,42,673,1,2,246.0,14,2,17.571428571428573,13,0.2857142857142857,Web,Wines,Medium
635,1966,Master,Married,57183.0,1,1,2013-03-19,51,464.0,5.0,64.0,7.0,0.0,70.0,8,9,1,7,8,0,0,0,0,0,0,3,11,0,2013,3,58,48,468,2,4,610.0,25,0,24.4,17,0.32,Web,Wines,High
7527,1968,Master,Divorced,23748.0,1,0,2012-11-21,97,6.0,6.0,29.0,12.0,15.0,8.0,3,2,1,3,8,0,0,0,0,0,0,3,11,0,2012,11,56,46,586,1,2,76.0,9,0,8.444444444444445,10,0.3333333333333333,Store,Meat,Low
10319,1971,Graduation,Married,66303.0,0,1,2013-02-26,56,1090.0,12.0,96.0,16.0,12.0,60.0,4,3,4,11,8,0,1,0,0,0,0,3,11,0,2013,2,53,43,489,1,3,1286.0,22,1,58.45454545454545,11,0.18181818181818182,Store,Wines,High
2296,1975,Master,Married,37368.0,1,0,2013-12-16,4,3.0,2.0,11.0,2.0,2.0,10.0,1,1,0,2,6,1,0,0,0,0,0,3,11,0,2013,12,49,39,196,1,3,30.0,4,1,7.5,7,0.25,Store,Meat,Low
10637,1964,Graduation,Married,40800.0,1,2,2013-01-01,77,24.0,0.0,27.0,8.0,30.0,10.0,2,3,0,3,7,0,0,0,0,0,1,3,11,0,2013,1,60,50,545,3,5,99.0,8,0,12.375,10,0.25,Web,Sweets,Low
2931,1978,Graduation,Divorced,71847.0,0,0,2012-09-21,95,737.0,21.0,106.0,55.0,63.0,126.5,0,6,7,9,3,0,0,0,1,0,0,3,11,0,2012,9,46,36,647,0,1,1108.5,22,1,50.38636363636363,9,0.0,Store,Wines,High
907,1975,Graduation,Married,46149.0,0,1,2013-11-29,36,254.0,6.0,71.0,4.0,0.0,27.0,5,5,1,7,5,0,0,0,0,0,0,3,11,0,2013,11,49,39,213,1,3,362.0,18,0,20.11111111111111,10,0.2777777777777778,Store,Wines,Medium
3698,1983,Graduation,Married,78687.0,0,0,2012-08-09,13,817.0,81.0,556.0,120.5,55.0,126.5,1,4,6,8,2,0,0,1,0,0,0,3,11,1,2012,8,41,31,690,0,2,1756.0,19,2,92.42105263157895,6,0.05263157894736842,Store,Wines,Medium
9516,1971,2N Cycle,Divorced,49118.0,0,0,2012-08-18,90,620.0,54.0,239.0,99.0,81.0,119.0,2,9,7,10,7,0,1,0,0,1,0,3,11,1,2012,8,53,43,681,0,1,1212.0,28,3,43.285714285714285,16,0.07142857142857142,Store,Wines,High
679,1957,Phd,Married,37633.0,1,1,2012-09-20,49,13.0,4.0,20.0,0.0,0.0,1.0,2,1,0,3,9,0,0,0,0,0,0,3,11,0,2012,9,67,57,648,2,4,38.0,6,0,6.333333333333333,10,0.3333333333333333,Store,Meat,Low
7384,1951,Master,Married,39767.0,0,0,2013-07-21,18,113.0,61.0,204.0,34.0,26.0,47.0,2,7,1,7,8,0,0,0,0,0,0,3,11,0,2013,7,73,63,344,0,2,485.0,17,0,28.529411764705884,15,0.11764705882352941,Web,Meat,Medium
5043,1951,Undergraduate,Married,26997.0,0,0,2012-11-05,89,7.0,23.0,78.0,120.5,49.0,126.5,2,4,2,5,7,0,0,0,0,0,0,3,11,0,2012,11,73,63,602,0,2,404.0,13,0,31.076923076923077,11,0.15384615384615385,Store,Gold,Medium
5267,1970,Graduation,Divorced,33986.0,1,0,2013-03-14,43,16.0,2.0,18.0,2.0,1.0,5.0,1,1,0,3,7,0,0,0,0,0,0,3,11,0,2013,3,54,44,473,1,2,44.0,5,0,8.8,8,0.2,Store,Meat,Low
339,1972,Phd,Married,57091.0,0,1,2012-11-23,82,462.0,0.0,24.0,6.0,0.0,4.0,2,9,2,5,7,0,1,0,0,0,0,3,11,1,2012,11,52,42,584,1,3,496.0,18,2,27.555555555555557,16,0.1111111111111111,Web,Wines,Medium
2516,1969,2N Cycle,Married,46831.0,1,1,2013-06-08,84,22.0,2.0,10.0,6.0,4.0,34.0,2,1,2,2,4,0,0,0,0,0,0,3,11,0,2013,6,55,45,387,2,4,78.0,7,0,11.142857142857142,5,0.2857142857142857,Catalog,Gold,Low
9010,1972,Master,Married,83151.0,0,0,2013-02-10,80,968.0,81.0,556.0,120.5,42.0,126.5,1,5,7,10,2,1,0,1,1,0,0,3,11,1,2013,2,52,42,505,0,2,1894.0,23,4,82.34782608695652,7,0.043478260869565216,Store,Wines,High
378,1971,Graduation,Married,52531.0,0,0,2012-12-30,68,283.0,81.0,151.0,51.0,72.0,125.0,2,7,2,10,6,0,0,0,0,0,0,3,11,0,2012,12,53,43,547,0,2,763.0,21,0,36.333333333333336,13,0.09523809523809523,Store,Wines,High
4808,1956,Graduation,Married,15759.0,0,0,2013-09-05,12,1.0,2.0,5.0,6.0,0.0,3.0,1,1,0,2,7,0,0,0,0,0,0,3,11,0,2013,9,68,58,298,0,2,17.0,4,0,4.25,8,0.25,Store,Fish,Low
5068,1971,Graduation,Single,22804.0,1,0,2013-07-31,75,14.0,1.0,7.0,2.0,1.0,1.0,1,2,0,2,9,0,0,0,0,0,0,3,11,0,2013,7,53,43,334,1,2,26.0,5,0,5.2,11,0.2,Web,Wines,Low
7628,1973,2N Cycle,Married,43050.0,1,0,2014-03-18,10,30.0,5.0,24.0,6.0,3.0,8.0,2,2,0,4,5,0,0,0,0,0,0,3,11,0,2014,3,51,41,104,1,3,76.0,8,0,9.5,7,0.25,Store,Wines,Low
7128,1977,Phd,Single,42997.0,1,1,2013-12-07,91,4.0,0.0,5.0,0.0,1.0,5.0,1,1,0,2,7,0,0,0,0,0,0,3,11,0,2013,12,47,37,205,2,3,15.0,4,0,3.75,8,0.25,Store,Meat,Low
2811,1963,Phd,Single,48918.0,1,1,2014-04-12,21,52.0,0.0,9.0,0.0,0.0,1.0,2,1,0,4,4,0,0,0,0,0,0,3,11,0,2014,4,61,51,79,2,3,62.0,7,0,8.857142857142858,5,0.2857142857142857,Store,Wines,Low
3551,1954,Master,Married,60033.0,0,1,2014-03-29,28,62.0,1.0,57.0,19.0,11.0,48.0,2,2,1,5,2,0,0,0,0,0,0,3,11,0,2014,3,70,60,93,1,3,198.0,10,0,19.8,4,0.2,Store,Wines,Medium
1663,1978,Phd,Married,34043.0,1,0,2013-10-25,97,20.0,2.0,14.0,3.0,0.0,10.0,1,2,0,2,9,0,0,0,0,0,0,3,11,0,2013,10,46,36,248,1,3,49.0,5,0,9.8,11,0.2,Web,Wines,Low
5543,1966,Graduation,Married,57811.0,0,1,2013-06-24,49,545.0,7.0,114.0,37.0,21.0,78.0,5,7,2,11,5,0,1,0,0,0,0,3,11,0,2013,6,58,48,371,1,3,802.0,25,1,32.08,12,0.2,Store,Wines,High
1577,1946,Graduation,Married,78569.0,0,0,2014-02-19,14,558.0,79.0,556.0,120.5,81.0,95.0,1,4,6,4,1,0,0,1,0,0,0,3,11,1,2014,2,78,68,131,0,2,1489.5,15,2,99.3,5,0.06666666666666667,Catalog,Wines,Medium
10641,1978,Graduation,Single,7500.0,1,1,2012-12-27,5,6.0,5.0,4.0,13.0,4.0,25.0,4,2,1,3,6,0,0,0,0,0,0,3,11,0,2012,12,46,36,550,2,3,57.0,10,0,5.7,8,0.4,Store,Gold,Medium
5336,1971,Master,Married,117418.0,1,0,2013-06-04,37,39.0,1.0,9.0,2.0,0.0,8.0,0,1,0,1,1,0,0,0,0,0,0,3,11,0,2013,6,53,43,391,1,3,59.0,2,0,29.5,2,0.0,Web,Wines,Low
6024,1953,Graduation,Married,94384.0,0,0,2013-03-04,62,1111.0,24.0,556.0,120.5,45.0,126.5,0,5,8,5,2,0,1,1,1,0,0,3,11,1,2013,3,71,61,483,0,2,1983.0,18,4,110.16666666666667,7,0.0,Catalog,Wines,Medium
1878,1985,2N Cycle,Married,23148.0,0,0,2014-02-18,83,4.0,6.0,8.0,6.0,3.0,10.0,1,2,0,3,7,0,0,0,0,0,0,3,11,0,2014,2,39,29,132,0,2,37.0,6,0,6.166666666666667,9,0.16666666666666666,Store,Gold,Low
3099,1970,Graduation,Divorced,44267.0,1,1,2013-02-25,48,183.0,5.0,65.0,3.0,5.0,49.0,5,5,2,4,9,0,0,0,0,0,0,3,11,0,2013,2,54,44,490,2,3,310.0,16,0,19.375,14,0.3125,Web,Wines,Medium
6055,1979,Graduation,Married,71626.0,0,0,2012-11-01,94,546.0,72.0,376.0,94.0,81.0,72.0,1,5,5,8,3,0,1,0,0,0,0,3,11,0,2012,11,45,35,606,0,2,1241.0,19,1,65.3157894736842,8,0.05263157894736842,Store,Wines,Medium
5841,1966,Graduation,Married,60894.0,0,1,2013-06-28,61,606.0,7.0,155.0,10.0,0.0,54.0,5,10,3,8,7,0,0,0,0,0,0,3,11,0,2013,6,58,48,367,1,3,832.0,26,0,32.0,17,0.19230769230769232,Web,Wines,High
3972,1976,Graduation,Married,50200.0,1,1,2013-04-03,70,266.0,6.0,51.0,8.0,6.0,64.0,6,7,1,5,8,0,0,0,0,0,0,3,11,0,2013,4,48,38,453,2,4,401.0,19,0,21.105263157894736,15,0.3157894736842105,Web,Wines,Medium
4394,1965,Phd,Married,81051.0,0,0,2014-05-23,43,1142.0,29.0,249.0,38.0,29.0,14.0,1,5,5,12,2,0,1,1,0,0,0,3,11,0,2014,5,59,49,38,0,2,1501.0,23,2,65.26086956521739,7,0.043478260869565216,Store,Wines,High
5758,1982,Graduation,Married,65169.0,0,0,2014-01-14,23,1074.0,0.0,69.0,0.0,0.0,46.0,1,10,4,13,6,1,0,1,1,1,0,3,11,1,2014,1,42,32,167,0,2,1189.0,28,5,42.464285714285715,16,0.03571428571428571,Store,Wines,High
6658,1972,Graduation,Married,59868.0,0,1,2013-07-22,37,771.0,51.0,154.0,54.0,10.0,126.5,7,11,2,12,6,0,0,0,0,0,0,3,11,0,2013,7,52,42,343,1,3,1166.5,32,0,36.453125,17,0.21875,Store,Wines,High
4603,1960,Phd,Married,65695.0,0,1,2014-01-31,50,371.0,32.0,189.0,0.0,58.0,6.0,2,5,4,10,4,0,0,0,0,0,0,3,11,0,2014,1,64,54,150,1,3,656.0,21,0,31.238095238095237,9,0.09523809523809523,Store,Wines,High
8427,1956,Master,Single,64857.0,0,0,2012-11-23,78,556.0,14.0,556.0,120.5,0.0,43.0,1,7,5,10,4,0,0,0,0,0,0,3,11,0,2012,11,68,58,584,0,1,1289.5,23,0,56.06521739130435,11,0.043478260869565216,Store,Wines,High
10260,1965,Master,Married,45143.0,0,1,2013-08-26,74,202.0,5.0,74.0,11.0,5.0,14.0,3,6,1,5,7,0,0,0,0,0,0,3,11,0,2013,8,59,49,308,1,3,311.0,15,0,20.733333333333334,13,0.2,Web,Wines,Medium
7143,1955,2N Cycle,Married,74805.0,0,1,2013-11-06,14,209.0,81.0,209.0,41.0,81.0,37.0,5,4,7,10,2,0,0,0,0,0,0,3,11,0,2013,11,69,59,236,1,3,658.0,26,0,25.307692307692307,6,0.19230769230769232,Store,Wines,High
8789,1989,2N Cycle,Married,59060.0,1,0,2014-01-11,77,35.0,40.0,111.0,36.0,40.0,12.0,3,3,1,7,4,0,0,0,0,0,0,3,11,0,2014,1,35,25,170,1,3,274.0,14,0,19.571428571428573,7,0.21428571428571427,Store,Meat,Medium
6197,1962,Phd,Single,27238.0,1,1,2013-04-20,39,37.0,0.0,17.0,0.0,0.0,3.0,3,3,0,3,9,0,0,0,0,0,0,3,11,0,2013,4,62,52,436,2,3,57.0,9,0,6.333333333333333,12,0.3333333333333333,Web,Wines,Low
4554,1965,Graduation,Married,47009.0,0,1,2013-10-01,89,171.0,45.0,73.0,59.0,10.0,90.0,4,3,2,8,4,0,0,0,0,0,0,3,11,0,2013,10,59,49,272,1,3,448.0,17,0,26.352941176470587,7,0.23529411764705882,Store,Wines,Medium
4937,1973,2N Cycle,Married,46094.0,1,1,2014-06-10,62,12.0,2.0,20.0,3.0,2.0,5.0,1,1,0,3,7,0,0,0,0,0,0,3,11,0,2014,6,51,41,20,2,4,44.0,5,0,8.8,8,0.2,Store,Meat,Low
1920,1972,Graduation,Married,40321.0,1,1,2013-07-29,59,44.0,4.0,21.0,6.0,0.0,27.0,2,3,0,3,7,0,0,0,0,0,0,3,11,0,2013,7,52,42,336,2,4,102.0,8,0,12.75,10,0.25,Web,Wines,Low
8749,1984,Graduation,Married,37235.0,1,0,2014-02-01,68,20.0,2.0,9.0,4.0,6.0,20.0,1,1,1,2,4,0,0,0,0,0,0,3,11,0,2014,2,40,30,149,1,3,61.0,5,0,12.2,5,0.2,Store,Wines,Low
1650,1960,Master,Married,81843.0,0,0,2013-04-22,13,779.0,81.0,537.0,34.0,69.0,126.5,1,5,9,12,3,0,0,0,0,0,0,3,11,0,2013,4,64,54,434,0,2,1626.5,27,0,60.24074074074074,8,0.037037037037037035,Store,Wines,High
10377,1958,Master,Married,46692.0,0,1,2013-06-06,37,170.0,6.0,97.0,24.0,12.0,88.0,3,6,1,5,6,0,0,0,0,0,0,3,11,0,2013,6,66,56,389,1,3,397.0,15,0,26.466666666666665,12,0.2,Web,Wines,Medium
9206,1968,Graduation,Married,77382.0,0,1,2014-01-07,36,491.0,48.0,231.0,112.0,81.0,126.5,2,5,7,12,1,0,0,1,0,0,0,3,11,0,2014,1,56,46,174,1,3,1089.5,26,1,41.90384615384615,6,0.07692307692307693,Store,Wines,High
10971,1977,Graduation,Single,37774.0,2,0,2012-09-03,28,173.0,8.0,107.0,7.0,2.0,126.5,4,7,2,3,9,1,0,0,0,0,1,3,11,1,2012,9,47,37,665,2,3,423.5,16,2,26.46875,16,0.25,Web,Wines,Medium
6398,1974,Undergraduate,Married,18393.0,1,0,2014-03-29,2,7.0,10.0,13.0,16.0,0.0,4.0,2,3,0,3,8,0,0,0,0,0,0,3,11,0,2014,3,50,40,93,1,3,50.0,8,0,6.25,11,0.25,Web,Fish,Low
9212,1962,Master,Married,72828.0,0,1,2013-02-14,17,1205.0,0.0,235.0,19.0,14.0,126.5,6,6,3,13,7,0,0,0,0,0,0,3,11,0,2013,2,62,52,501,1,3,1599.5,28,0,57.125,13,0.21428571428571427,Store,Wines,High
7937,1982,Graduation,Married,24711.0,0,0,2014-04-18,86,10.0,7.0,25.0,6.0,3.0,7.0,1,3,0,3,7,0,0,0,0,0,0,3,11,0,2014,4,42,32,73,0,2,58.0,7,0,8.285714285714286,10,0.14285714285714285,Web,Meat,Low
839,1975,Phd,Married,45503.0,1,0,2013-09-25,54,97.0,4.0,44.0,6.0,1.0,18.0,1,3,1,4,5,0,0,0,0,0,0,3,11,0,2013,9,49,39,278,1,3,170.0,9,0,18.88888888888889,8,0.1111111111111111,Store,Wines,Low
4246,1982,Master,Single,6560.0,0,0,2013-12-12,2,67.0,11.0,26.0,4.0,3.0,126.5,0,1,0,1,17,0,0,0,0,0,0,3,11,0,2013,12,42,32,200,0,1,237.5,2,0,118.75,18,0.0,Web,Gold,Low
158,1945,Phd,Married,71604.0,0,0,2013-11-17,3,345.0,53.0,528.0,98.0,75.0,97.0,1,8,3,5,4,1,0,0,0,0,0,3,11,1,2013,11,79,69,225,0,2,1196.0,17,2,70.3529411764706,12,0.058823529411764705,Web,Meat,Medium
4832,1979,Graduation,Married,27244.0,1,0,2014-03-07,84,6.0,5.0,17.0,3.0,24.0,46.0,2,2,2,2,7,0,0,0,0,0,0,3,11,0,2014,3,45,35,115,1,3,101.0,8,0,12.625,9,0.25,Web,Gold,Low
5621,1969,Graduation,Married,48752.0,1,1,2012-12-12,8,73.0,57.0,100.0,71.0,15.0,0.0,5,6,1,5,9,0,0,0,0,0,0,3,11,1,2012,12,55,45,565,2,4,316.0,17,1,18.58823529411765,15,0.29411764705882354,Web,Meat,Medium
1945,1962,Graduation,Married,71434.0,0,1,2013-09-18,4,711.0,36.0,217.0,120.5,81.0,126.5,3,7,4,7,4,0,1,0,1,0,0,3,11,0,2013,9,62,52,285,1,3,1292.0,21,2,61.523809523809526,11,0.14285714285714285,Web,Wines,High
5147,1948,Graduation,Single,90842.0,0,0,2013-07-29,57,774.0,70.0,118.0,120.5,81.0,93.0,1,4,9,13,1,0,0,0,0,0,0,3,11,0,2013,7,76,66,336,0,1,1256.5,27,0,46.53703703703704,5,0.037037037037037035,Store,Wines,High
2535,1978,Master,Married,88097.0,1,0,2012-08-18,24,163.0,0.0,480.0,0.0,81.0,75.0,1,6,5,8,9,0,1,1,1,0,0,3,11,1,2012,8,46,36,681,1,3,799.0,20,4,39.95,15,0.05,Store,Meat,High
11039,1975,Graduation,Married,51948.0,0,1,2013-09-17,51,82.0,33.0,54.0,71.0,30.0,41.0,2,5,2,4,5,0,0,0,0,0,0,3,11,0,2013,9,49,39,286,1,3,311.0,13,0,23.923076923076923,10,0.15384615384615385,Web,Wines,Medium
9495,1982,Graduation,Married,71853.0,0,0,2013-05-08,29,358.0,81.0,413.0,120.5,81.0,32.0,1,2,8,6,1,0,0,0,0,0,0,3,11,0,2013,5,42,32,418,0,2,1085.5,17,0,63.85294117647059,3,0.058823529411764705,Catalog,Meat,Medium
9635,1983,Master,Married,35876.0,0,0,2014-04-20,13,66.0,2.0,40.0,4.0,3.0,14.0,1,3,1,3,6,0,0,0,0,0,0,3,11,0,2014,4,41,31,71,0,2,129.0,8,0,16.125,9,0.125,Web,Wines,Low
2173,1952,Graduation,Widow,40049.0,0,1,2013-10-16,23,13.0,6.0,7.0,0.0,3.0,3.0,1,1,0,3,6,0,0,0,0,0,0,3,11,0,2013,10,72,62,257,1,2,32.0,5,0,6.4,7,0.2,Store,Wines,Low
942,1982,Graduation,Single,39660.0,1,0,2012-08-08,36,139.0,13.0,78.0,20.0,13.0,36.0,3,7,1,3,9,0,0,0,0,0,0,3,11,1,2012,8,42,32,691,1,2,299.0,14,1,21.357142857142858,16,0.21428571428571427,Web,Wines,Medium
9386,1962,Graduation,Married,50127.0,0,1,2014-05-29,88,274.0,0.0,21.0,4.0,6.0,15.0,1,5,1,6,6,0,1,0,0,0,0,3,11,0,2014,5,62,52,32,1,3,320.0,13,1,24.615384615384617,11,0.07692307692307693,Store,Wines,Medium
5510,1977,Master,Married,43263.0,0,1,2012-11-21,2,262.0,6.0,61.0,0.0,10.0,102.0,3,5,2,6,5,0,0,0,0,0,0,3,11,0,2012,11,47,37,586,1,3,441.0,16,0,27.5625,10,0.1875,Store,Wines,Medium
873,1949,Master,Married,62845.0,1,1,2012-10-01,3,1099.0,0.0,45.0,0.0,0.0,34.0,11,3,4,10,8,0,1,0,0,0,0,3,11,1,2012,10,75,65,637,2,4,1178.0,28,2,42.07142857142857,11,0.39285714285714285,Store,Wines,High
2253,1990,Graduation,Married,18929.0,0,0,2013-02-16,15,32.0,0.0,8.0,23.0,4.0,18.0,1,1,0,4,6,0,0,0,0,0,0,3,11,0,2013,2,34,24,499,0,2,85.0,6,0,14.166666666666666,7,0.16666666666666666,Store,Wines,Low
5181,1982,Undergraduate,Single,24367.0,1,0,2013-03-20,58,2.0,4.0,2.0,0.0,11.0,5.0,1,1,0,2,9,0,0,0,0,0,0,3,11,0,2013,3,42,32,467,1,2,24.0,4,0,6.0,10,0.25,Store,Sweets,Low
979,1975,Graduation,Single,33249.0,1,0,2013-02-20,11,6.0,10.0,21.0,19.0,14.0,42.0,2,2,1,3,6,0,0,0,0,0,0,3,11,0,2013,2,49,39,495,1,2,112.0,8,0,14.0,8,0.25,Store,Gold,Low
10390,1959,2N Cycle,Married,26887.0,0,1,2013-02-10,27,6.0,7.0,4.0,3.0,4.0,6.0,1,1,0,3,6,0,0,0,0,0,0,3,11,0,2013,2,65,55,505,1,3,30.0,5,0,6.0,7,0.2,Store,Fruits,Low
4698,1983,Phd,Married,50150.0,0,0,2013-06-20,32,135.0,46.0,92.0,65.0,61.0,11.0,2,5,2,7,5,0,0,0,0,0,0,3,11,0,2013,6,41,31,375,0,2,410.0,16,0,25.625,10,0.125,Store,Wines,Medium
7793,1976,Graduation,Married,62061.0,0,1,2013-08-31,12,641.0,7.0,84.0,0.0,30.0,38.0,3,10,4,7,6,0,1,0,0,0,0,3,11,0,2013,8,48,38,303,1,3,800.0,24,1,33.333333333333336,16,0.125,Web,Wines,High
1745,1962,Phd,Divorced,85696.0,0,0,2013-05-03,88,714.0,76.0,395.0,116.0,0.0,12.0,1,4,6,9,1,0,0,0,0,0,0,3,11,1,2013,5,62,52,423,0,1,1313.0,20,1,65.65,5,0.05,Store,Wines,High
10590,1956,Phd,Married,76542.0,0,0,2013-03-30,91,794.0,73.0,556.0,0.0,29.0,14.0,1,4,8,10,2,0,0,0,0,0,0,3,11,0,2013,3,68,58,457,0,2,1466.0,23,0,63.73913043478261,6,0.043478260869565216,Store,Wines,High
5080,1993,Graduation,Single,70515.0,0,0,2013-10-21,12,420.0,0.0,452.0,120.5,64.0,126.5,1,6,6,4,2,0,0,0,0,0,0,3,11,1,2013,10,31,21,252,0,1,1183.0,17,1,69.58823529411765,8,0.058823529411764705,Web,Meat,Medium
8369,1987,Graduation,Married,18227.0,1,0,2012-11-08,21,1.0,2.0,7.0,4.0,3.0,11.0,1,0,1,2,8,0,0,0,0,0,0,3,11,0,2012,11,37,27,599,1,3,28.0,4,0,7.0,8,0.25,Store,Gold,Low
5232,1965,Graduation,Married,69139.0,0,1,2014-01-27,23,86.0,12.0,75.0,33.0,15.0,6.0,1,4,1,5,4,0,0,0,0,0,0,3,11,0,2014,1,59,49,154,1,3,227.0,11,0,20.636363636363637,8,0.09090909090909091,Store,Wines,Medium
2407,1982,Graduation,Married,69109.0,0,0,2012-11-09,10,823.0,25.0,459.0,120.5,29.0,95.0,1,6,6,7,4,0,0,1,0,0,0,3,11,1,2012,11,42,32,598,0,2,1551.5,20,2,77.575,10,0.05,Store,Wines,High
3834,1962,Graduation,Single,69627.0,0,1,2013-03-17,35,231.0,81.0,215.0,120.5,30.0,53.0,2,8,2,11,5,0,0,0,0,0,0,3,11,0,2013,3,62,52,470,1,2,730.5,23,0,31.76086956521739,13,0.08695652173913043,Store,Wines,High
7912,1978,Graduation,Married,38136.0,1,0,2013-04-22,69,8.0,15.0,27.0,0.0,20.0,33.0,2,3,1,2,8,1,0,0,0,0,0,3,11,0,2013,4,46,36,434,1,3,103.0,8,1,12.875,11,0.25,Web,Gold,Low
7712,1946,Phd,Single,62159.0,0,0,2014-04-28,68,182.0,17.0,259.0,77.0,70.0,29.0,1,6,2,10,4,0,0,0,0,0,0,3,11,0,2014,4,78,68,63,0,1,634.0,19,0,33.36842105263158,10,0.05263157894736842,Store,Meat,Medium
1065,1963,Graduation,Single,80695.0,0,0,2013-12-29,85,557.0,81.0,556.0,120.5,37.0,18.0,1,5,8,5,2,0,0,0,0,0,0,3,11,0,2013,12,61,51,183,0,1,1369.5,19,0,72.07894736842105,7,0.05263157894736842,Catalog,Wines,Medium
7275,1971,Master,Single,33316.0,1,1,2013-10-04,34,79.0,1.0,31.0,4.0,4.0,12.0,3,2,1,4,6,0,0,0,0,0,0,3,11,0,2013,10,53,43,269,2,3,131.0,10,0,13.1,8,0.3,Store,Wines,Medium
1343,1968,Graduation,Married,58554.0,1,1,2012-09-26,55,368.0,24.0,68.0,38.0,0.0,88.0,6,8,2,6,7,0,0,0,0,0,0,3,11,0,2012,9,56,46,642,2,4,586.0,22,0,26.636363636363637,15,0.2727272727272727,Web,Wines,High
1384,1992,Undergraduate,Married,17256.0,1,0,2013-11-23,10,6.0,4.0,14.0,8.0,8.0,22.0,2,2,1,2,8,1,0,0,0,0,0,3,11,0,2013,11,32,22,219,1,3,62.0,7,1,8.857142857142858,10,0.2857142857142857,Web,Gold,Low
9967,1974,Graduation,Divorced,53034.0,1,1,2013-05-30,30,160.0,15.0,196.0,15.0,11.0,50.0,8,6,1,7,8,0,0,0,0,0,0,3,11,0,2013,5,50,40,396,2,3,447.0,22,0,20.318181818181817,14,0.36363636363636365,Store,Meat,High
6181,1950,2N Cycle,Married,52203.0,0,0,2012-07-31,36,488.0,21.0,238.0,56.0,81.0,28.0,1,8,7,11,6,0,0,0,0,0,0,3,11,0,2012,7,74,64,699,0,2,912.0,27,0,33.77777777777778,14,0.037037037037037035,Store,Wines,High
10507,1977,2N Cycle,Divorced,59601.0,0,1,2013-07-25,14,691.0,7.0,69.0,0.0,7.0,23.0,4,2,2,7,8,0,1,0,0,0,0,3,11,0,2013,7,47,37,340,1,2,797.0,15,1,53.13333333333333,10,0.26666666666666666,Store,Wines,Medium
2674,1958,Master,Single,75154.0,0,1,2012-09-04,79,543.0,10.0,205.0,120.5,81.0,82.0,1,6,3,6,3,0,0,0,0,0,0,3,11,1,2012,9,66,56,664,1,2,1041.5,16,1,65.09375,9,0.0625,Web,Wines,Medium
2698,1976,Graduation,Single,47025.0,0,1,2013-11-07,52,254.0,7.0,108.0,20.0,0.0,26.0,3,6,3,5,6,0,0,0,0,0,0,3,11,0,2013,11,48,38,235,1,2,415.0,17,0,24.41176470588235,12,0.17647058823529413,Web,Wines,Medium
3231,1973,Graduation,Married,37971.0,1,0,2013-11-25,97,5.0,4.0,10.0,2.0,2.0,7.0,1,1,0,3,8,0,0,0,0,0,0,3,11,0,2013,11,51,41,217,1,3,30.0,5,0,6.0,9,0.2,Store,Meat,Low
4096,1968,Master,Divorced,41335.0,1,0,2013-12-26,24,112.0,19.0,21.0,16.0,14.0,5.0,3,4,1,4,7,0,0,0,0,0,0,3,11,0,2013,12,56,46,186,1,2,187.0,12,0,15.583333333333334,11,0.25,Web,Wines,Medium
10476,1958,Graduation,Married,67267.0,0,1,2014-05-13,0,134.0,11.0,59.0,15.0,2.0,30.0,1,3,2,5,2,0,0,0,0,0,0,3,11,0,2014,5,66,56,48,1,3,251.0,11,0,22.818181818181817,5,0.09090909090909091,Store,Wines,Medium
5948,1975,Graduation,Single,57338.0,0,1,2014-04-29,96,143.0,6.0,52.0,11.0,8.0,17.0,2,4,1,5,5,0,0,0,0,0,0,3,11,0,2014,4,49,39,62,1,2,237.0,12,0,19.75,9,0.16666666666666666,Store,Wines,Medium
9140,1960,2N Cycle,Married,50523.0,1,1,2013-12-25,89,51.0,4.0,24.0,4.0,7.0,1.0,2,2,0,4,6,0,0,0,0,0,0,3,11,0,2013,12,64,54,187,2,4,91.0,8,0,11.375,8,0.25,Store,Wines,Low
10258,1965,Master,Single,35791.0,2,1,2013-05-06,94,27.0,0.0,5.0,0.0,0.0,3.0,2,1,0,3,8,0,0,0,0,0,0,3,11,0,2013,5,59,49,420,3,4,35.0,6,0,5.833333333333333,9,0.3333333333333333,Store,Wines,Low
5675,1960,Phd,Divorced,50611.0,0,1,2012-10-04,98,459.0,0.0,24.0,6.0,0.0,4.0,6,4,5,7,6,0,1,0,0,0,0,3,11,0,2012,10,64,54,634,1,2,493.0,22,1,22.40909090909091,10,0.2727272727272727,Store,Wines,High
4743,1969,Phd,Married,56242.0,0,1,2013-03-03,72,689.0,8.0,167.0,11.0,8.0,88.0,5,8,4,11,6,0,0,0,0,0,0,3,11,0,2013,3,55,45,484,1,3,971.0,28,0,34.67857142857143,14,0.17857142857142858,Store,Wines,High
8805,1960,Graduation,Single,48904.0,0,1,2012-12-02,1,283.0,10.0,38.0,0.0,13.0,27.0,4,7,2,4,8,0,0,0,0,0,0,3,11,0,2012,12,64,54,575,1,2,371.0,17,0,21.823529411764707,15,0.23529411764705882,Web,Wines,Medium
1542,1975,Graduation,Single,56243.0,1,2,2013-12-30,26,347.0,0.0,35.0,4.0,3.0,7.0,6,4,2,8,5,0,0,0,0,0,0,3,11,0,2013,12,49,39,182,3,4,396.0,20,0,19.8,9,0.3,Store,Wines,High
6770,1985,Graduation,Married,21355.0,1,0,2013-08-20,5,5.0,13.0,14.0,0.0,5.0,31.0,2,2,1,2,6,1,0,0,0,0,0,3,11,1,2013,8,39,29,314,1,3,68.0,7,2,9.714285714285714,8,0.2857142857142857,Web,Gold,Low
8773,1971,Master,Married,57420.0,0,1,2013-06-25,22,280.0,0.0,18.0,0.0,0.0,24.0,3,5,1,6,7,0,1,0,0,0,0,3,11,0,2013,6,53,43,370,1,3,322.0,15,1,21.466666666666665,12,0.2,Store,Wines,Medium
10475,1970,Master,Married,51381.5,0,1,2013-04-01,39,187.0,5.0,65.0,26.0,20.0,14.0,2,4,2,6,5,0,0,0,0,0,0,3,11,0,2013,4,54,44,455,1,3,317.0,14,0,22.642857142857142,9,0.14285714285714285,Store,Wines,Medium
10420,1955,Master,Divorced,46390.0,0,1,2014-05-05,56,95.0,14.0,64.0,2.0,9.0,38.0,1,4,2,3,7,0,0,0,0,0,0,3,11,0,2014,5,69,59,56,1,2,222.0,10,0,22.2,11,0.1,Web,Wines,Medium
7514,1956,2N Cycle,Married,54342.0,1,1,2013-07-03,74,84.0,10.0,34.0,11.0,10.0,28.0,4,3,1,4,6,0,0,0,0,0,0,3,11,0,2013,7,68,58,362,2,4,177.0,12,0,14.75,9,0.3333333333333333,Store,Wines,Medium
2902,1958,Graduation,Married,51381.5,1,1,2012-09-03,87,19.0,4.0,12.0,2.0,2.0,6.0,1,1,0,3,5,0,0,0,0,0,0,3,11,0,2012,9,66,56,665,2,4,45.0,5,0,9.0,6,0.2,Store,Wines,Low
4345,1964,2N Cycle,Single,51381.5,1,1,2014-01-12,49,5.0,1.0,9.0,2.0,0.0,4.0,1,1,0,2,7,0,0,0,0,0,0,3,11,0,2014,1,60,50,169,2,3,21.0,4,0,5.25,8,0.25,Store,Meat,Low
793,1973,Graduation,Married,20895.0,1,0,2012-10-06,24,18.0,3.0,17.0,3.0,0.0,4.0,1,2,0,3,9,0,0,0,0,0,0,3,11,0,2012,10,51,41,632,1,3,45.0,6,0,7.5,11,0.16666666666666666,Store,Wines,Low
10909,1948,Graduation,Married,92344.0,0,0,2014-01-15,9,992.0,24.0,556.0,51.0,19.0,119.0,0,5,10,5,1,1,0,1,0,0,0,3,11,0,2014,1,76,66,166,0,2,1761.0,20,2,88.05,6,0.0,Catalog,Wines,High
3769,1972,Phd,Married,51381.5,1,0,2014-03-02,17,25.0,1.0,13.0,0.0,0.0,3.0,1,1,0,3,7,0,0,0,0,0,0,3,11,0,2014,3,52,42,120,1,3,42.0,5,0,8.4,8,0.2,Store,Wines,Low
8702,1976,2N Cycle,Married,26907.0,1,1,2013-08-20,10,9.0,1.0,7.0,0.0,3.0,2.0,2,1,0,3,7,0,0,0,0,0,0,3,11,0,2013,8,48,38,314,2,4,22.0,6,0,3.6666666666666665,8,0.3333333333333333,Store,Wines,Low
4791,1980,Graduation,Married,44964.0,1,1,2012-12-16,35,19.0,1.0,17.0,2.0,0.0,2.0,1,1,0,3,8,0,0,0,0,0,0,3,11,0,2012,12,44,34,561,2,4,41.0,5,0,8.2,9,0.2,Store,Wines,Low
2963,1979,Graduation,Married,75507.0,0,0,2014-05-02,56,709.0,81.0,374.0,104.0,80.0,80.0,1,8,6,6,3,0,0,0,0,0,0,3,11,0,2014,5,45,35,59,0,2,1428.0,21,0,68.0,11,0.047619047619047616,Web,Wines,High
8216,1972,Master,Married,53761.0,1,1,2013-10-11,7,158.0,0.0,76.0,13.0,7.0,71.0,6,4,4,3,5,0,0,0,0,0,0,3,11,0,2013,10,52,42,262,2,4,325.0,17,0,19.11764705882353,9,0.35294117647058826,Web,Wines,Medium
8140,1973,Graduation,Married,22682.0,1,0,2013-10-03,51,10.0,14.0,29.0,4.0,2.0,36.0,3,2,1,4,4,0,0,0,0,0,0,3,11,0,2013,10,51,41,270,1,3,95.0,10,0,9.5,6,0.3,Store,Gold,Medium
10146,1972,Phd,Married,38887.0,1,0,2014-03-02,17,25.0,1.0,13.0,0.0,0.0,3.0,1,1,0,3,7,0,0,0,0,0,0,3,11,0,2014,3,52,42,120,1,3,42.0,5,0,8.4,8,0.2,Store,Wines,Low
5289,1975,2N Cycle,Single,41658.0,1,1,2012-11-09,30,8.0,4.0,12.0,15.0,4.0,29.0,2,1,1,2,4,0,0,0,0,0,0,3,11,0,2012,11,49,39,598,2,3,72.0,6,0,12.0,5,0.3333333333333333,Store,Gold,Low
2587,1972,Phd,Married,29791.0,1,0,2014-05-15,21,14.0,0.0,6.0,0.0,0.0,0.0,2,2,0,3,5,0,0,0,0,0,0,3,11,0,2014,5,52,42,46,1,3,20.0,7,0,2.857142857142857,7,0.2857142857142857,Store,Wines,Low
4405,1956,Master,Married,63915.0,0,2,2013-07-30,2,622.0,7.0,115.0,30.0,0.0,15.0,2,6,3,12,5,0,0,0,0,0,0,3,11,0,2013,7,68,58,335,2,4,789.0,23,0,34.30434782608695,11,0.08695652173913043,Store,Wines,High
8663,1974,Graduation,Divorced,39996.0,1,1,2014-05-22,85,11.0,0.0,3.0,0.0,0.0,1.0,1,1,0,2,6,0,0,0,0,0,0,3,11,0,2014,5,50,40,39,2,3,15.0,4,0,3.75,7,0.25,Store,Wines,Low
2589,1972,Graduation,Divorced,26759.0,1,0,2014-02-07,65,25.0,3.0,16.0,8.0,5.0,2.0,2,2,1,3,6,0,0,0,0,0,0,3,11,0,2014,2,52,42,143,1,2,59.0,8,0,7.375,8,0.25,Store,Wines,Low
3421,1968,Master,Divorced,63841.0,0,1,2013-04-21,64,635.0,15.0,100.0,20.0,7.0,126.5,1,9,3,9,6,0,0,0,0,0,0,3,11,0,2013,4,56,46,435,1,2,903.5,22,0,41.06818181818182,15,0.045454545454545456,Web,Wines,High
10490,1969,Phd,Married,51039.0,1,1,2012-12-10,11,100.0,64.0,79.0,65.0,0.0,109.0,2,6,2,4,7,0,0,0,0,0,0,3,11,0,2012,12,55,45,567,2,4,417.0,14,0,29.785714285714285,13,0.14285714285714285,Web,Gold,Medium
4094,1961,Graduation,Married,60544.0,1,1,2012-08-25,92,201.0,2.0,43.0,3.0,5.0,35.0,4,5,1,5,6,0,0,0,0,0,0,3,11,0,2012,8,63,53,674,2,4,289.0,15,0,19.266666666666666,11,0.26666666666666666,Web,Wines,Medium
9958,1972,Graduation,Married,65685.0,0,1,2014-03-29,54,642.0,14.0,49.0,0.0,7.0,57.0,1,9,2,9,5,0,0,0,0,0,0,3,11,0,2014,3,52,42,93,1,3,769.0,21,0,36.61904761904762,14,0.047619047619047616,Web,Wines,High
2534,1953,Graduation,Married,37716.0,0,1,2014-04-21,4,97.0,1.0,41.0,6.0,2.0,41.0,2,4,1,3,7,0,0,0,0,0,0,3,11,0,2014,4,71,61,70,1,3,188.0,10,0,18.8,11,0.2,Web,Wines,Medium
4188,1957,Graduation,Single,36864.0,0,1,2012-08-13,53,204.0,5.0,39.0,17.0,0.0,89.0,3,5,2,4,8,0,0,0,0,0,0,3,11,1,2012,8,67,57,686,1,2,354.0,14,1,25.285714285714285,13,0.21428571428571427,Web,Wines,Medium
6613,1970,Master,Married,44511.0,1,0,2012-10-12,39,513.0,7.0,133.0,46.0,14.0,14.0,6,8,4,8,8,0,0,0,0,0,0,3,11,0,2012,10,54,44,626,1,3,727.0,26,0,27.96153846153846,16,0.23076923076923078,Web,Wines,High
10827,1967,Phd,Married,36947.0,1,1,2012-08-07,49,88.0,3.0,21.0,4.0,1.0,29.0,4,3,0,4,9,0,0,0,0,0,0,3,11,0,2012,8,57,47,692,2,4,146.0,11,0,13.272727272727273,12,0.36363636363636365,Store,Wines,Medium
5491,1951,Master,Married,47352.0,0,1,2013-04-11,70,172.0,12.0,112.0,8.0,0.0,15.0,4,6,1,5,7,0,0,0,0,0,0,3,11,0,2013,4,73,63,445,1,3,319.0,16,0,19.9375,13,0.25,Web,Wines,Medium
8402,1953,Master,Married,67087.0,0,1,2013-12-17,40,329.0,35.0,222.0,120.5,35.0,43.0,2,7,5,8,4,0,0,0,0,0,0,3,11,0,2013,12,71,61,195,1,3,784.5,22,0,35.65909090909091,11,0.09090909090909091,Store,Wines,High
8783,1950,Graduation,Married,57045.0,0,1,2012-09-08,40,296.0,13.0,104.0,11.0,13.0,17.0,3,4,2,9,3,0,0,0,0,0,0,3,11,0,2012,9,74,64,660,1,3,454.0,18,0,25.22222222222222,7,0.16666666666666666,Store,Wines,Medium
10010,1953,Phd,Divorced,36957.0,1,1,2012-09-06,43,100.0,2.0,16.0,2.0,1.0,31.0,4,3,2,2,9,0,0,0,0,0,0,3,11,1,2012,9,71,61,662,2,3,152.0,11,1,13.818181818181818,12,0.36363636363636365,Web,Wines,Medium
618,1977,Phd,Married,69389.0,0,1,2012-09-28,17,422.0,7.0,238.0,69.0,46.0,15.0,1,7,2,12,4,0,0,0,0,0,0,3,11,0,2012,9,47,37,640,1,3,797.0,22,0,36.22727272727273,11,0.045454545454545456,Store,Wines,High
9121,1972,Graduation,Married,80134.0,1,0,2013-05-20,40,1218.0,16.0,272.0,104.0,0.0,80.0,2,5,3,6,6,0,1,1,1,0,0,3,11,1,2013,5,52,42,406,1,3,1690.0,16,4,105.625,11,0.125,Store,Wines,Medium
361,1969,Master,Married,43142.0,1,1,2014-02-18,84,5.0,1.0,7.0,2.0,1.0,4.0,1,1,0,2,7,0,0,0,0,0,0,3,11,0,2014,2,55,45,132,2,4,20.0,4,0,5.0,8,0.25,Store,Meat,Low
4310,1944,Graduation,Married,80589.0,0,0,2014-01-22,25,507.0,81.0,520.0,120.5,40.0,26.0,1,5,10,5,1,0,0,0,1,0,0,3,11,1,2014,1,80,70,159,0,2,1294.5,21,2,61.642857142857146,6,0.047619047619047616,Catalog,Meat,High
2678,1990,Graduation,Single,34412.0,1,0,2013-02-13,62,52.0,12.0,50.0,4.0,36.0,55.0,3,5,0,3,9,0,0,0,0,0,0,3,11,0,2013,2,34,24,502,1,2,209.0,11,0,19.0,14,0.2727272727272727,Web,Gold,Medium
6376,1979,Graduation,Single,57537.0,1,0,2013-06-10,83,191.0,56.0,139.0,51.0,8.0,100.0,4,4,3,8,4,0,0,0,0,0,0,3,11,0,2013,6,45,35,385,1,2,545.0,19,0,28.68421052631579,8,0.21052631578947367,Store,Wines,Medium
524,1966,Undergraduate,Married,22634.0,0,0,2013-01-16,47,2.0,23.0,11.0,8.0,6.0,46.0,1,2,1,2,8,0,0,0,0,0,0,3,11,0,2013,1,58,48,530,0,2,96.0,6,0,16.0,10,0.16666666666666666,Web,Gold,Low
10341,1948,Graduation,Married,51315.0,0,0,2014-02-23,45,68.0,28.0,39.0,16.0,30.0,41.0,1,2,2,5,2,0,0,0,0,0,0,3,11,0,2014,2,76,66,127,0,2,222.0,10,0,22.2,4,0.1,Store,Wines,Medium
5654,1972,Graduation,Married,36026.0,2,1,2014-03-16,34,20.0,4.0,10.0,6.0,4.0,17.0,2,2,0,3,6,0,0,0,0,0,0,3,11,0,2014,3,52,42,106,3,5,61.0,7,0,8.714285714285714,8,0.2857142857142857,Store,Wines,Low
4098,1973,Graduation,Married,24639.0,1,1,2014-01-28,3,20.0,3.0,16.0,0.0,4.0,1.0,3,2,0,4,6,0,0,0,0,0,0,3,11,0,2014,1,51,41,153,2,4,44.0,9,0,4.888888888888889,8,0.3333333333333333,Store,Wines,Low
5824,1972,Phd,Married,34578.0,2,1,2014-04-11,1,7.0,0.0,1.0,0.0,0.0,0.0,1,1,0,2,6,0,0,0,0,0,0,3,11,0,2014,4,52,42,80,3,5,8.0,4,0,2.0,7,0.25,Store,Wines,Low
7000,1972,2N Cycle,Single,65704.0,0,0,2013-10-13,18,279.0,81.0,74.0,38.0,8.0,126.5,1,2,10,10,1,0,0,0,0,0,0,3,11,0,2013,10,52,42,260,0,1,606.5,23,0,26.369565217391305,3,0.043478260869565216,Catalog,Wines,High
2561,1966,Graduation,Single,63810.0,0,1,2012-11-11,45,977.0,12.0,253.0,16.0,12.0,101.0,4,4,3,12,8,0,1,0,0,0,0,3,11,0,2012,11,58,48,596,1,2,1371.0,23,1,59.608695652173914,12,0.17391304347826086,Store,Wines,High
5229,1969,Phd,Married,54132.0,0,1,2014-02-16,81,30.0,1.0,8.0,0.0,0.0,3.0,1,1,0,3,7,0,0,0,0,0,0,3,11,0,2014,2,55,45,134,1,3,42.0,5,0,8.4,8,0.2,Store,Wines,Low
4086,1959,Graduation,Married,18690.0,0,0,2012-12-28,77,6.0,1.0,7.0,23.0,4.0,19.0,1,1,1,2,8,0,0,0,0,0,0,3,11,0,2012,12,65,55,549,0,2,60.0,5,0,12.0,9,0.2,Store,Fish,Low
2428,1970,Graduation,Married,28164.0,1,0,2013-05-04,23,3.0,18.0,26.0,11.0,8.0,12.0,3,2,0,4,7,0,0,0,0,0,0,3,11,0,2013,5,54,44,422,1,3,78.0,9,0,8.666666666666666,9,0.3333333333333333,Store,Meat,Low
8254,1974,Phd,Married,34596.0,1,0,2013-04-13,48,14.0,0.0,2.0,0.0,0.0,7.0,1,1,0,2,8,0,0,0,0,0,0,3,11,0,2013,4,50,40,443,1,3,23.0,4,0,5.75,9,0.25,Store,Wines,Low
2836,1972,Phd,Married,43269.0,1,0,2013-09-16,61,10.0,1.0,7.0,0.0,0.0,1.0,1,1,0,2,8,0,0,0,0,0,0,3,11,0,2013,9,52,42,287,1,3,19.0,4,0,4.75,9,0.25,Store,Wines,Low
8418,1958,2N Cycle,Single,38741.0,1,1,2014-03-30,60,7.0,10.0,17.0,8.0,6.0,13.0,2,2,0,3,7,0,0,0,0,0,0,3,11,0,2014,3,66,56,92,2,3,61.0,7,0,8.714285714285714,9,0.2857142857142857,Store,Meat,Low
1362,1972,Graduation,Single,31907.0,0,0,2013-03-04,75,33.0,81.0,64.0,120.5,16.0,74.0,1,6,1,6,7,0,0,0,0,0,0,3,11,0,2013,3,52,42,483,0,1,388.5,14,0,27.75,13,0.07142857142857142,Web,Fish,Medium
7152,1983,Master,Married,27100.0,1,0,2013-04-05,64,12.0,0.0,13.0,2.0,0.0,10.0,1,1,0,3,7,0,0,0,0,0,0,3,11,0,2013,4,41,31,451,1,3,37.0,5,0,7.4,8,0.2,Store,Meat,Low
10033,1973,2N Cycle,Divorced,31163.0,1,0,2014-02-13,54,2.0,3.0,10.0,11.0,2.0,10.0,1,1,0,3,6,0,0,0,0,0,0,3,11,0,2014,2,51,41,137,1,2,38.0,5,0,7.6,7,0.2,Store,Fish,Low
9349,1985,Graduation,Married,92533.0,0,0,2013-12-19,84,693.0,21.0,118.0,110.0,81.0,42.0,1,6,5,11,2,0,0,1,1,0,0,3,11,0,2013,12,39,29,193,0,2,1065.0,23,2,46.30434782608695,8,0.043478260869565216,Store,Wines,High
274,1973,Graduation,Single,34853.0,1,1,2013-12-23,75,9.0,3.0,15.0,2.0,3.0,2.0,2,2,0,3,6,0,0,0,0,0,0,3,11,0,2013,12,51,41,189,2,3,34.0,7,0,4.857142857142857,8,0.2857142857142857,Store,Meat,Low
3388,1967,Graduation,Divorced,70844.0,1,1,2013-10-30,16,129.0,26.0,67.0,3.0,67.0,2.0,5,6,1,5,7,0,0,0,0,0,0,3,11,0,2013,10,57,47,243,2,3,294.0,17,0,17.294117647058822,13,0.29411764705882354,Web,Wines,Medium
922,1979,2N Cycle,Married,31086.0,1,1,2013-05-04,79,16.0,2.0,11.0,3.0,0.0,16.0,2,1,1,2,8,1,0,0,0,0,0,3,11,0,2013,5,45,35,422,2,4,48.0,6,1,8.0,9,0.3333333333333333,Store,Wines,Low
8588,1961,Graduation,Married,60544.0,1,1,2012-08-25,92,201.0,2.0,43.0,3.0,5.0,35.0,4,5,1,5,6,0,0,0,0,0,0,3,11,0,2012,8,63,53,674,2,4,289.0,15,0,19.266666666666666,11,0.26666666666666666,Web,Wines,Medium
2518,1986,2N Cycle,Married,20491.0,0,0,2013-01-25,16,5.0,4.0,5.0,4.0,2.0,10.0,1,0,1,2,7,0,0,0,0,0,0,3,11,0,2013,1,38,28,521,0,2,30.0,4,0,7.5,7,0.25,Store,Gold,Low
574,1964,Graduation,Married,42523.0,0,0,2014-04-23,96,14.0,36.0,11.0,3.0,26.0,35.0,1,1,1,4,2,0,0,0,0,0,0,3,11,0,2014,4,60,50,68,0,2,125.0,7,0,17.857142857142858,3,0.14285714285714285,Store,Fruits,Low
3220,1983,Graduation,Married,39922.0,1,0,2013-02-14,30,29.0,12.0,59.0,19.0,1.0,36.0,2,3,0,4,8,0,0,0,0,0,0,3,11,0,2013,2,41,31,501,1,3,156.0,9,0,17.333333333333332,11,0.2222222222222222,Store,Meat,Low
5967,1952,Graduation,Married,33402.0,1,1,2013-07-18,60,26.0,2.0,19.0,10.0,5.0,8.0,3,2,1,3,8,0,0,0,0,0,0,3,11,0,2013,7,72,62,347,2,4,70.0,9,0,7.777777777777778,10,0.3333333333333333,Store,Wines,Low
1183,1949,Master,Married,36408.0,1,1,2013-09-21,11,9.0,1.0,4.0,3.0,2.0,3.0,1,1,0,2,6,0,0,0,0,0,0,3,11,0,2013,9,75,65,282,2,4,22.0,4,0,5.5,7,0.25,Store,Wines,Low
6856,1979,Graduation,Married,21645.0,1,0,2012-09-03,75,14.0,0.0,23.0,4.0,5.0,19.0,3,3,0,3,9,0,0,0,0,0,0,3,11,1,2012,9,45,35,665,1,3,65.0,9,1,7.222222222222222,12,0.3333333333333333,Web,Meat,Low
4530,1948,Master,Widow,78427.0,0,0,2012-10-24,36,972.0,19.0,556.0,120.5,26.0,126.5,3,3,7,10,3,0,0,0,1,0,0,3,11,1,2012,10,76,66,614,0,1,1820.0,23,2,79.1304347826087,6,0.13043478260869565,Store,Wines,High
1553,1946,Graduation,Married,82657.0,0,0,2013-09-27,71,966.0,81.0,556.0,120.5,81.0,126.0,1,7,5,10,4,0,1,0,1,0,0,3,11,0,2013,9,78,68,276,0,2,1930.5,23,2,83.93478260869566,11,0.043478260869565216,Store,Wines,High
4682,1958,Graduation,Married,51876.0,0,0,2013-10-15,88,99.0,27.0,102.0,28.0,48.0,6.0,1,2,2,8,1,0,0,0,0,0,0,3,11,0,2013,10,66,56,258,0,2,310.0,13,0,23.846153846153847,3,0.07692307692307693,Store,Meat,Medium
8204,1971,2N Cycle,Married,78041.0,0,0,2012-12-16,93,482.0,35.0,553.0,72.0,81.0,17.0,1,4,4,9,2,0,0,0,0,0,0,3,11,0,2012,12,53,43,561,0,2,1240.0,18,0,68.88888888888889,6,0.05555555555555555,Store,Meat,Medium
5221,1957,Graduation,Married,52852.0,0,1,2012-12-01,93,714.0,8.0,99.0,11.0,0.0,47.0,4,10,7,5,8,1,0,0,0,0,0,3,11,0,2012,12,67,57,576,1,3,879.0,26,1,33.80769230769231,18,0.15384615384615385,Web,Wines,High
1232,1982,Phd,Married,70038.0,0,0,2013-10-25,54,587.0,54.0,348.0,71.0,54.0,126.5,1,4,4,8,2,0,0,0,0,0,0,3,11,0,2013,10,42,32,248,0,2,1240.5,17,0,72.97058823529412,6,0.058823529411764705,Store,Wines,Medium
1927,1973,2N Cycle,Married,69401.0,0,1,2014-03-23,41,399.0,27.0,159.0,58.0,8.0,39.0,4,4,4,5,2,0,0,0,0,0,0,3,11,0,2014,3,51,41,99,1,3,690.0,17,0,40.588235294117645,6,0.23529411764705882,Store,Wines,Medium
5788,1972,Graduation,Married,46053.0,1,0,2013-02-17,46,56.0,10.0,92.0,19.0,7.0,25.0,3,3,2,4,5,0,0,0,0,0,0,3,11,0,2013,2,52,42,498,1,3,209.0,12,0,17.416666666666668,8,0.25,Store,Meat,Medium
6652,1965,Graduation,Married,77343.0,0,0,2014-06-09,28,227.0,81.0,556.0,98.0,54.0,31.0,1,3,4,9,1,0,0,0,0,0,0,3,11,0,2014,6,59,49,21,0,2,1047.0,17,0,61.588235294117645,4,0.058823529411764705,Store,Meat,Medium
6246,1953,Graduation,Single,73892.0,0,0,2013-11-13,40,703.0,81.0,556.0,0.0,58.0,43.0,1,3,11,8,1,0,0,0,0,0,0,3,11,1,2013,11,71,61,229,0,1,1441.0,23,1,62.65217391304348,4,0.043478260869565216,Catalog,Wines,High
5975,1967,Phd,Single,40304.0,1,0,2013-09-30,82,37.0,0.0,17.0,0.0,0.0,3.0,1,2,0,3,7,0,0,0,0,0,0,3,11,0,2013,9,57,47,273,1,2,57.0,6,0,9.5,9,0.16666666666666666,Store,Wines,Low
6875,1965,Phd,Married,32727.0,0,0,2012-08-28,38,167.0,13.0,180.0,86.0,13.0,70.0,2,7,3,5,8,0,0,0,0,0,0,3,11,0,2012,8,59,49,671,0,2,529.0,17,0,31.11764705882353,15,0.11764705882352941,Web,Meat,Medium
4399,1969,Graduation,Married,68695.0,0,0,2014-06-25,3,458.0,81.0,356.0,106.0,50.0,40.0,1,4,4,7,2,0,0,0,0,0,0,3,11,0,2014,6,55,45,5,0,2,1091.0,16,0,68.1875,6,0.0625,Store,Wines,Medium
4042,1971,Graduation,Divorced,43300.0,0,1,2012-10-13,87,91.0,3.0,52.0,2.0,1.0,31.0,3,4,0,4,8,0,0,0,0,0,0,3,11,1,2012,10,53,43,625,1,2,180.0,11,1,16.363636363636363,12,0.2727272727272727,Web,Wines,Medium
2157,1972,Graduation,Married,26290.0,1,1,2013-01-12,49,15.0,8.0,16.0,11.0,5.0,22.0,4,2,0,4,6,0,0,0,0,0,0,3,11,0,2013,1,52,42,534,2,4,77.0,10,0,7.7,8,0.4,Store,Gold,Medium
10133,1970,Graduation,Single,93790.0,0,0,2014-02-12,16,1224.0,68.0,556.0,89.0,81.0,45.0,0,6,7,12,2,0,1,1,1,0,0,3,11,1,2014,2,54,44,138,0,1,2063.0,25,4,82.52,8,0.0,Store,Wines,High
2525,1974,Phd,Married,38410.0,0,0,2012-09-14,65,153.0,64.0,123.0,116.0,64.0,14.0,2,5,2,9,6,0,0,0,0,0,0,3,11,1,2012,9,50,40,654,0,2,534.0,18,1,29.666666666666668,11,0.1111111111111111,Store,Wines,Medium
8233,1950,Master,Widow,64866.0,0,1,2014-01-26,9,508.0,5.0,21.0,7.0,5.0,10.0,4,7,3,7,5,0,1,0,0,0,0,3,11,0,2014,1,74,64,155,1,2,556.0,21,1,26.476190476190474,12,0.19047619047619047,Web,Wines,High
9483,1959,Graduation,Married,57957.0,0,1,2013-08-19,24,290.0,59.0,177.0,77.0,5.0,29.0,7,4,6,8,3,0,0,0,0,0,1,3,11,0,2013,8,65,55,315,1,3,637.0,25,0,25.48,7,0.28,Store,Wines,High
2945,1955,Phd,Married,46015.0,1,1,2014-04-13,25,38.0,0.0,2.0,0.0,0.0,6.0,1,1,0,3,7,1,0,0,0,1,0,3,11,0,2014,4,69,59,78,2,4,46.0,5,2,9.2,8,0.2,Store,Wines,Low
10403,1978,Graduation,Married,16531.0,1,0,2014-06-18,43,2.0,13.0,6.0,7.0,5.0,11.0,3,3,0,3,7,0,0,0,0,0,0,3,11,0,2014,6,46,36,12,1,3,44.0,9,0,4.888888888888889,10,0.3333333333333333,Web,Fruits,Low
5074,1986,Master,Married,28072.0,1,0,2013-07-08,10,30.0,0.0,10.0,2.0,0.0,5.0,1,1,0,3,7,0,0,0,0,0,0,3,11,0,2013,7,38,28,357,1,3,47.0,5,0,9.4,8,0.2,Store,Wines,Low
10524,1963,Master,Divorced,49476.0,0,1,2013-06-20,29,386.0,23.0,95.0,54.0,41.0,126.5,4,2,11,5,2,0,0,0,0,0,0,3,11,0,2013,6,61,51,375,1,2,725.5,22,0,32.97727272727273,4,0.18181818181818182,Catalog,Wines,High
4690,1953,Graduation,Married,50725.0,0,1,2013-02-13,45,443.0,10.0,75.0,0.0,10.0,48.0,4,8,1,8,8,0,0,0,0,0,0,3,11,0,2013,2,71,61,502,1,3,586.0,21,0,27.904761904761905,16,0.19047619047619047,Web,Wines,High
7521,1952,Graduation,Married,83844.0,0,0,2013-05-12,57,901.0,31.0,345.0,75.0,31.0,126.5,1,4,4,11,1,0,0,1,0,0,0,3,11,0,2013,5,72,62,414,0,2,1509.5,20,1,75.475,5,0.05,Store,Wines,High
7196,1950,Phd,Married,41145.0,1,1,2014-02-08,20,9.0,0.0,3.0,0.0,0.0,1.0,1,0,0,3,3,0,0,0,0,0,0,3,11,0,2014,2,74,64,142,2,4,13.0,4,0,3.25,3,0.25,Store,Wines,Low
4406,1970,Graduation,Married,67419.0,0,1,2013-01-16,29,846.0,81.0,352.0,91.0,56.0,42.0,4,9,4,8,5,0,0,0,0,0,0,3,11,0,2013,1,54,44,530,1,3,1468.0,25,0,58.72,14,0.16,Web,Wines,High
9672,1970,2N Cycle,Married,23162.0,1,1,2013-12-21,82,8.0,3.0,9.0,19.0,4.0,22.0,3,1,1,3,6,0,0,0,0,0,0,3,11,0,2013,12,54,44,191,2,4,65.0,8,0,8.125,7,0.375,Store,Gold,Low
4864,1977,Graduation,Married,34380.0,1,0,2013-05-02,68,72.0,7.0,58.0,13.0,1.0,24.0,4,4,1,3,8,0,0,0,0,0,0,3,11,0,2013,5,47,37,424,1,3,175.0,12,0,14.583333333333334,12,0.3333333333333333,Web,Wines,Medium
4706,1966,Graduation,Single,34704.0,0,1,2013-04-27,65,29.0,0.0,5.0,0.0,1.0,5.0,1,1,0,3,5,0,0,0,0,0,0,3,11,0,2013,4,58,48,429,1,2,40.0,5,0,8.0,6,0.2,Store,Wines,Low
4070,1969,Phd,Married,94871.0,0,2,2012-09-01,99,169.0,24.0,553.0,120.5,0.0,126.5,1,8,5,4,7,0,1,1,0,0,0,3,11,1,2012,9,55,45,667,2,4,993.0,18,3,55.166666666666664,15,0.05555555555555555,Web,Meat,Medium
25,1958,Graduation,Married,65148.0,0,1,2012-11-16,9,460.0,35.0,422.0,33.0,12.0,126.5,2,6,6,7,4,0,0,0,0,0,0,3,11,0,2012,11,66,56,591,1,3,1088.5,21,0,51.833333333333336,10,0.09523809523809523,Store,Wines,High
3697,1954,Graduation,Married,39898.0,0,1,2013-02-12,20,69.0,8.0,26.0,12.0,7.0,12.0,2,3,0,4,7,0,0,0,0,0,0,3,11,0,2013,2,70,60,503,1,3,134.0,9,0,14.88888888888889,10,0.2222222222222222,Store,Wines,Low
217,1956,Master,Single,64857.0,0,0,2012-11-23,78,556.0,14.0,556.0,120.5,0.0,43.0,1,7,5,10,4,0,0,0,0,0,0,3,11,0,2012,11,68,58,584,0,1,1289.5,23,0,56.06521739130435,11,0.043478260869565216,Store,Wines,High
4220,1970,Phd,Married,59892.0,0,1,2013-11-02,26,73.0,0.0,13.0,0.0,1.0,0.0,1,2,1,3,3,0,0,0,0,0,0,3,11,0,2013,11,54,44,240,1,3,87.0,7,0,12.428571428571429,5,0.14285714285714285,Store,Wines,Low
5286,1987,Master,Single,41020.0,0,0,2013-10-28,68,112.0,1.0,54.0,7.0,7.0,36.0,1,3,2,4,3,0,0,0,0,0,0,3,11,0,2013,10,37,27,245,0,1,217.0,10,0,21.7,6,0.1,Store,Wines,Medium
9559,1961,Phd,Married,57072.0,0,1,2014-01-24,79,944.0,0.0,60.0,0.0,0.0,30.0,2,7,5,13,5,1,0,0,0,0,0,3,11,0,2014,1,63,53,157,1,3,1034.0,27,1,38.2962962962963,12,0.07407407407407407,Store,Wines,High
2849,1979,Graduation,Single,60474.0,0,1,2013-04-01,25,265.0,81.0,303.0,120.5,9.0,126.5,7,10,2,12,7,0,0,0,0,0,0,3,11,0,2013,4,45,35,455,1,2,905.0,31,0,29.193548387096776,17,0.22580645161290322,Store,Meat,High
7787,1960,Graduation,Married,62807.0,0,1,2012-08-31,83,526.0,28.0,135.0,10.0,21.0,99.0,3,5,3,12,5,0,0,0,0,0,0,3,11,0,2012,8,64,54,668,1,3,819.0,23,0,35.608695652173914,10,0.13043478260869565,Store,Wines,High
3102,1981,2N Cycle,Married,19414.0,1,0,2013-10-16,32,2.0,3.0,12.0,3.0,5.0,7.0,1,1,0,3,8,0,0,0,0,0,0,3,11,0,2013,10,43,33,257,1,3,32.0,5,0,6.4,9,0.2,Store,Meat,Low
5868,1980,Graduation,Married,19107.0,1,0,2013-08-22,49,2.0,4.0,9.0,10.0,5.0,16.0,2,1,0,3,7,0,0,0,0,0,0,3,11,0,2013,8,44,34,312,1,3,46.0,6,0,7.666666666666667,8,0.3333333333333333,Store,Gold,Low
8370,1976,2N Cycle,Married,75484.0,0,1,2012-08-02,50,378.0,81.0,259.0,120.5,81.0,34.0,2,7,3,6,4,0,0,0,0,0,0,3,11,0,2012,8,48,38,697,1,3,953.5,18,0,52.97222222222222,11,0.1111111111111111,Web,Wines,Medium
9988,1976,Master,Single,70379.0,0,1,2013-03-03,84,553.0,25.0,142.0,65.0,67.0,8.0,3,6,3,13,4,0,0,0,0,0,0,3,11,0,2013,3,48,38,484,1,2,860.0,25,0,34.4,10,0.12,Store,Wines,High
2939,1970,Master,Married,79419.0,0,0,2014-06-22,96,751.0,81.0,556.0,20.0,15.0,31.0,1,4,6,4,2,0,0,0,0,0,0,3,11,0,2014,6,54,44,8,0,2,1454.0,15,0,96.93333333333334,6,0.06666666666666667,Catalog,Wines,Medium
5529,1946,Phd,Married,64014.0,2,1,2014-06-10,56,406.0,0.0,30.0,0.0,0.0,8.0,7,8,2,5,7,0,0,0,1,0,0,3,11,0,2014,6,78,68,20,3,5,444.0,22,1,20.181818181818183,15,0.3181818181818182,Web,Wines,High
9743,1955,Graduation,Married,76998.0,0,1,2013-01-11,85,1224.0,81.0,161.0,69.0,35.0,107.0,2,11,8,8,6,0,0,1,0,0,0,3,11,0,2013,1,69,59,535,1,3,1677.0,29,1,57.827586206896555,17,0.06896551724137931,Web,Wines,High
5763,1972,Master,Married,49854.0,1,0,2013-11-10,63,123.0,17.0,171.0,39.0,0.0,30.0,5,6,2,5,6,0,0,0,0,0,0,3,11,0,2013,11,52,42,232,1,3,380.0,18,0,21.11111111111111,12,0.2777777777777778,Web,Meat,Medium
3478,1971,Phd,Married,60585.0,1,1,2013-06-24,17,267.0,42.0,309.0,55.0,42.0,21.0,10,7,4,9,5,0,0,0,0,0,0,3,11,1,2013,6,53,43,371,2,4,736.0,30,1,24.533333333333335,12,0.3333333333333333,Store,Meat,High
7494,1950,Phd,Divorced,42873.0,1,1,2013-01-21,11,209.0,0.0,40.0,3.0,2.0,15.0,4,6,1,4,8,0,0,0,0,0,0,3,11,0,2013,1,74,64,525,2,3,269.0,15,0,17.933333333333334,14,0.26666666666666666,Web,Wines,Medium
1763,1988,Graduation,Married,87679.0,0,0,2013-07-27,62,1224.0,81.0,556.0,97.0,81.0,33.0,1,7,11,10,4,1,0,1,1,0,0,3,11,1,2013,7,36,26,338,0,2,2072.0,29,4,71.44827586206897,11,0.034482758620689655,Catalog,Wines,High
7250,1978,Graduation,Married,57867.0,1,0,2013-10-01,48,344.0,35.0,178.0,15.0,23.0,17.0,7,7,2,9,6,0,0,0,0,0,0,3,11,0,2013,10,46,36,272,1,3,612.0,25,0,24.48,13,0.28,Store,Wines,High
2005,1990,Graduation,Married,35765.0,1,0,2013-12-11,86,22.0,3.0,30.0,0.0,5.0,15.0,2,2,0,4,6,0,0,0,0,0,0,3,11,0,2013,12,34,24,201,1,3,75.0,8,0,9.375,8,0.25,Store,Meat,Low
10770,1959,Graduation,Married,65492.0,0,0,2014-01-26,73,247.0,81.0,295.0,120.5,81.0,47.0,2,4,7,13,2,0,0,0,0,0,0,3,11,0,2014,1,65,55,155,0,2,871.5,26,0,33.51923076923077,6,0.07692307692307693,Store,Meat,High
6885,1977,Graduation,Divorced,32952.0,1,0,2013-12-01,36,38.0,0.0,12.0,3.0,1.0,1.0,1,2,0,3,7,0,0,0,0,0,0,3,11,0,2013,12,47,37,211,1,2,55.0,6,0,9.166666666666666,9,0.16666666666666666,Store,Wines,Low
2072,1969,Phd,Married,53374.0,0,1,2012-08-16,34,896.0,10.0,101.0,13.0,10.0,34.0,6,4,2,9,9,1,0,0,0,0,0,3,11,1,2012,8,55,45,683,1,3,1064.0,21,2,50.666666666666664,13,0.2857142857142857,Store,Wines,High
9463,1959,Graduation,Married,71706.0,0,1,2012-11-13,16,931.0,56.0,253.0,91.0,81.0,14.0,4,9,5,7,5,0,0,0,0,0,0,3,11,0,2012,11,65,55,594,1,3,1426.0,25,0,57.04,14,0.16,Web,Wines,High
6318,1988,Graduation,Married,68487.0,0,0,2013-01-13,48,758.0,12.0,385.0,33.0,81.0,89.0,1,9,7,13,4,0,0,0,0,0,0,3,11,0,2013,1,36,26,533,0,2,1358.0,30,0,45.266666666666666,13,0.03333333333333333,Store,Wines,High
4093,1975,Master,Married,53253.0,1,1,2013-02-11,61,216.0,9.0,57.0,20.0,9.0,125.0,7,4,3,5,5,0,0,0,0,0,0,3,11,0,2013,2,49,39,504,2,4,436.0,19,0,22.94736842105263,9,0.3684210526315789,Store,Wines,Medium
5751,1973,2N Cycle,Divorced,31163.0,1,0,2014-02-13,54,2.0,3.0,10.0,11.0,2.0,10.0,1,1,0,3,6,0,0,0,0,0,0,3,11,0,2014,2,51,41,137,1,2,38.0,5,0,7.6,7,0.2,Store,Fish,Low
3340,1977,Graduation,Married,42014.0,1,0,2012-08-17,56,244.0,15.0,108.0,4.0,15.0,50.0,6,7,1,6,8,0,0,0,0,0,0,3,11,1,2012,8,47,37,682,1,3,436.0,20,1,21.8,15,0.3,Web,Wines,High
3594,1973,Master,Married,54108.0,1,1,2012-11-05,74,539.0,6.0,91.0,8.0,6.0,97.0,13,8,2,9,8,0,0,0,0,0,0,3,11,0,2012,11,51,41,602,2,4,747.0,32,0,23.34375,16,0.40625,Store,Wines,High
3584,1955,Phd,Single,49667.0,0,0,2012-08-20,35,1181.0,26.0,120.0,17.0,13.0,39.0,2,5,10,5,8,1,0,0,0,0,0,3,11,1,2012,8,69,59,679,0,1,1396.0,22,2,63.45454545454545,13,0.09090909090909091,Catalog,Wines,High
3643,1974,Master,Married,63206.0,0,0,2014-03-20,65,750.0,8.0,125.0,11.0,8.0,26.0,1,4,3,6,2,0,0,1,0,0,0,3,11,0,2014,3,50,40,102,0,2,928.0,14,1,66.28571428571429,6,0.07142857142857142,Store,Wines,Medium
851,1972,Master,Married,57136.0,1,1,2013-07-09,48,306.0,5.0,109.0,21.0,81.0,92.0,9,5,2,10,6,0,0,0,0,0,0,3,11,0,2013,7,52,42,356,2,4,614.0,26,0,23.615384615384617,11,0.34615384615384615,Store,Wines,High
7706,1975,2N Cycle,Married,46772.0,0,1,2012-11-07,88,350.0,81.0,189.0,120.5,81.0,57.0,6,11,8,5,8,1,0,0,0,0,0,3,11,0,2012,11,49,39,600,1,3,878.5,30,1,29.283333333333335,19,0.2,Web,Wines,High
3967,1971,Phd,Married,78931.0,0,0,2013-10-25,19,331.0,81.0,170.0,58.0,81.0,35.0,1,2,8,13,1,0,0,0,0,0,0,3,11,0,2013,10,53,43,248,0,2,756.0,24,0,31.5,3,0.041666666666666664,Store,Wines,High
10128,1958,Graduation,Married,53977.0,0,1,2013-06-08,21,620.0,16.0,165.0,0.0,24.0,82.0,5,5,5,12,5,0,0,0,0,0,0,3,11,0,2013,6,66,56,387,1,3,907.0,27,0,33.592592592592595,10,0.18518518518518517,Store,Wines,High
486,1988,Graduation,Married,84219.0,0,0,2014-02-02,27,434.0,81.0,400.0,45.0,81.0,45.0,1,3,4,10,1,0,0,0,0,0,0,3,11,0,2014,2,36,26,148,0,2,1086.0,18,0,60.333333333333336,4,0.05555555555555555,Store,Wines,Medium
9,1975,Master,Single,46098.0,1,1,2012-08-18,86,57.0,0.0,27.0,0.0,0.0,36.0,4,3,2,2,8,0,0,0,0,0,0,3,11,0,2012,8,49,39,681,2,3,120.0,11,0,10.909090909090908,11,0.36363636363636365,Web,Wines,Medium
9451,1965,Graduation,Married,73538.0,0,1,2012-11-25,92,811.0,76.0,428.0,99.0,81.0,107.0,3,10,4,9,7,0,0,0,0,0,0,3,11,0,2012,11,59,49,582,1,3,1602.0,26,0,61.61538461538461,17,0.11538461538461539,Web,Wines,High
9264,1986,Graduation,Married,79529.0,0,0,2014-04-27,1,423.0,42.0,556.0,73.0,81.0,126.5,1,4,8,9,2,0,0,0,0,0,0,3,11,0,2014,4,38,28,64,0,2,1301.5,22,0,59.15909090909091,6,0.045454545454545456,Store,Meat,High
3865,1977,2N Cycle,Married,20981.0,0,0,2013-04-30,14,2.0,12.0,10.0,6.0,13.0,30.0,1,3,1,2,8,0,0,0,0,0,0,3,11,1,2013,4,47,37,426,0,2,73.0,7,1,10.428571428571429,11,0.14285714285714285,Web,Gold,Low
2853,1980,Graduation,Single,51766.0,1,0,2014-03-11,74,60.0,51.0,87.0,6.0,20.0,51.0,2,4,2,4,5,0,0,0,0,0,0,3,11,0,2014,3,44,34,111,1,2,275.0,12,0,22.916666666666668,9,0.16666666666666666,Web,Meat,Medium
1490,1962,Graduation,Married,55759.0,0,1,2012-11-28,84,675.0,0.0,85.0,10.0,7.0,77.0,5,10,3,8,8,0,0,0,0,0,0,3,11,0,2012,11,62,52,579,1,3,854.0,26,0,32.84615384615385,18,0.19230769230769232,Web,Wines,High
6310,1978,Graduation,Married,33039.0,1,0,2013-09-09,4,30.0,8.0,12.0,8.0,8.0,12.0,1,2,0,4,5,0,0,0,0,0,0,3,11,0,2013,9,46,36,294,1,3,78.0,7,0,11.142857142857142,7,0.14285714285714285,Store,Wines,Low
10380,1972,Master,Married,37787.0,1,0,2013-09-20,50,40.0,1.0,40.0,4.0,3.0,18.0,1,3,0,3,8,0,0,0,0,0,0,3,11,0,2013,9,52,42,283,1,3,106.0,7,0,15.142857142857142,11,0.14285714285714285,Web,Wines,Low
3887,1970,Graduation,Single,27242.0,1,0,2012-11-11,2,3.0,17.0,26.0,20.0,1.0,39.0,2,2,0,3,9,0,0,0,0,0,0,3,11,1,2012,11,54,44,596,1,2,106.0,7,1,15.142857142857142,11,0.2857142857142857,Store,Gold,Low
4278,1983,Phd,Single,87188.0,0,0,2013-06-03,73,910.0,81.0,556.0,49.0,74.0,55.0,1,10,2,6,3,0,0,0,0,0,0,3,11,1,2013,6,41,31,392,0,1,1725.0,19,1,90.78947368421052,13,0.05263157894736842,Web,Wines,Medium
8643,1971,Graduation,Married,69930.0,0,0,2013-05-26,21,252.0,81.0,556.0,120.5,70.0,126.5,1,4,5,12,3,0,0,0,0,0,0,3,11,0,2013,5,53,43,400,0,2,1206.0,22,0,54.81818181818182,7,0.045454545454545456,Store,Meat,High
1998,1976,Graduation,Single,37697.0,1,0,2014-02-07,82,34.0,6.0,21.0,11.0,4.0,8.0,1,2,1,3,6,0,0,0,0,0,0,3,11,0,2014,2,48,38,143,1,2,84.0,7,0,12.0,8,0.14285714285714285,Store,Wines,Low
10795,1973,Phd,Married,37401.0,1,0,2014-05-06,14,19.0,3.0,19.0,3.0,1.0,3.0,2,2,0,3,7,0,0,0,0,0,0,3,11,0,2014,5,51,41,55,1,3,48.0,7,0,6.857142857142857,9,0.2857142857142857,Store,Wines,Low
11110,1973,Graduation,Single,3502.0,1,0,2013-04-13,56,2.0,1.0,1.0,0.0,0.0,1.0,0,0,0,0,14,0,0,0,0,0,0,3,11,0,2013,4,51,41,443,1,2,5.0,0,0,0.0,14,0.0,Web,Wines,Low
2408,1976,Graduation,Married,58597.0,1,1,2012-11-20,20,490.0,0.0,184.0,10.0,28.0,21.0,12,7,4,9,7,0,0,0,0,0,0,3,11,0,2012,11,48,38,587,2,4,733.0,32,0,22.90625,14,0.375,Store,Wines,High
202,1948,Phd,Widow,82032.0,0,0,2014-04-05,54,332.0,81.0,377.0,120.5,81.0,57.0,0,4,6,7,1,0,0,0,0,0,0,3,11,0,2014,4,76,66,86,0,1,1048.5,17,0,61.6764705882353,5,0.0,Store,Meat,Medium
7998,1958,Graduation,Married,28087.0,1,1,2012-12-11,77,53.0,8.0,17.0,13.0,0.0,21.0,3,2,2,2,7,0,0,0,0,0,0,3,11,0,2012,12,66,56,566,2,4,112.0,9,0,12.444444444444445,9,0.3333333333333333,Web,Wines,Low
830,1987,Phd,Single,74004.0,0,0,2014-02-24,5,784.0,48.0,556.0,42.0,81.0,48.0,1,4,6,4,3,0,0,1,1,0,0,3,11,1,2014,2,37,27,126,0,1,1559.0,15,3,103.93333333333334,7,0.06666666666666667,Catalog,Wines,Medium
3536,1960,Graduation,Married,19740.0,0,1,2013-03-24,65,7.0,11.0,3.0,10.0,4.0,20.0,2,1,1,3,5,0,0,0,0,0,0,3,11,0,2013,3,64,54,463,1,3,55.0,7,0,7.857142857142857,6,0.2857142857142857,Store,Gold,Low
6050,1975,2N Cycle,Married,57036.0,0,1,2012-12-11,33,1171.0,43.0,219.0,19.0,14.0,47.0,4,6,3,13,9,1,0,0,0,0,0,3,11,0,2012,12,49,39,566,1,3,1513.0,26,1,58.19230769230769,15,0.15384615384615385,Store,Wines,High
125,1958,2N Cycle,Married,53083.0,1,1,2013-05-15,65,215.0,7.0,33.0,3.0,0.0,13.0,6,5,1,5,7,0,1,0,0,0,0,3,11,0,2013,5,66,56,411,2,4,271.0,17,1,15.941176470588236,12,0.35294117647058826,Web,Wines,Medium
3463,1975,Phd,Married,69283.0,0,1,2014-06-14,41,674.0,62.0,134.0,0.0,26.0,8.0,4,7,3,13,5,0,0,0,0,0,0,3,11,0,2014,6,49,39,16,1,3,904.0,27,0,33.48148148148148,12,0.14814814814814814,Store,Wines,High
2804,1975,Master,Single,46098.0,1,1,2012-08-18,86,57.0,0.0,27.0,0.0,0.0,36.0,4,3,2,2,8,0,0,0,0,0,0,3,11,1,2012,8,49,39,681,2,3,120.0,11,1,10.909090909090908,11,0.36363636363636365,Web,Wines,Medium
3745,1988,2N Cycle,Married,23331.0,1,0,2012-09-04,92,5.0,36.0,7.0,0.0,10.0,45.0,2,3,0,3,8,0,0,0,0,0,0,3,11,0,2012,9,36,26,664,1,3,103.0,8,0,12.875,11,0.25,Web,Gold,Low
9771,1988,2N Cycle,Single,23331.0,1,0,2012-10-05,97,104.0,20.0,101.0,24.0,15.0,5.0,6,5,1,5,9,0,0,0,0,0,0,3,11,0,2012,10,36,26,633,1,2,269.0,17,0,15.823529411764707,14,0.35294117647058826,Web,Wines,Medium
451,1989,Graduation,Single,9255.0,1,0,2013-12-20,91,9.0,0.0,7.0,2.0,0.0,4.0,1,1,1,2,8,0,0,0,0,0,0,3,11,0,2013,12,35,25,192,1,2,22.0,5,0,4.4,9,0.2,Store,Wines,Low
10530,1959,Phd,Widow,67786.0,0,0,2013-12-07,0,431.0,81.0,441.0,80.0,20.0,102.0,1,3,6,6,1,0,0,0,0,0,0,3,11,1,2013,12,65,55,205,0,1,1155.0,16,1,72.1875,4,0.0625,Catalog,Meat,Medium
1079,1971,Phd,Married,71969.0,0,1,2012-10-16,59,1000.0,0.0,76.0,0.0,0.0,10.0,3,3,4,9,8,0,1,0,0,0,0,3,11,0,2012,10,53,43,622,1,3,1086.0,19,1,57.1578947368421,11,0.15789473684210525,Store,Wines,Medium
8920,1967,Master,Single,59235.0,1,0,2013-01-12,4,448.0,40.0,469.0,80.0,0.0,91.0,3,11,2,12,7,0,0,0,0,0,0,3,11,0,2013,1,57,47,534,1,2,1128.0,28,0,40.285714285714285,18,0.10714285714285714,Store,Meat,High
6678,1989,Graduation,Married,31928.0,1,0,2014-03-28,5,33.0,4.0,24.0,4.0,2.0,5.0,2,3,0,4,7,0,0,0,0,0,0,3,11,0,2014,3,35,25,94,1,3,72.0,9,0,8.0,10,0.2222222222222222,Store,Wines,Low
3852,1961,Master,Married,74881.0,1,1,2013-03-08,48,505.0,72.0,270.0,36.0,27.0,54.0,4,9,2,12,5,0,0,0,0,0,0,3,11,0,2013,3,63,53,479,2,4,964.0,27,0,35.7037037037037,14,0.14814814814814814,Store,Wines,High
528,1978,Graduation,Married,65819.0,0,0,2012-11-29,99,267.0,38.0,556.0,120.5,81.0,63.0,1,5,4,10,3,0,0,0,0,0,0,3,11,0,2012,11,46,36,578,0,2,1125.5,20,0,56.275,8,0.05,Store,Meat,High
73,1953,Phd,Single,51411.0,1,2,2013-05-26,81,14.0,0.0,3.0,0.0,0.0,1.0,1,0,0,3,5,0,0,0,0,0,0,3,11,0,2013,5,71,61,400,3,4,18.0,4,0,4.5,5,0.25,Store,Wines,Low
5589,1964,Graduation,Divorced,51983.0,0,1,2012-08-31,95,631.0,0.0,115.0,10.0,7.0,30.0,3,9,2,10,7,0,0,0,0,0,0,3,11,0,2012,8,60,50,668,1,2,793.0,24,0,33.041666666666664,16,0.125,Store,Wines,High
10212,1986,Master,Married,42386.0,1,0,2013-01-13,43,65.0,4.0,16.0,0.0,4.0,11.0,1,3,0,3,8,0,0,0,0,0,0,3,11,0,2013,1,38,28,533,1,3,100.0,7,0,14.285714285714286,11,0.14285714285714285,Web,Wines,Low
6365,1987,2N Cycle,Married,30390.0,0,0,2013-09-02,5,10.0,12.0,12.0,25.0,1.0,20.0,1,2,0,3,6,0,0,0,0,0,0,3,11,0,2013,9,37,27,301,0,2,80.0,6,0,13.333333333333334,8,0.16666666666666666,Store,Fish,Low
5636,1963,Graduation,Single,30983.0,0,0,2012-11-09,50,51.0,4.0,50.0,12.0,1.0,49.0,1,4,0,3,8,0,0,0,0,0,0,3,11,1,2012,11,61,51,598,0,1,167.0,8,1,20.875,12,0.125,Web,Wines,Low
591,1957,Graduation,Widow,66033.0,0,1,2013-01-20,76,293.0,35.0,179.0,46.0,59.0,65.0,2,8,3,7,7,0,0,0,0,0,0,3,11,0,2013,1,67,57,526,1,2,677.0,20,0,33.85,15,0.1,Web,Wines,High
2217,1975,2N Cycle,Married,37284.0,1,1,2013-03-29,46,11.0,1.0,2.0,2.0,1.0,6.0,1,0,0,3,6,0,0,0,0,0,0,3,11,0,2013,3,49,39,458,2,4,23.0,4,0,5.75,6,0.25,Store,Wines,Low
2544,1951,Master,Divorced,57530.0,0,1,2013-10-12,68,50.0,1.0,27.0,6.0,7.0,1.0,1,1,1,4,1,0,0,0,0,0,0,3,11,0,2013,10,73,63,261,1,2,92.0,7,0,13.142857142857142,2,0.14285714285714285,Store,Wines,Low
7725,1965,2N Cycle,Married,76800.0,0,0,2014-03-08,33,173.0,26.0,255.0,35.0,71.0,81.0,1,4,4,7,1,0,0,0,0,0,0,3,11,0,2014,3,59,49,114,0,2,641.0,16,0,40.0625,5,0.0625,Store,Meat,Medium
8091,1956,Graduation,Married,63943.0,0,1,2012-09-02,50,423.0,81.0,368.0,13.0,81.0,21.0,1,6,4,6,5,0,0,0,0,0,0,3,11,0,2012,9,68,58,666,1,3,987.0,17,0,58.05882352941177,11,0.058823529411764705,Web,Wines,Medium
7321,1962,Graduation,Married,76081.0,0,0,2014-05-23,85,292.0,30.0,415.0,63.0,33.0,126.5,1,4,5,4,2,0,0,0,1,0,0,3,11,0,2014,5,62,52,38,0,2,959.5,14,1,68.53571428571429,6,0.07142857142857142,Catalog,Meat,Medium
5462,1974,Graduation,Married,67445.0,0,1,2012-08-12,63,757.0,80.0,217.0,29.0,80.0,11.0,5,9,6,12,6,0,0,0,0,0,0,3,11,0,2012,8,50,40,687,1,3,1174.0,32,0,36.6875,15,0.15625,Store,Wines,High
7791,1967,Master,Married,37054.0,1,1,2013-09-15,89,12.0,1.0,6.0,0.0,1.0,5.0,2,1,0,3,7,0,0,0,0,0,0,3,11,0,2013,9,57,47,288,2,4,25.0,6,0,4.166666666666667,8,0.3333333333333333,Store,Wines,Low
955,1962,Master,Married,47175.0,1,1,2012-10-28,81,167.0,2.0,44.0,6.0,2.0,19.0,7,4,2,4,8,1,0,0,0,0,0,3,11,1,2012,10,62,52,610,2,4,240.0,17,2,14.117647058823529,12,0.4117647058823529,Web,Wines,Medium
4037,1976,Graduation,Divorced,31859.0,1,0,2013-06-14,77,3.0,1.0,3.0,8.0,0.0,5.0,1,1,0,2,7,0,0,0,0,0,0,3,11,0,2013,6,48,38,381,1,2,20.0,4,0,5.0,8,0.25,Store,Fish,Low
6642,1961,Graduation,Divorced,27215.0,2,1,2013-01-23,50,30.0,5.0,22.0,8.0,9.0,28.0,4,2,1,4,6,0,0,0,0,0,0,3,11,0,2013,1,63,53,523,3,4,102.0,11,0,9.272727272727273,8,0.36363636363636365,Store,Wines,Medium
2793,1976,Phd,Divorced,70179.0,0,1,2013-07-21,10,532.0,81.0,168.0,69.0,44.0,126.5,3,7,3,13,5,0,0,0,0,0,0,3,11,0,2013,7,48,38,344,1,2,1020.5,26,0,39.25,12,0.11538461538461539,Store,Wines,High
5424,1983,Graduation,Married,39922.0,1,0,2013-02-14,30,29.0,12.0,59.0,19.0,1.0,36.0,2,3,0,4,8,0,0,0,0,0,0,3,11,0,2013,2,41,31,501,1,3,156.0,9,0,17.333333333333332,11,0.2222222222222222,Store,Meat,Low
879,1976,Master,Married,49681.0,0,2,2013-11-04,66,411.0,0.0,26.0,0.0,0.0,21.0,6,7,1,7,7,0,0,0,0,0,0,3,11,0,2013,11,48,38,238,2,4,458.0,21,0,21.80952380952381,14,0.2857142857142857,Web,Wines,High
9530,1988,Graduation,Married,24645.0,1,0,2012-11-01,16,5.0,3.0,4.0,4.0,1.0,0.0,1,1,0,2,8,0,0,0,0,0,0,3,11,0,2012,11,36,26,606,1,3,17.0,4,0,4.25,9,0.25,Store,Wines,Low
4828,1954,Graduation,Divorced,79865.0,0,1,2014-06-18,12,71.0,81.0,278.0,120.5,81.0,38.0,1,5,10,5,1,0,0,0,0,0,0,3,11,0,2014,6,70,60,12,1,2,669.5,21,0,31.88095238095238,6,0.047619047619047616,Catalog,Meat,High
10699,1985,Graduation,Married,44322.0,1,0,2014-06-16,30,46.0,0.0,40.0,3.0,0.0,3.0,2,3,0,3,8,0,0,0,0,0,0,3,11,0,2014,6,39,29,14,1,3,92.0,8,0,11.5,11,0.25,Web,Wines,Low
1497,1952,Graduation,Single,47958.0,0,1,2013-01-19,8,268.0,11.0,88.0,15.0,3.0,22.0,2,6,3,5,5,0,0,0,0,0,0,3,11,0,2013,1,72,62,527,1,2,407.0,16,0,25.4375,11,0.125,Web,Wines,Medium
7476,1964,Master,Single,63972.0,0,1,2012-12-02,93,928.0,63.0,254.0,0.0,12.0,12.0,4,5,4,10,4,0,1,0,0,0,0,3,11,0,2012,12,60,50,575,1,2,1269.0,23,1,55.17391304347826,9,0.17391304347826086,Store,Wines,High
4390,1954,Graduation,Married,75315.0,0,1,2014-04-15,14,459.0,15.0,171.0,120.5,23.0,31.0,2,5,4,12,2,0,0,0,0,0,0,3,11,0,2014,4,70,60,76,1,3,819.5,23,0,35.630434782608695,7,0.08695652173913043,Store,Wines,High
10478,1950,Phd,Married,55517.0,1,1,2012-09-27,53,483.0,0.0,108.0,0.0,6.0,36.0,5,11,1,6,9,0,0,0,0,0,0,3,11,1,2012,9,74,64,641,2,4,633.0,23,1,27.52173913043478,20,0.21739130434782608,Web,Wines,High
1081,1957,Phd,Married,75283.0,1,2,2013-03-27,26,733.0,9.0,180.0,12.0,19.0,66.0,11,6,3,5,4,0,0,0,0,0,0,3,11,0,2013,3,67,57,460,3,5,1019.0,25,0,40.76,10,0.44,Web,Wines,High
4261,1946,Phd,Single,82800.0,0,0,2012-11-24,23,1006.0,22.0,115.0,59.0,68.0,45.0,1,7,6,12,3,0,0,1,1,0,0,3,11,1,2012,11,78,68,583,0,1,1315.0,26,3,50.57692307692308,10,0.038461538461538464,Store,Wines,High
9916,1954,Graduation,Married,38998.0,1,1,2012-11-03,92,34.0,1.0,14.0,0.0,0.0,5.0,3,2,0,3,8,0,0,0,0,0,1,3,11,0,2012,11,70,60,604,2,4,54.0,8,0,6.75,10,0.375,Store,Wines,Low
5350,1991,Master,Single,90638.0,0,0,2014-02-13,29,1156.0,81.0,556.0,94.0,81.0,96.0,1,3,4,10,1,0,0,1,0,0,0,3,11,1,2014,2,33,23,137,0,1,2064.0,18,2,114.66666666666667,4,0.05555555555555555,Store,Wines,Medium
8135,1986,Master,Married,27161.0,1,0,2013-10-28,41,7.0,4.0,23.0,7.0,0.0,11.0,1,1,0,3,7,0,0,0,0,0,0,3,11,0,2013,10,38,28,245,1,3,52.0,5,0,10.4,8,0.2,Store,Meat,Low
8685,1977,Graduation,Married,42014.0,1,0,2012-08-17,56,244.0,15.0,108.0,4.0,15.0,50.0,6,7,1,6,8,0,0,0,0,0,0,3,11,1,2012,8,47,37,682,1,3,436.0,20,1,21.8,15,0.3,Web,Wines,High
4967,1960,Phd,Married,38201.0,0,1,2013-03-29,19,233.0,0.0,23.0,0.0,0.0,12.0,4,5,1,5,8,0,0,0,0,0,0,3,11,0,2013,3,64,54,458,1,3,268.0,15,0,17.866666666666667,13,0.26666666666666666,Web,Wines,Medium
2130,1982,Graduation,Married,45203.0,2,0,2014-03-23,4,35.0,3.0,67.0,10.0,8.0,24.0,1,3,1,3,6,0,0,0,0,0,0,3,11,1,2014,3,42,32,99,2,4,147.0,8,1,18.375,9,0.125,Web,Meat,Low
9298,1947,Phd,Married,81574.0,0,0,2014-04-28,89,1224.0,0.0,465.0,46.0,35.0,0.0,1,4,5,8,1,0,1,1,0,0,0,3,11,0,2014,4,77,67,63,0,2,1770.0,18,2,98.33333333333333,5,0.05555555555555555,Store,Wines,Medium
8175,1992,Graduation,Married,34935.0,0,0,2013-06-21,71,34.0,4.0,66.0,3.0,10.0,20.0,1,2,1,4,7,0,0,0,0,0,0,3,11,0,2013,6,32,22,374,0,2,137.0,8,0,17.125,9,0.125,Store,Meat,Low
6257,1976,Master,Single,60482.0,0,1,2013-01-23,81,255.0,43.0,134.0,37.0,14.0,24.0,1,7,2,7,7,0,0,0,0,0,0,3,11,0,2013,1,48,38,523,1,2,507.0,17,0,29.823529411764707,14,0.058823529411764705,Web,Wines,Medium
3790,1956,Graduation,Married,34633.0,2,1,2014-01-23,31,8.0,1.0,5.0,0.0,0.0,1.0,1,1,0,2,6,0,0,0,0,0,0,3,11,0,2014,1,68,58,158,3,5,15.0,4,0,3.75,7,0.25,Store,Wines,Low
9952,1947,Master,Married,78093.0,0,0,2013-12-11,53,368.0,32.0,556.0,13.0,43.0,10.0,1,4,7,5,1,0,0,0,0,0,0,3,11,0,2013,12,77,67,201,0,2,1022.0,17,0,60.11764705882353,5,0.058823529411764705,Catalog,Meat,Medium
3503,1950,Graduation,Divorced,82460.0,0,0,2013-12-02,78,255.0,47.0,556.0,52.0,32.0,15.0,1,5,3,6,1,0,0,0,0,0,0,3,11,0,2013,12,74,64,210,0,1,957.0,15,0,63.8,6,0.06666666666666667,Store,Meat,Medium
5223,1966,Master,Married,45903.0,0,1,2014-04-23,80,33.0,8.0,10.0,2.0,10.0,3.0,2,2,1,3,4,0,0,0,0,0,0,3,11,0,2014,4,58,48,68,1,3,66.0,8,0,8.25,6,0.25,Store,Wines,Low
4608,1987,Graduation,Divorced,81361.0,0,0,2014-02-25,18,163.0,23.0,424.0,27.0,65.0,76.0,1,3,10,13,1,0,0,0,0,0,0,3,11,1,2014,2,37,27,125,0,1,778.0,27,1,28.814814814814813,4,0.037037037037037035,Store,Meat,High
1626,1973,Phd,Divorced,35860.0,1,1,2014-05-19,37,15.0,0.0,8.0,4.0,2.0,20.0,2,1,1,2,5,1,0,0,0,0,0,3,11,1,2014,5,51,41,42,2,3,49.0,6,2,8.166666666666666,6,0.3333333333333333,Store,Gold,Low
4764,1952,Master,Married,40442.0,1,1,2012-08-19,52,45.0,12.0,52.0,25.0,22.0,13.0,4,3,1,4,7,0,0,0,0,0,0,3,11,1,2012,8,72,62,680,2,4,169.0,12,1,14.083333333333334,10,0.3333333333333333,Store,Meat,Medium
2471,1965,Graduation,Married,61482.0,0,0,2014-06-27,39,48.0,58.0,68.0,16.0,66.0,43.0,1,3,2,6,2,0,0,0,0,0,0,3,11,0,2014,6,59,49,3,0,2,299.0,12,0,24.916666666666668,5,0.08333333333333333,Store,Meat,Medium
5892,1980,Graduation,Married,34968.0,1,0,2013-04-10,11,158.0,6.0,45.0,8.0,2.0,2.0,7,3,2,5,7,0,0,0,0,0,0,3,11,0,2013,4,44,34,446,1,3,221.0,17,0,13.0,10,0.4117647058823529,Store,Wines,Medium
2612,1987,Graduation,Married,75794.0,0,0,2013-12-24,33,754.0,81.0,556.0,63.0,32.0,48.0,1,7,5,12,3,0,0,0,1,0,0,3,11,0,2013,12,37,27,188,0,2,1534.0,25,1,61.36,10,0.04,Store,Wines,High
4971,1962,Phd,Married,31497.0,0,1,2012-12-06,22,108.0,1.0,28.0,13.0,1.0,4.0,2,3,1,4,8,0,0,0,0,0,0,3,11,0,2012,12,62,52,571,1,3,155.0,10,0,15.5,11,0.2,Store,Wines,Medium
5185,1955,Graduation,Married,74268.0,0,0,2013-02-14,83,199.0,66.0,315.0,97.0,81.0,41.0,1,4,3,5,2,0,0,0,0,0,0,3,11,0,2013,2,69,59,501,0,2,799.0,13,0,61.46153846153846,6,0.07692307692307693,Store,Meat,Medium
10069,1988,Undergraduate,Married,13724.0,1,0,2012-08-31,43,2.0,7.0,5.0,2.0,15.0,27.0,1,2,0,2,9,1,0,0,0,0,0,3,11,0,2012,8,36,26,668,1,3,58.0,5,1,11.6,11,0.2,Web,Gold,Low
2262,1965,Master,Married,45143.0,0,1,2013-08-26,74,202.0,5.0,74.0,11.0,5.0,14.0,3,6,1,5,7,0,0,0,0,0,0,3,11,0,2013,8,59,49,308,1,3,311.0,15,0,20.733333333333334,13,0.2,Web,Wines,Medium
1131,1967,Phd,Single,52569.0,0,1,2014-04-05,54,85.0,0.0,3.0,0.0,0.0,7.0,1,2,0,4,3,0,0,0,0,0,0,3,11,0,2014,4,57,47,86,1,2,95.0,7,0,13.571428571428571,5,0.14285714285714285,Store,Wines,Low
1041,1973,Phd,Single,48432.0,0,1,2012-10-18,3,322.0,3.0,50.0,4.0,3.0,42.0,5,7,1,6,8,0,0,0,0,0,0,3,11,1,2012,10,51,41,620,1,2,424.0,19,1,22.31578947368421,15,0.2631578947368421,Web,Wines,Medium
24,1960,Master,Married,17144.0,1,1,2014-02-15,96,18.0,2.0,19.0,0.0,2.0,6.0,5,3,0,4,7,0,0,0,0,0,0,3,11,0,2014,2,64,54,135,2,4,47.0,12,0,3.9166666666666665,10,0.4166666666666667,Store,Meat,Medium
3409,1984,Graduation,Single,36108.0,1,0,2013-10-15,68,141.0,8.0,129.0,3.0,11.0,47.0,3,7,1,4,9,1,0,0,0,0,0,3,11,0,2013,10,40,30,258,1,2,339.0,15,1,22.6,16,0.2,Web,Wines,Medium
7022,1971,Graduation,Married,76445.0,1,0,2012-09-28,2,739.0,81.0,309.0,120.5,80.0,35.0,1,2,5,13,6,0,0,0,0,0,0,3,11,0,2012,9,53,43,640,1,3,1364.5,21,0,64.97619047619048,8,0.047619047619047616,Store,Wines,High
7943,1975,Phd,Married,36663.0,1,0,2014-04-25,40,18.0,0.0,6.0,3.0,3.0,5.0,1,1,1,3,2,0,0,0,0,0,0,3,11,0,2014,4,49,39,66,1,3,35.0,6,0,5.833333333333333,3,0.16666666666666666,Store,Wines,Low
5272,1965,Master,Married,53843.0,0,1,2013-06-27,64,378.0,0.0,88.0,19.0,4.0,73.0,4,8,5,3,7,0,0,0,0,0,0,3,11,0,2013,6,59,49,368,1,3,562.0,20,0,28.1,15,0.2,Web,Wines,High
5453,1956,Master,Married,90226.0,0,0,2012-09-26,26,1083.0,81.0,556.0,120.5,81.0,108.0,1,4,7,12,2,0,0,0,1,0,0,3,11,0,2012,9,68,58,642,0,2,2029.5,24,1,84.5625,6,0.041666666666666664,Store,Wines,High
2565,1955,Master,Divorced,70638.0,0,0,2013-06-01,69,1016.0,12.0,215.0,16.0,12.0,63.0,1,4,5,10,3,0,1,0,0,0,0,3,11,0,2013,6,69,59,394,0,1,1334.0,20,1,66.7,7,0.05,Store,Wines,High
800,1960,Graduation,Married,44512.0,1,1,2013-08-30,57,23.0,1.0,6.0,0.0,0.0,2.0,2,1,0,3,4,0,0,0,0,0,0,3,11,0,2013,8,64,54,304,2,4,32.0,6,0,5.333333333333333,5,0.3333333333333333,Store,Wines,Low
11092,1961,Graduation,Married,27116.0,1,1,2014-03-02,78,12.0,1.0,21.0,2.0,2.0,3.0,2,2,0,3,7,0,0,0,0,0,0,3,11,0,2014,3,63,53,120,2,4,41.0,7,0,5.857142857142857,9,0.2857142857142857,Store,Meat,Low
5062,1963,Phd,Married,54072.0,1,1,2013-07-27,71,35.0,0.0,4.0,0.0,0.0,0.0,1,2,0,2,8,0,0,0,0,0,0,3,11,0,2013,7,61,51,338,2,4,39.0,5,0,7.8,10,0.2,Web,Wines,Low
8969,1977,Graduation,Married,71855.0,0,1,2013-01-16,59,548.0,31.0,422.0,0.0,81.0,28.0,4,5,5,11,3,0,0,0,0,0,0,3,11,0,2013,1,47,37,530,1,3,1110.0,25,0,44.4,8,0.16,Store,Wines,High
4656,1990,2N Cycle,Single,51250.0,1,0,2013-03-30,28,342.0,32.0,230.0,34.0,32.0,40.0,5,10,5,4,9,1,0,0,0,0,0,3,11,0,2013,3,34,24,457,1,2,710.0,24,1,29.583333333333332,19,0.20833333333333334,Web,Wines,High
4480,1973,Master,Married,60432.0,0,1,2014-03-09,61,365.0,3.0,15.0,4.0,3.0,11.0,5,7,2,5,6,0,0,0,0,0,0,3,11,0,2014,3,51,41,113,1,3,401.0,19,0,21.105263157894736,13,0.2631578947368421,Web,Wines,Medium
9971,1964,Phd,Married,65526.0,0,1,2014-04-11,22,397.0,19.0,69.0,12.0,0.0,9.0,1,4,4,8,2,0,0,0,0,0,0,3,11,0,2014,4,60,50,80,1,3,506.0,17,0,29.764705882352942,6,0.058823529411764705,Store,Wines,Medium
6729,1988,Graduation,Single,68655.0,0,0,2012-08-10,95,456.0,19.0,556.0,75.0,81.0,38.0,1,4,5,11,3,0,0,0,0,0,0,3,11,0,2012,8,36,26,689,0,1,1225.0,21,0,58.333333333333336,7,0.047619047619047616,Store,Meat,High
1773,1978,2N Cycle,Married,12393.0,0,0,2012-12-04,38,5.0,6.0,15.0,11.0,7.0,13.0,1,2,0,3,9,0,0,0,0,0,0,3,11,0,2012,12,46,36,573,0,2,57.0,6,0,9.5,11,0.16666666666666666,Store,Meat,Low
9242,1990,Graduation,Single,64509.0,0,0,2013-08-17,19,836.0,81.0,556.0,24.0,25.0,77.0,1,6,3,9,4,1,0,0,0,0,0,3,11,1,2013,8,34,24,317,0,1,1599.0,19,2,84.15789473684211,10,0.05263157894736842,Store,Wines,Medium
1764,1975,Graduation,Single,33955.0,1,0,2013-08-09,92,100.0,2.0,128.0,23.0,7.0,10.0,4,5,1,5,8,0,0,0,0,0,0,3,11,0,2013,8,49,39,325,1,2,270.0,15,0,18.0,13,0.26666666666666666,Web,Meat,Medium
6215,1977,Graduation,Married,31353.0,1,1,2013-12-29,24,10.0,0.0,10.0,3.0,1.0,7.0,2,1,1,2,8,0,0,0,0,0,0,3,11,1,2013,12,47,37,183,2,4,31.0,6,1,5.166666666666667,9,0.3333333333333333,Store,Wines,Low
10099,1984,Graduation,Married,55434.0,1,0,2013-10-05,21,238.0,81.0,215.0,120.5,69.0,76.0,3,5,3,13,4,0,0,0,0,0,0,3,11,0,2013,10,40,30,268,1,3,799.5,24,0,33.3125,9,0.125,Store,Wines,High
5423,1983,Graduation,Married,28359.0,1,0,2013-10-27,35,6.0,0.0,5.0,2.0,1.0,2.0,1,1,0,2,7,0,0,0,0,0,0,3,11,0,2013,10,41,31,246,1,3,16.0,4,0,4.0,8,0.25,Store,Wines,Low
940,1987,Graduation,Single,57100.0,1,0,2014-05-18,9,158.0,11.0,99.0,15.0,11.0,17.0,2,3,2,7,3,0,0,0,0,0,0,3,11,0,2014,5,37,27,43,1,2,311.0,14,0,22.214285714285715,6,0.14285714285714285,Store,Wines,Medium
3011,1965,Graduation,Married,69139.0,0,1,2014-01-27,23,86.0,12.0,75.0,33.0,15.0,6.0,1,4,1,5,4,0,0,0,0,0,0,3,11,0,2014,1,59,49,154,1,3,227.0,11,0,20.636363636363637,8,0.09090909090909091,Store,Wines,Medium
3298,1956,Master,Married,52973.0,0,1,2012-11-08,92,856.0,0.0,76.0,12.0,9.0,126.5,7,9,6,9,8,0,0,0,0,0,0,3,11,0,2012,11,68,58,599,1,3,1079.5,31,0,34.82258064516129,17,0.22580645161290322,Web,Wines,High
8286,1965,Phd,Married,51717.0,0,1,2013-08-20,55,98.0,1.0,17.0,0.0,1.0,5.0,1,3,0,4,7,0,1,0,0,0,0,3,11,0,2013,8,59,49,314,1,3,122.0,8,1,15.25,10,0.125,Store,Wines,Low
9668,1971,Graduation,Married,18793.0,1,0,2013-01-12,14,4.0,16.0,20.0,0.0,17.0,20.0,3,2,0,4,8,0,0,0,0,0,0,3,11,0,2013,1,53,43,534,1,3,77.0,9,0,8.555555555555555,10,0.3333333333333333,Store,Meat,Low
5120,1982,2N Cycle,Married,66664.0,0,0,2012-09-25,78,398.0,81.0,447.0,120.5,81.0,32.0,1,5,7,6,3,0,0,0,0,0,0,3,11,0,2012,9,42,32,643,0,2,1159.5,19,0,61.026315789473685,8,0.05263157894736842,Catalog,Meat,Medium
6097,1959,Graduation,Single,50664.0,1,1,2013-01-16,64,313.0,8.0,104.0,6.0,4.0,126.0,9,8,1,6,9,0,0,0,0,0,0,3,11,0,2013,1,65,55,530,2,3,561.0,24,0,23.375,17,0.375,Web,Wines,High
7019,1963,Graduation,Married,54414.0,1,1,2013-01-23,49,109.0,18.0,16.0,24.0,26.0,18.0,4,3,1,5,4,0,0,0,0,0,0,3,11,0,2013,1,61,51,523,2,4,211.0,13,0,16.23076923076923,7,0.3076923076923077,Store,Wines,Medium
7408,1952,Phd,Married,54549.0,0,1,2014-03-03,8,216.0,2.0,6.0,0.0,0.0,9.0,2,5,1,4,7,0,0,0,0,0,0,3,11,0,2014,3,72,62,119,1,3,233.0,12,0,19.416666666666668,12,0.16666666666666666,Web,Wines,Medium
8041,1971,Phd,Widow,47111.0,0,1,2012-09-08,35,595.0,71.0,153.0,120.0,81.0,41.0,6,3,2,10,9,0,0,0,0,0,0,3,11,0,2012,9,53,43,660,1,2,1061.0,21,0,50.523809523809526,12,0.2857142857142857,Store,Wines,High
252,1963,Phd,Divorced,41003.0,0,0,2013-03-17,11,123.0,81.0,142.0,71.0,44.0,88.0,1,6,2,8,6,0,0,0,0,0,0,3,11,0,2013,3,61,51,470,0,1,549.0,17,0,32.294117647058826,12,0.058823529411764705,Store,Meat,Medium
9986,1982,Graduation,Married,19444.0,1,0,2014-02-22,8,16.0,0.0,23.0,3.0,2.0,10.0,3,4,1,2,7,0,0,0,0,0,0,3,11,1,2014,2,42,32,128,1,3,54.0,10,1,5.4,11,0.3,Web,Meat,Medium
3276,1976,2N Cycle,Married,36301.0,1,0,2013-10-25,53,11.0,12.0,35.0,3.0,5.0,12.0,1,3,0,3,7,0,0,0,0,0,0,3,11,0,2013,10,48,38,248,1,3,78.0,7,0,11.142857142857142,10,0.14285714285714285,Web,Meat,Low
3859,1947,Phd,Married,73059.0,0,1,2013-08-31,36,410.0,81.0,420.0,0.0,81.0,71.0,1,9,3,13,4,0,0,0,0,0,0,3,11,0,2013,8,77,67,303,1,3,1063.0,26,0,40.88461538461539,13,0.038461538461538464,Store,Meat,High
3570,1969,Phd,Married,42731.0,1,0,2013-10-21,64,159.0,2.0,51.0,6.0,2.0,24.0,3,4,1,5,5,0,0,0,0,0,0,3,11,0,2013,10,55,45,252,1,3,244.0,13,0,18.76923076923077,9,0.23076923076923078,Store,Wines,Medium
3783,1959,Phd,Married,52854.0,1,1,2014-03-24,43,105.0,0.0,10.0,0.0,1.0,0.0,2,2,1,4,5,0,0,0,0,0,0,3,11,0,2014,3,65,55,98,2,4,116.0,9,0,12.88888888888889,7,0.2222222222222222,Store,Wines,Low
10207,1978,Graduation,Married,22775.0,1,0,2013-06-19,40,5.0,1.0,8.0,0.0,0.0,1.0,1,1,0,2,8,0,0,0,0,0,0,3,11,0,2013,6,46,36,376,1,3,15.0,4,0,3.75,9,0.25,Store,Meat,Low
10906,1948,Phd,Married,46681.0,0,2,2013-10-08,52,269.0,15.0,69.0,15.0,19.0,38.0,2,4,6,4,5,0,0,0,0,0,0,3,11,0,2013,10,76,66,265,2,4,425.0,16,0,26.5625,9,0.125,Catalog,Wines,Medium
3427,1955,Phd,Married,59821.0,0,1,2013-04-12,11,629.0,0.0,70.0,0.0,0.0,35.0,6,11,2,7,8,0,0,0,0,0,0,3,11,0,2013,4,69,59,444,1,3,734.0,26,0,28.23076923076923,19,0.23076923076923078,Web,Wines,High
5209,1954,Graduation,Divorced,50002.0,0,1,2013-06-17,21,443.0,5.0,71.0,21.0,16.0,82.0,2,8,2,7,7,0,0,0,0,0,0,3,11,0,2013,6,70,60,378,1,2,638.0,19,0,33.578947368421055,15,0.10526315789473684,Web,Wines,Medium
10711,1945,Graduation,Married,69755.0,0,0,2013-10-02,23,217.0,77.0,373.0,111.0,23.0,93.0,1,3,6,12,1,0,0,0,0,0,0,3,11,0,2013,10,79,69,271,0,2,894.0,22,0,40.63636363636363,4,0.045454545454545456,Store,Meat,High
10785,1969,Graduation,Married,44078.0,1,1,2014-06-19,17,24.0,1.0,10.0,2.0,0.0,4.0,2,2,0,3,5,0,0,0,0,0,0,3,11,0,2014,6,55,45,11,2,4,41.0,7,0,5.857142857142857,7,0.2857142857142857,Store,Wines,Low
2814,1976,Master,Married,30560.0,1,0,2013-06-27,6,9.0,1.0,5.0,4.0,5.0,7.0,1,1,0,3,7,0,0,0,0,0,0,3,11,0,2013,6,48,38,368,1,3,31.0,5,0,6.2,8,0.2,Store,Wines,Low
6866,1969,Master,Married,35924.0,1,1,2014-03-23,56,8.0,0.0,14.0,2.0,3.0,7.0,1,1,0,3,5,0,0,0,0,0,0,3,11,0,2014,3,55,45,99,2,4,34.0,5,0,6.8,6,0.2,Store,Meat,Low
1665,1964,Phd,Divorced,64140.0,0,2,2013-09-23,71,1224.0,0.0,61.0,0.0,15.0,126.5,5,2,5,6,5,1,0,1,0,1,0,3,11,1,2013,9,60,50,280,2,3,1426.5,18,4,79.25,7,0.2777777777777778,Store,Wines,Medium
6575,1981,Graduation,Married,56386.0,1,1,2012-10-27,51,230.0,48.0,214.0,13.0,32.0,75.0,8,9,1,7,9,0,0,0,0,0,0,3,11,0,2012,10,43,33,611,2,4,612.0,25,0,24.48,18,0.32,Web,Wines,High
3829,1979,Undergraduate,Married,24594.0,1,0,2013-12-10,94,1.0,3.0,6.0,10.0,0.0,9.0,1,1,0,3,5,0,0,0,0,0,0,3,11,0,2013,12,45,35,202,1,3,29.0,5,0,5.8,6,0.2,Store,Fish,Low
3091,1981,2N Cycle,Married,75774.0,1,0,2014-05-02,27,340.0,21.0,134.0,120.5,14.0,56.0,1,7,5,8,4,0,0,0,0,0,0,3,11,0,2014,5,43,33,59,1,3,685.5,21,0,32.642857142857146,11,0.047619047619047616,Store,Wines,High
10141,1960,Master,Divorced,39228.0,0,0,2013-05-10,1,7.0,1.0,6.0,0.0,3.0,3.0,1,0,0,3,4,0,0,0,0,0,0,3,11,0,2013,5,64,54,416,0,1,20.0,4,0,5.0,4,0.25,Store,Wines,Low
5177,1974,Master,Married,58494.0,0,1,2013-12-12,56,298.0,7.0,68.0,4.0,0.0,19.0,2,6,2,6,6,0,0,0,0,0,0,3,11,0,2013,12,50,40,200,1,3,396.0,16,0,24.75,12,0.125,Web,Wines,Medium
7005,1981,Graduation,Single,58684.0,0,0,2014-06-16,71,479.0,35.0,179.0,28.0,7.0,85.0,1,5,3,12,2,0,1,0,0,0,0,3,11,0,2014,6,43,33,14,0,1,813.0,21,1,38.714285714285715,7,0.047619047619047616,Store,Wines,High
6409,1967,Graduation,Divorced,57136.0,0,0,2013-05-18,18,267.0,81.0,556.0,34.0,12.0,126.5,1,7,5,7,6,0,0,0,0,0,0,3,11,1,2013,5,57,47,408,0,1,1076.5,20,1,53.825,13,0.05,Web,Meat,High
7485,1950,Phd,Widow,56551.0,1,1,2014-05-07,48,67.0,4.0,32.0,17.0,2.0,16.0,3,2,1,4,4,0,0,0,0,0,0,3,11,0,2014,5,74,64,54,2,3,138.0,10,0,13.8,6,0.3,Store,Wines,Medium
8079,1982,Graduation,Married,22448.0,1,0,2014-02-26,86,3.0,1.0,8.0,23.0,2.0,18.0,3,2,1,3,3,0,0,0,0,0,0,3,11,0,2014,2,42,32,124,1,3,55.0,9,0,6.111111111111111,5,0.3333333333333333,Store,Fish,Low
8395,1961,Graduation,Single,82014.0,0,0,2012-08-20,48,980.0,37.0,265.0,35.0,81.0,31.0,1,3,6,12,6,0,0,0,0,0,0,3,11,1,2012,8,63,53,679,0,1,1429.0,22,1,64.95454545454545,9,0.045454545454545456,Store,Wines,High
10352,1963,Graduation,Widow,34213.0,1,1,2012-09-07,2,50.0,4.0,28.0,6.0,3.0,26.0,3,3,1,2,9,0,0,0,0,0,0,3,11,1,2012,9,61,51,661,2,3,117.0,9,1,13.0,12,0.3333333333333333,Web,Wines,Low
4931,1977,Graduation,Married,117418.0,0,0,2013-04-29,13,1.0,0.0,556.0,2.0,1.0,1.0,0,0,28,0,1,0,0,0,0,0,0,3,11,0,2013,4,47,37,427,0,2,561.0,28,0,20.035714285714285,1,0.0,Catalog,Meat,High
13,1947,Phd,Widow,25358.0,0,1,2013-07-22,57,19.0,0.0,5.0,0.0,0.0,8.0,2,1,0,3,6,0,0,0,0,0,0,3,11,0,2013,7,77,67,343,1,2,32.0,6,0,5.333333333333333,7,0.3333333333333333,Store,Wines,Low
1834,1978,Master,Single,35544.0,1,0,2014-03-08,77,30.0,5.0,23.0,4.0,1.0,4.0,1,2,0,3,7,0,0,0,0,0,0,3,11,0,2014,3,46,36,114,1,2,67.0,6,0,11.166666666666666,9,0.16666666666666666,Store,Wines,Low
2285,1954,Master,Married,36634.0,0,1,2013-05-28,0,213.0,9.0,76.0,4.0,3.0,30.0,3,5,2,5,7,0,0,0,0,0,0,3,11,0,2013,5,70,60,398,1,3,335.0,15,0,22.333333333333332,12,0.2,Web,Wines,Medium
2295,1954,Phd,Married,62670.0,0,1,2014-02-02,57,539.0,30.0,92.0,80.0,46.0,38.0,1,5,3,13,3,0,0,0,0,0,0,3,11,0,2014,2,70,60,148,1,3,825.0,22,0,37.5,8,0.045454545454545456,Store,Wines,High
1378,1972,2N Cycle,Married,50334.0,0,1,2013-07-24,24,284.0,16.0,160.0,84.0,16.0,126.5,6,7,4,6,6,0,0,0,0,0,0,3,11,0,2013,7,52,42,341,1,3,686.5,23,0,29.847826086956523,13,0.2608695652173913,Web,Wines,High
2781,1981,Graduation,Single,72066.0,0,0,2014-06-23,55,1003.0,34.0,536.0,120.5,51.0,34.0,1,4,6,6,2,0,0,1,1,0,0,3,11,1,2014,6,43,33,7,0,1,1778.5,17,3,104.61764705882354,6,0.058823529411764705,Catalog,Wines,Medium
1165,1958,Phd,Single,50729.0,1,1,2013-05-02,62,239.0,13.0,143.0,45.0,4.0,52.0,9,6,2,7,6,0,0,0,0,0,0,3,11,0,2013,5,66,56,424,2,3,496.0,24,0,20.666666666666668,12,0.375,Store,Wines,High
1404,1968,Graduation,Married,34916.0,2,0,2013-05-15,89,51.0,23.0,82.0,33.0,0.0,42.0,4,5,1,3,9,0,0,0,0,0,0,3,11,0,2013,5,56,46,411,2,4,231.0,13,0,17.76923076923077,14,0.3076923076923077,Web,Meat,Medium
6457,1976,Graduation,Divorced,64892.0,0,1,2014-05-29,77,527.0,24.0,230.0,32.0,24.0,65.0,2,6,4,12,4,0,0,0,0,0,0,3,11,0,2014,5,48,38,32,1,2,902.0,24,0,37.583333333333336,10,0.08333333333333333,Store,Wines,High
2639,1966,Graduation,Single,43602.0,1,1,2014-01-10,45,19.0,5.0,12.0,10.0,3.0,19.0,3,3,1,2,6,0,0,0,0,0,0,3,11,0,2014,1,58,48,171,2,3,68.0,9,0,7.555555555555555,9,0.3333333333333333,Web,Wines,Low
8299,1989,Phd,Single,33996.0,0,0,2013-09-11,46,40.0,2.0,15.0,8.0,0.0,6.0,1,1,1,3,4,0,0,0,0,0,0,3,11,0,2013,9,35,25,292,0,1,71.0,6,0,11.833333333333334,5,0.16666666666666666,Store,Wines,Low
6437,1985,2N Cycle,Single,41473.0,1,0,2013-06-19,80,21.0,8.0,20.0,15.0,3.0,9.0,1,2,0,3,7,0,0,0,0,0,0,3,11,0,2013,6,39,29,376,1,2,76.0,6,0,12.666666666666666,9,0.16666666666666666,Store,Wines,Low
6912,1967,Phd,Married,63246.0,0,2,2013-08-20,60,593.0,30.0,91.0,29.0,22.0,7.0,1,6,3,12,4,0,0,0,0,0,0,3,11,0,2013,8,57,47,314,2,4,772.0,22,0,35.09090909090909,10,0.045454545454545456,Store,Wines,High
7327,1959,Phd,Married,36732.0,1,1,2013-12-29,71,21.0,5.0,3.0,10.0,1.0,7.0,3,1,1,4,2,0,0,0,0,0,0,3,11,0,2013,12,65,55,183,2,4,47.0,9,0,5.222222222222222,3,0.3333333333333333,Store,Wines,Low
5299,1970,Phd,Married,69084.0,1,0,2013-11-19,43,1181.0,81.0,199.0,39.0,30.0,30.0,2,7,3,13,8,0,0,0,0,0,0,3,11,0,2013,11,54,44,223,1,3,1560.0,25,0,62.4,15,0.08,Store,Wines,High
4127,1967,Phd,Married,77766.0,0,1,2013-02-22,97,1004.0,59.0,265.0,115.0,59.0,27.0,2,11,10,11,6,1,0,0,0,0,0,3,11,1,2013,2,57,47,493,1,3,1529.0,34,2,44.970588235294116,17,0.058823529411764705,Web,Wines,High
8143,1985,Phd,Single,37929.0,0,0,2013-07-30,49,202.0,2.0,46.0,3.0,2.0,10.0,2,4,2,5,7,0,1,0,1,0,0,3,11,1,2013,7,39,29,335,0,1,265.0,13,3,20.384615384615383,11,0.15384615384615385,Store,Wines,Medium
1964,1951,Graduation,Married,86610.0,0,0,2013-09-05,66,446.0,81.0,556.0,33.0,81.0,53.0,1,5,6,6,2,0,0,0,0,0,0,3,11,0,2013,9,73,63,298,0,2,1250.0,18,0,69.44444444444444,7,0.05555555555555555,Catalog,Meat,Medium
3690,1986,Master,Married,80141.0,0,0,2013-01-11,20,1184.0,81.0,556.0,52.0,40.0,40.0,1,7,4,10,6,0,0,1,0,0,0,3,11,1,2013,1,38,28,535,0,2,1953.0,22,2,88.77272727272727,13,0.045454545454545456,Store,Wines,High
3433,1955,2N Cycle,Married,72635.0,0,0,2013-06-03,54,390.0,22.0,323.0,104.0,35.0,107.0,1,6,8,6,3,0,0,0,1,0,0,3,11,0,2013,6,69,59,392,0,2,981.0,21,1,46.714285714285715,9,0.047619047619047616,Catalog,Wines,High
3389,1970,Graduation,Married,69016.0,0,1,2012-11-22,61,726.0,53.0,363.0,120.5,81.0,126.5,4,8,9,13,5,0,0,0,0,0,0,3,11,0,2012,11,54,44,585,1,3,1470.0,34,0,43.23529411764706,13,0.11764705882352941,Store,Wines,High
4712,1991,2N Cycle,Married,20193.0,0,0,2012-11-28,18,8.0,8.0,22.0,24.0,11.0,9.0,1,1,1,4,4,0,0,0,0,0,0,3,11,0,2012,11,33,23,579,0,2,82.0,7,0,11.714285714285714,5,0.14285714285714285,Store,Fish,Low
1170,1975,Graduation,Married,27573.0,1,0,2013-03-25,45,50.0,15.0,110.0,39.0,15.0,15.0,4,5,1,4,8,0,0,0,0,0,0,3,11,0,2013,3,49,39,462,1,3,244.0,14,0,17.428571428571427,13,0.2857142857142857,Web,Meat,Medium
6347,1979,Undergraduate,Single,15862.0,1,0,2013-06-27,26,1.0,1.0,4.0,11.0,9.0,10.0,1,1,0,3,8,0,0,0,0,0,0,3,11,0,2013,6,45,35,368,1,2,36.0,5,0,7.2,9,0.2,Store,Fish,Low
4065,1976,Phd,Married,49544.0,1,0,2013-02-12,0,308.0,0.0,73.0,0.0,0.0,23.0,2,5,1,8,7,0,0,0,0,0,0,3,11,0,2013,2,48,38,503,1,3,404.0,16,0,25.25,12,0.125,Store,Wines,Medium
8230,1980,Graduation,Married,33228.0,1,0,2014-01-23,28,22.0,2.0,31.0,7.0,4.0,5.0,1,2,0,3,7,0,0,0,0,0,0,3,11,0,2014,1,44,34,158,1,3,71.0,6,0,11.833333333333334,9,0.16666666666666666,Store,Meat,Low
1215,1978,Graduation,Married,70440.0,0,0,2013-10-08,49,690.0,81.0,499.0,76.0,81.0,88.0,1,5,10,7,3,0,0,0,1,0,0,3,11,0,2013,10,46,36,265,0,2,1515.0,23,1,65.8695652173913,8,0.043478260869565216,Catalog,Wines,High
5939,1971,Graduation,Married,38232.0,1,1,2014-01-17,84,43.0,5.0,28.0,7.0,6.0,33.0,4,3,1,3,5,0,0,0,0,0,0,3,11,0,2014,1,53,43,164,2,4,122.0,11,0,11.090909090909092,8,0.36363636363636365,Web,Wines,Medium
2156,1955,Phd,Married,22554.0,1,1,2012-11-03,38,27.0,0.0,10.0,0.0,0.0,4.0,4,2,0,4,5,0,0,0,0,0,0,3,11,0,2012,11,69,59,604,2,4,41.0,10,0,4.1,7,0.4,Store,Wines,Medium
7788,1983,Phd,Married,23536.0,1,0,2014-06-04,53,6.0,0.0,3.0,0.0,0.0,1.0,1,0,0,3,3,0,0,0,0,0,0,3,11,0,2014,6,41,31,26,1,3,10.0,4,0,2.5,3,0.25,Store,Wines,Low
10323,1952,Graduation,Married,49413.0,0,1,2013-10-25,88,205.0,7.0,41.0,3.0,2.0,46.0,2,4,2,5,5,0,0,0,0,0,0,3,11,0,2013,10,72,62,248,1,3,304.0,13,0,23.384615384615383,9,0.15384615384615385,Store,Wines,Medium
7947,1969,Graduation,Married,42231.0,1,1,2014-03-25,99,24.0,0.0,8.0,0.0,1.0,4.0,1,1,0,3,5,0,0,0,0,0,0,3,11,0,2014,3,55,45,97,2,4,37.0,5,0,7.4,6,0.2,Store,Wines,Low
1891,1980,Master,Divorced,78789.0,0,0,2012-08-08,12,667.0,50.0,556.0,21.0,81.0,83.0,1,4,6,5,2,0,0,0,0,0,0,3,11,1,2012,8,44,34,691,0,1,1458.0,16,1,91.125,6,0.0625,Catalog,Wines,Medium
2570,1968,Graduation,Married,56534.0,0,1,2013-07-23,35,691.0,7.0,61.0,10.0,0.0,46.0,4,10,4,7,8,0,1,0,0,1,0,3,11,1,2013,7,56,46,342,1,3,815.0,25,3,32.6,18,0.16,Web,Wines,High
9256,1971,Graduation,Single,58350.0,0,1,2013-01-04,5,493.0,26.0,206.0,116.0,80.0,80.0,4,8,3,12,6,0,0,0,0,0,0,3,11,0,2013,1,53,43,542,1,2,1001.0,27,0,37.074074074074076,14,0.14814814814814814,Store,Wines,High
295,1989,Graduation,Single,81217.0,0,0,2013-07-19,77,493.0,70.0,324.0,120.5,40.0,84.0,1,3,7,11,1,0,0,0,0,0,0,3,11,0,2013,7,35,25,346,0,1,1131.5,22,0,51.43181818181818,4,0.045454545454545456,Store,Wines,High
7397,1951,Graduation,Single,49090.0,0,1,2013-07-19,45,494.0,5.0,82.0,7.0,0.0,100.0,3,7,2,9,7,0,0,0,0,0,0,3,11,0,2013,7,73,63,346,1,2,688.0,21,0,32.76190476190476,14,0.14285714285714285,Store,Wines,High
6349,1987,Master,Divorced,61787.0,0,0,2013-07-06,71,621.0,73.0,414.0,78.0,48.0,85.0,1,8,4,6,5,0,0,0,0,0,0,3,11,0,2013,7,37,27,359,0,1,1319.0,19,0,69.42105263157895,13,0.05263157894736842,Web,Wines,Medium
10790,1985,Phd,Married,18169.0,1,0,2013-02-19,40,9.0,0.0,5.0,0.0,0.0,7.0,1,1,0,2,8,0,0,0,0,0,0,3,11,0,2013,2,39,29,496,1,3,21.0,4,0,5.25,9,0.25,Store,Wines,Low
10398,1981,2N Cycle,Single,24336.0,1,0,2012-08-27,82,1.0,6.0,2.0,8.0,2.0,12.0,1,1,0,2,7,0,0,0,0,0,0,3,11,0,2012,8,43,33,672,1,2,31.0,4,0,7.75,8,0.25,Store,Gold,Low
2431,1990,Graduation,Married,18222.0,0,0,2012-12-31,70,12.0,4.0,19.0,12.0,6.0,14.0,1,2,0,3,8,0,0,0,0,0,0,3,11,0,2012,12,34,24,546,0,2,67.0,6,0,11.166666666666666,10,0.16666666666666666,Store,Meat,Low
550,1952,Graduation,Divorced,62335.0,0,1,2013-05-23,87,243.0,81.0,217.0,85.0,6.0,26.0,2,3,3,13,2,0,0,0,0,0,0,3,11,0,2013,5,72,62,403,1,2,658.0,21,0,31.333333333333332,5,0.09523809523809523,Store,Wines,High
1890,1971,2N Cycle,Married,42033.0,1,1,2012-09-19,95,11.0,1.0,4.0,2.0,0.0,7.0,1,1,0,2,7,0,0,0,0,0,0,3,11,0,2012,9,53,43,649,2,4,25.0,4,0,6.25,8,0.25,Store,Wines,Low
10742,1983,Phd,Married,86580.0,0,0,2013-02-27,72,532.0,21.0,127.0,26.0,20.0,20.0,0,4,2,5,1,0,0,1,0,0,0,3,11,0,2013,2,41,31,488,0,2,746.0,11,1,67.81818181818181,5,0.0,Store,Wines,Medium
10356,1957,Phd,Divorced,41437.0,1,1,2012-09-22,5,29.0,0.0,2.0,0.0,0.0,1.0,1,1,0,3,7,0,0,0,0,0,0,3,11,0,2012,9,67,57,646,2,3,32.0,5,0,6.4,8,0.2,Store,Wines,Low
4676,1951,Master,Widow,73705.0,0,2,2014-03-05,86,612.0,81.0,520.0,120.5,81.0,107.0,2,9,6,8,5,0,0,0,0,0,0,3,11,0,2014,3,73,63,117,2,3,1521.5,25,0,60.86,14,0.08,Web,Wines,High
8852,1976,Graduation,Married,61064.0,0,1,2012-08-31,80,387.0,81.0,342.0,0.0,45.0,126.5,5,8,4,11,6,0,0,0,0,0,0,3,11,0,2012,8,48,38,668,1,3,981.5,28,0,35.05357142857143,14,0.17857142857142858,Store,Wines,High
3565,1955,Master,Married,38452.0,1,1,2014-03-30,62,56.0,0.0,14.0,0.0,0.0,2.0,3,3,0,3,7,0,0,0,0,0,0,3,11,0,2014,3,69,59,92,2,4,72.0,9,0,8.0,10,0.3333333333333333,Web,Wines,Low
5294,1989,Graduation,Single,18358.0,1,0,2013-11-20,49,6.0,8.0,19.0,16.0,4.0,4.0,3,3,0,4,7,0,0,0,0,0,0,3,11,0,2013,11,35,25,222,1,2,57.0,10,0,5.7,10,0.3,Store,Meat,Medium
1958,1973,Phd,Married,55012.0,0,1,2014-03-21,85,582.0,0.0,65.0,0.0,0.0,13.0,6,8,2,9,5,0,0,0,0,0,0,3,11,0,2014,3,51,41,101,1,3,660.0,25,0,26.4,13,0.24,Store,Wines,High
7349,1973,Undergraduate,Married,9722.0,1,0,2012-10-02,7,6.0,17.0,16.0,6.0,16.0,42.0,4,3,1,3,8,0,0,0,0,0,0,3,11,1,2012,10,51,41,636,1,3,103.0,11,1,9.363636363636363,11,0.36363636363636365,Web,Gold,Medium
8799,1984,Phd,Married,38175.0,1,0,2013-09-23,6,70.0,6.0,69.0,2.0,3.0,3.0,3,3,1,4,7,0,0,0,0,0,0,3,11,0,2013,9,40,30,280,1,3,153.0,11,0,13.909090909090908,10,0.2727272727272727,Store,Wines,Medium
1351,1956,Master,Married,58656.0,0,1,2012-09-20,25,962.0,12.0,194.0,16.0,24.0,12.0,4,7,8,13,6,0,0,1,0,0,0,3,11,0,2012,9,68,58,648,1,3,1220.0,32,1,38.125,13,0.125,Store,Wines,High
1045,1965,Graduation,Married,52117.0,0,1,2012-08-16,55,112.0,10.0,107.0,30.0,0.0,20.0,2,5,2,4,7,0,0,0,0,0,0,3,11,0,2012,8,59,49,683,1,3,279.0,13,0,21.46153846153846,12,0.15384615384615385,Web,Wines,Medium
7732,1978,Graduation,Married,64813.0,1,0,2014-01-02,81,293.0,0.0,124.0,120.5,81.0,52.0,1,7,2,10,5,0,0,0,0,0,0,3,11,0,2014,1,46,36,179,1,3,670.5,20,0,33.525,12,0.05,Store,Wines,High
8070,1973,Phd,Married,54222.0,0,1,2014-03-01,98,199.0,12.0,31.0,3.0,12.0,7.0,1,3,3,5,3,0,0,0,0,0,0,3,11,0,2014,3,51,41,121,1,3,264.0,12,0,22.0,6,0.08333333333333333,Store,Wines,Medium
477,1986,Graduation,Married,83512.0,0,0,2014-06-17,31,1060.0,61.0,556.0,80.0,20.0,101.0,1,4,7,10,1,1,0,1,1,1,0,3,11,1,2014,6,38,28,13,0,2,1878.0,22,5,85.36363636363636,5,0.045454545454545456,Store,Wines,High
7832,1959,Master,Married,77520.0,0,1,2013-08-28,30,940.0,44.0,396.0,0.0,81.0,58.0,1,8,7,7,4,1,0,1,1,0,0,3,11,1,2013,8,65,55,306,1,3,1519.0,23,4,66.04347826086956,12,0.043478260869565216,Web,Wines,High
2202,1978,Graduation,Married,41154.0,0,1,2013-04-09,98,44.0,2.0,11.0,2.0,3.0,7.0,1,1,0,4,5,0,0,0,0,0,0,3,11,0,2013,4,46,36,447,1,3,69.0,6,0,11.5,6,0.16666666666666666,Store,Wines,Low
7396,1966,Graduation,Married,80398.0,0,0,2012-11-10,92,342.0,51.0,556.0,120.5,35.0,26.0,1,5,8,12,3,0,0,1,0,0,0,3,11,0,2012,11,58,48,597,0,2,1130.5,26,1,43.48076923076923,8,0.038461538461538464,Store,Meat,High
4055,1992,Undergraduate,Single,18746.0,1,0,2014-05-29,41,2.0,10.0,11.0,12.0,9.0,20.0,2,3,0,3,6,0,0,0,0,0,0,3,11,0,2014,5,32,22,32,1,2,64.0,8,0,8.0,9,0.25,Web,Gold,Low
10340,1984,Graduation,Married,35196.0,1,0,2012-11-13,68,75.0,12.0,141.0,43.0,39.0,126.5,6,6,1,5,8,0,0,0,0,0,0,3,11,0,2012,11,40,30,594,1,3,436.5,18,0,24.25,14,0.3333333333333333,Web,Meat,Medium
10091,1956,Graduation,Single,60230.0,0,1,2013-05-20,78,520.0,20.0,367.0,39.0,81.0,40.0,2,6,3,6,5,0,0,0,0,0,0,3,11,0,2013,5,68,58,406,1,2,1067.0,17,0,62.76470588235294,11,0.11764705882352941,Web,Wines,Medium
7629,1977,Graduation,Married,22108.0,1,1,2014-05-08,46,5.0,3.0,9.0,6.0,2.0,6.0,2,2,0,3,7,0,0,0,0,0,0,3,11,0,2014,5,47,37,53,2,4,31.0,7,0,4.428571428571429,9,0.2857142857142857,Store,Meat,Low
10640,1974,Graduation,Married,44392.0,1,1,2013-09-05,71,87.0,5.0,71.0,7.0,12.0,29.0,5,4,1,4,7,0,0,0,0,0,0,3,11,0,2013,9,50,40,298,2,4,211.0,14,0,15.071428571428571,11,0.35714285714285715,Web,Wines,Medium
3498,1976,Phd,Married,55424.0,0,1,2012-11-25,6,462.0,61.0,184.0,10.0,53.0,107.0,4,7,5,9,6,1,0,0,0,0,0,3,11,1,2012,11,48,38,582,1,3,877.0,25,2,35.08,13,0.16,Store,Wines,High
6742,1979,Graduation,Married,17688.0,1,0,2013-01-13,82,2.0,2.0,1.0,3.0,1.0,2.0,1,1,0,2,8,0,0,0,0,0,1,3,11,0,2013,1,45,35,533,1,3,11.0,4,0,2.75,9,0.25,Store,Fish,Low
1172,1983,Phd,Married,92491.0,0,0,2013-05-01,71,979.0,44.0,556.0,29.0,25.0,22.0,1,7,5,12,3,0,1,1,1,0,0,3,11,1,2013,5,41,31,425,0,2,1655.0,25,4,66.2,10,0.04,Store,Wines,High
569,1991,Graduation,Single,90273.0,0,0,2013-12-14,32,704.0,81.0,556.0,120.0,74.0,111.0,1,5,6,7,2,0,1,1,1,0,0,3,11,1,2013,12,33,23,198,0,1,1646.0,19,4,86.63157894736842,7,0.05263157894736842,Store,Wines,Medium
4686,1962,Phd,Widow,82571.0,0,0,2014-04-02,28,861.0,31.0,556.0,62.0,81.0,79.0,0,6,5,13,2,0,0,1,0,0,0,3,11,0,2014,4,62,52,89,0,1,1670.0,24,1,69.58333333333333,8,0.0,Store,Wines,High
1381,1982,Phd,Single,38513.0,1,0,2014-01-28,20,172.0,3.0,115.0,16.0,0.0,18.0,5,6,1,5,8,0,0,0,0,0,0,3,11,1,2014,1,42,32,153,1,2,324.0,17,1,19.058823529411764,14,0.29411764705882354,Web,Wines,Medium
2634,1979,Master,Single,16653.0,1,0,2014-04-18,10,5.0,7.0,31.0,15.0,4.0,7.0,3,2,1,3,6,0,0,0,0,0,0,3,11,1,2014,4,45,35,73,1,2,69.0,9,1,7.666666666666667,8,0.3333333333333333,Store,Meat,Low
10905,1955,Graduation,Married,42586.0,1,1,2012-10-29,7,194.0,2.0,56.0,0.0,0.0,0.0,5,4,1,6,8,0,0,0,0,0,0,3,11,1,2012,10,69,59,609,2,4,252.0,16,1,15.75,12,0.3125,Store,Wines,Medium
1744,1965,Undergraduate,Single,23529.0,0,1,2013-01-07,67,9.0,7.0,13.0,3.0,2.0,20.0,1,1,1,2,6,0,0,0,0,0,0,3,11,0,2013,1,59,49,539,1,2,54.0,5,0,10.8,7,0.2,Store,Gold,Low
1000,1961,Master,Married,74881.0,1,1,2013-03-08,48,505.0,72.0,270.0,36.0,27.0,54.0,4,9,2,12,5,0,0,0,0,0,0,3,11,0,2013,3,63,53,479,2,4,964.0,27,0,35.7037037037037,14,0.14814814814814814,Store,Wines,High
3828,1951,Graduation,Married,71107.0,0,1,2013-02-17,61,533.0,10.0,217.0,120.5,81.0,126.5,2,7,6,13,4,0,0,0,0,0,0,3,11,0,2013,2,73,63,498,1,3,1088.0,28,0,38.857142857142854,11,0.07142857142857142,Store,Wines,High
8605,1964,Phd,Married,46910.0,1,1,2014-03-23,36,48.0,0.0,14.0,0.0,0.0,6.0,2,2,0,3,6,0,0,0,0,0,0,3,11,0,2014,3,60,50,99,2,4,68.0,7,0,9.714285714285714,8,0.2857142857142857,Store,Wines,Low
10304,1959,Graduation,Married,18690.0,0,0,2012-12-28,77,6.0,1.0,7.0,23.0,4.0,19.0,1,1,1,2,8,0,0,0,0,0,0,3,11,0,2012,12,65,55,549,0,2,60.0,5,0,12.0,9,0.2,Store,Fish,Low
4351,1955,Graduation,Divorced,37244.0,1,1,2013-04-27,90,18.0,2.0,10.0,0.0,0.0,25.0,1,1,1,2,7,1,0,0,0,0,0,3,11,0,2013,4,69,59,429,2,3,55.0,5,1,11.0,8,0.2,Store,Gold,Low
10129,1966,Graduation,Married,82427.0,0,0,2014-03-12,35,482.0,81.0,509.0,104.0,81.0,107.0,1,3,5,12,1,0,0,1,0,0,0,3,11,0,2014,3,58,48,110,0,2,1364.0,21,1,64.95238095238095,4,0.047619047619047616,Store,Meat,High
2499,1958,2N Cycle,Single,75342.0,0,1,2013-05-06,38,204.0,81.0,97.0,21.0,81.0,26.0,1,5,2,10,4,0,0,0,0,0,0,3,11,0,2013,5,66,56,420,1,2,510.0,18,0,28.333333333333332,9,0.05555555555555555,Store,Wines,Medium
10092,1954,Graduation,Divorced,70044.0,0,1,2013-02-18,46,1073.0,0.0,250.0,120.5,14.0,14.0,4,7,10,5,5,0,0,0,0,0,0,3,11,0,2013,2,70,60,497,1,2,1471.5,26,0,56.59615384615385,12,0.15384615384615385,Catalog,Wines,High
7500,1967,Graduation,Single,79146.0,1,1,2014-04-24,33,245.0,16.0,223.0,21.0,43.0,16.0,2,8,1,8,6,0,0,0,0,0,0,3,11,0,2014,4,57,47,67,2,3,564.0,19,0,29.68421052631579,14,0.10526315789473684,Web,Wines,Medium
5796,1963,Graduation,Married,77437.0,0,0,2013-11-26,70,560.0,21.0,442.0,29.0,44.0,29.0,1,4,5,13,1,0,0,1,0,0,0,3,11,0,2013,11,61,51,216,0,2,1125.0,23,1,48.91304347826087,5,0.043478260869565216,Store,Wines,High
10556,1959,Graduation,Married,54984.0,0,1,2014-05-24,51,173.0,13.0,131.0,32.0,3.0,6.0,4,6,1,6,7,0,0,0,1,0,0,3,11,0,2014,5,65,55,37,1,3,358.0,17,1,21.058823529411764,13,0.23529411764705882,Web,Wines,Medium
1064,1971,Phd,Married,42403.0,1,0,2013-12-11,18,22.0,1.0,11.0,0.0,5.0,3.0,1,1,0,3,8,0,0,0,0,0,0,3,11,0,2013,12,53,43,201,1,3,42.0,5,0,8.4,9,0.2,Store,Wines,Low
48,1964,Graduation,Married,55761.0,0,1,2014-04-24,97,136.0,1.0,12.0,0.0,3.0,32.0,2,4,1,3,6,0,1,0,0,0,0,3,11,0,2014,4,60,50,67,1,3,184.0,10,1,18.4,10,0.2,Web,Wines,Medium
7610,1983,Graduation,Married,37292.0,1,0,2013-04-18,32,275.0,0.0,86.0,10.0,23.0,66.0,5,6,3,5,8,0,0,0,0,0,0,3,11,0,2013,4,41,31,438,1,3,460.0,19,0,24.210526315789473,14,0.2631578947368421,Web,Wines,Medium
263,1945,Phd,Single,45576.0,0,0,2014-05-28,9,56.0,19.0,29.0,2.0,14.0,25.0,1,3,1,3,8,0,0,0,0,0,0,3,11,1,2014,5,79,69,33,0,1,145.0,8,1,18.125,11,0.125,Web,Wines,Low
10814,1947,Graduation,Married,70321.0,0,0,2013-01-16,6,303.0,23.0,556.0,82.0,26.0,126.5,1,6,5,13,4,0,0,0,0,0,0,3,11,1,2013,1,77,67,530,0,2,1116.5,25,1,44.66,10,0.04,Store,Meat,High
9710,1969,Phd,Divorced,58086.0,0,1,2013-01-20,80,708.0,7.0,62.0,0.0,0.0,15.0,2,11,3,7,8,0,0,0,0,0,0,3,11,0,2013,1,55,45,526,1,2,792.0,23,0,34.43478260869565,19,0.08695652173913043,Web,Wines,High
9292,1952,Graduation,Married,81795.0,0,0,2012-10-26,74,324.0,81.0,556.0,27.0,81.0,88.0,1,4,11,7,2,0,0,0,0,0,0,3,11,0,2012,10,72,62,612,0,2,1157.0,23,0,50.30434782608695,6,0.043478260869565216,Catalog,Meat,High
10250,1947,Undergraduate,Married,28389.0,0,0,2012-11-20,49,1.0,5.0,3.0,7.0,4.0,8.0,1,1,0,2,7,0,0,0,0,0,0,3,11,0,2012,11,77,67,587,0,2,28.0,4,0,7.0,8,0.25,Store,Gold,Low
7881,1946,Master,Married,66835.0,0,0,2013-09-28,21,620.0,26.0,195.0,34.0,17.0,126.5,1,6,4,13,2,0,0,0,0,0,0,3,11,0,2013,9,78,68,275,0,2,1018.5,24,0,42.4375,8,0.041666666666666664,Store,Wines,High
5847,1969,Graduation,Divorced,69901.0,0,1,2013-05-29,95,312.0,21.0,206.0,102.0,81.0,126.5,3,7,3,10,5,0,0,0,0,0,0,3,11,0,2013,5,55,45,397,1,2,848.5,23,0,36.891304347826086,12,0.13043478260869565,Store,Wines,High
737,1949,Phd,Married,80360.0,0,0,2013-03-03,56,1224.0,81.0,454.0,112.0,43.0,43.0,2,4,4,5,2,0,1,1,1,0,0,3,11,0,2013,3,75,65,484,0,2,1957.0,15,3,130.46666666666667,6,0.13333333333333333,Store,Wines,Medium
3571,1961,Phd,Married,63342.0,0,1,2012-10-16,48,918.0,21.0,118.0,13.0,10.0,21.0,3,8,3,5,6,0,1,0,0,0,0,3,11,1,2012,10,63,53,622,1,3,1101.0,19,2,57.94736842105263,14,0.15789473684210525,Web,Wines,Medium
7807,1974,Graduation,Married,44989.0,0,1,2012-09-12,26,98.0,0.0,106.0,49.0,10.0,106.0,5,5,1,5,6,0,0,0,0,0,0,3,11,0,2012,9,50,40,656,1,3,369.0,16,0,23.0625,11,0.3125,Web,Meat,Medium
3878,1980,2N Cycle,Single,31859.0,1,0,2014-02-27,3,3.0,4.0,7.0,15.0,8.0,11.0,1,1,0,3,7,0,0,0,0,0,0,3,11,0,2014,2,44,34,123,1,2,48.0,5,0,9.6,8,0.2,Store,Fish,Low
5092,1949,Phd,Widow,51569.0,0,1,2013-02-12,39,380.0,0.0,47.0,6.0,0.0,34.0,4,7,1,7,8,0,1,0,0,0,0,3,11,1,2013,2,75,65,503,1,2,467.0,19,2,24.57894736842105,15,0.21052631578947367,Web,Wines,Medium
2154,1971,Graduation,Widow,30372.0,1,1,2012-12-25,33,15.0,0.0,12.0,7.0,3.0,7.0,3,2,0,3,7,0,0,0,0,0,0,3,11,0,2012,12,53,43,552,2,3,44.0,8,0,5.5,9,0.375,Store,Wines,Low
5394,1979,Undergraduate,Single,16014.0,1,1,2013-03-17,42,3.0,9.0,4.0,7.0,8.0,7.0,4,1,1,4,3,0,0,0,0,0,0,3,11,0,2013,3,45,35,470,2,3,38.0,10,0,3.8,4,0.4,Store,Fruits,Medium
3798,1968,Graduation,Married,41120.0,1,1,2013-11-06,80,24.0,2.0,23.0,0.0,8.0,24.0,3,2,1,3,6,0,0,0,0,0,0,3,11,0,2013,11,56,46,236,2,4,81.0,9,0,9.0,8,0.3333333333333333,Store,Wines,Low
3524,1971,Master,Single,39763.0,1,0,2013-08-04,9,80.0,1.0,60.0,4.0,6.0,16.0,2,5,1,2,9,0,0,0,0,0,0,3,11,1,2013,8,53,43,330,1,2,167.0,10,1,16.7,14,0.2,Web,Wines,Medium
5247,1955,Phd,Married,38725.0,1,1,2014-05-10,52,31.0,0.0,6.0,2.0,1.0,5.0,2,1,0,4,4,0,0,0,0,0,0,3,11,0,2014,5,69,59,51,2,4,45.0,7,0,6.428571428571429,5,0.2857142857142857,Store,Wines,Low
5883,1972,Graduation,Married,77981.0,1,0,2013-05-26,78,138.0,81.0,204.0,16.0,81.0,60.0,3,7,4,7,5,0,0,0,0,0,0,3,11,0,2013,5,52,42,400,1,3,580.0,21,0,27.61904761904762,12,0.14285714285714285,Web,Meat,High
2118,1964,2N Cycle,Married,62905.0,0,1,2013-09-10,68,166.0,75.0,96.0,119.0,81.0,59.0,3,7,2,8,4,0,0,0,0,0,0,3,11,0,2013,9,60,50,293,1,3,596.0,20,0,29.8,11,0.15,Store,Wines,High
8812,1979,2N Cycle,Divorced,13533.0,1,0,2013-03-10,45,12.0,3.0,8.0,8.0,0.0,17.0,2,2,0,3,7,0,0,0,0,0,0,3,11,0,2013,3,45,35,477,1,2,48.0,7,0,6.857142857142857,9,0.2857142857142857,Store,Gold,Low
6616,1975,Graduation,Married,59481.0,0,1,2013-10-23,47,178.0,3.0,85.0,71.0,66.0,58.0,2,3,3,8,2,0,0,0,0,0,0,3,11,0,2013,10,49,39,250,1,3,461.0,16,0,28.8125,5,0.125,Store,Wines,Medium
2797,1977,Graduation,Married,72117.0,0,1,2013-08-20,34,707.0,20.0,171.0,65.0,60.0,50.0,1,9,7,9,5,0,0,0,0,0,0,3,11,0,2013,8,47,37,314,1,3,1073.0,26,0,41.26923076923077,14,0.038461538461538464,Web,Wines,High
4328,1986,2N Cycle,Married,21955.0,1,0,2013-09-07,81,5.0,1.0,7.0,17.0,14.0,11.0,2,2,1,3,6,0,0,0,0,0,0,3,11,0,2013,9,38,28,296,1,3,55.0,8,0,6.875,8,0.25,Store,Fish,Low
9167,1956,Graduation,Married,67131.0,0,1,2013-03-26,72,465.0,71.0,250.0,93.0,35.0,62.0,3,9,2,12,6,0,0,0,0,0,0,3,11,0,2013,3,68,58,461,1,3,976.0,26,0,37.53846153846154,15,0.11538461538461539,Store,Wines,High
10560,1980,Phd,Single,36802.0,1,0,2014-06-16,23,16.0,1.0,2.0,0.0,0.0,1.0,1,1,0,3,5,0,0,0,0,0,0,3,11,0,2014,6,44,34,14,1,2,20.0,5,0,4.0,6,0.2,Store,Wines,Low
2631,1982,Graduation,Married,71853.0,0,0,2013-05-08,29,358.0,81.0,413.0,120.5,81.0,32.0,1,2,8,6,1,0,0,0,0,0,0,3,11,0,2013,5,42,32,418,0,2,1085.5,17,0,63.85294117647059,3,0.058823529411764705,Catalog,Meat,Medium
8312,1961,Undergraduate,Married,28249.0,0,0,2014-06-15,80,1.0,9.0,7.0,2.0,14.0,10.0,1,2,0,3,6,0,0,0,0,0,0,3,11,0,2014,6,63,53,15,0,2,43.0,6,0,7.166666666666667,8,0.16666666666666666,Store,Sweets,Low
5534,1975,Master,Married,47808.0,0,1,2013-10-20,30,123.0,1.0,26.0,2.0,0.0,72.0,2,3,2,3,7,1,0,0,0,0,0,3,11,0,2013,10,49,39,253,1,3,224.0,10,1,22.4,10,0.2,Web,Wines,Medium
5093,1974,Phd,Divorced,25509.0,1,0,2012-09-18,15,40.0,3.0,30.0,10.0,7.0,11.0,3,3,0,3,9,0,0,0,0,0,0,3,11,1,2012,9,50,40,650,1,2,101.0,9,1,11.222222222222221,12,0.3333333333333333,Web,Wines,Low
7592,1946,Phd,Married,51012.0,0,0,2013-04-18,86,102.0,9.0,63.0,2.0,9.0,24.0,1,4,1,4,6,0,0,0,0,0,0,3,11,0,2013,4,78,68,438,0,2,209.0,10,0,20.9,10,0.1,Web,Wines,Medium
8895,1985,Graduation,Single,70596.0,0,0,2012-10-05,68,347.0,44.0,534.0,17.0,0.0,26.0,1,3,5,12,2,0,0,0,0,0,0,3,11,0,2012,10,39,29,633,0,1,968.0,21,0,46.095238095238095,5,0.047619047619047616,Store,Meat,High
8584,1952,Phd,Married,85431.0,0,0,2013-06-08,54,376.0,53.0,462.0,120.5,53.0,53.0,1,2,7,7,0,0,0,0,0,0,0,3,11,0,2013,6,72,62,387,0,2,1117.5,17,0,65.73529411764706,2,0.058823529411764705,Catalog,Meat,Medium
2694,1967,Graduation,Married,42664.0,0,1,2014-03-18,44,21.0,0.0,3.0,0.0,0.0,0.0,1,1,0,3,6,0,0,0,0,0,0,3,11,0,2014,3,57,47,104,1,3,24.0,5,0,4.8,7,0.2,Store,Wines,Low
8910,1955,Graduation,Married,42586.0,1,1,2012-10-29,7,194.0,2.0,56.0,0.0,0.0,0.0,5,4,1,6,8,0,0,0,0,0,0,3,11,1,2012,10,69,59,609,2,4,252.0,16,1,15.75,12,0.3125,Store,Wines,Medium
7433,1985,Graduation,Single,29760.0,1,0,2012-08-29,87,64.0,4.0,68.0,7.0,5.0,17.0,4,3,1,4,8,0,0,0,0,0,0,3,11,0,2012,8,39,29,670,1,2,165.0,12,0,13.75,11,0.3333333333333333,Store,Meat,Medium
164,1977,Phd,Married,28973.0,0,0,2012-10-13,59,206.0,0.0,46.0,3.0,2.0,12.0,2,5,1,5,8,0,0,0,0,0,0,3,11,0,2012,10,47,37,625,0,2,269.0,13,0,20.692307692307693,13,0.15384615384615385,Web,Wines,Medium
10477,1973,Phd,Married,39435.0,1,0,2013-08-06,16,71.0,0.0,18.0,0.0,0.0,13.0,1,3,1,2,7,0,0,0,0,0,0,3,11,0,2013,8,51,41,328,1,3,102.0,7,0,14.571428571428571,10,0.14285714285714285,Web,Wines,Low
2681,1984,2N Cycle,Married,65370.0,0,0,2013-08-01,1,71.0,22.0,112.0,120.5,81.0,29.0,1,2,3,13,1,0,0,0,0,0,0,3,11,0,2013,8,40,30,333,0,2,435.5,19,0,22.92105263157895,3,0.05263157894736842,Store,Fish,Medium
5150,1979,Undergraduate,Single,20194.0,1,0,2012-12-17,64,0.0,4.0,7.0,11.0,10.0,15.0,2,2,0,3,6,0,0,0,0,0,0,3,11,0,2012,12,45,35,560,1,2,47.0,7,0,6.714285714285714,8,0.2857142857142857,Store,Gold,Low
5283,1976,Phd,Single,42473.0,1,1,2014-02-17,72,93.0,1.0,21.0,0.0,4.0,25.0,3,2,1,4,5,0,0,0,0,0,0,3,11,0,2014,2,48,38,133,2,3,144.0,10,0,14.4,7,0.3,Store,Wines,Medium
9645,1968,Graduation,Married,64590.0,0,0,2012-10-14,98,920.0,81.0,168.0,36.0,46.0,30.0,1,9,4,10,6,0,0,0,0,0,0,3,11,0,2012,10,56,46,624,0,2,1281.0,24,0,53.375,15,0.041666666666666664,Store,Wines,High
10678,1959,Graduation,Married,71232.0,0,1,2013-11-28,91,653.0,17.0,170.0,34.0,26.0,17.0,2,11,2,10,7,0,0,0,0,0,0,3,11,0,2013,11,65,55,214,1,3,917.0,25,0,36.68,18,0.08,Web,Wines,High
7261,1971,Graduation,Married,34600.0,1,1,2013-01-01,8,199.0,33.0,60.0,8.0,3.0,15.0,5,5,2,5,8,0,0,0,0,0,0,3,11,1,2013,1,53,43,545,2,4,318.0,17,1,18.705882352941178,13,0.29411764705882354,Web,Wines,Medium
9648,1967,Graduation,Single,46904.0,1,1,2012-11-03,20,153.0,4.0,56.0,0.0,9.0,31.0,4,5,1,4,8,0,0,0,0,0,0,3,11,0,2012,11,57,47,604,2,3,253.0,14,0,18.071428571428573,13,0.2857142857142857,Web,Wines,Medium
2870,1973,Graduation,Married,49094.0,0,1,2012-09-21,6,376.0,0.0,38.0,11.0,8.0,69.0,5,6,3,6,6,0,0,0,0,0,0,3,11,0,2012,9,51,41,647,1,3,502.0,20,0,25.1,12,0.25,Web,Wines,High
8008,1983,Graduation,Married,36075.0,1,0,2013-12-09,54,46.0,0.0,30.0,12.0,1.0,30.0,1,2,0,4,6,0,0,0,0,0,0,3,11,0,2013,12,41,31,203,1,3,119.0,7,0,17.0,8,0.14285714285714285,Store,Wines,Low
1513,1979,2N Cycle,Married,60839.0,1,1,2012-08-28,72,600.0,21.0,128.0,120.5,81.0,126.5,13,2,2,12,8,0,0,0,0,0,0,3,11,0,2012,8,45,35,671,2,4,1077.0,29,0,37.13793103448276,10,0.4482758620689655,Store,Wines,High
6173,1979,Graduation,Married,77298.0,0,1,2013-11-02,46,425.0,81.0,292.0,23.0,35.0,79.0,1,6,6,11,3,0,0,0,0,0,0,3,11,0,2013,11,45,35,240,1,3,935.0,24,0,38.958333333333336,9,0.041666666666666664,Store,Wines,High
1419,1950,Graduation,Married,34026.0,1,1,2013-08-05,11,18.0,6.0,15.0,12.0,8.0,17.0,3,2,1,3,5,0,0,0,0,0,0,3,11,0,2013,8,74,64,329,2,4,76.0,9,0,8.444444444444445,7,0.3333333333333333,Store,Wines,Low
9150,1963,Phd,Single,48918.0,1,1,2014-04-12,21,52.0,0.0,9.0,0.0,0.0,1.0,2,1,0,4,4,0,0,0,0,0,0,3,11,0,2014,4,61,51,79,2,3,62.0,7,0,8.857142857142858,5,0.2857142857142857,Store,Wines,Low
7960,1962,2N Cycle,Married,82122.0,0,0,2013-08-15,89,734.0,22.0,350.0,120.5,25.0,100.0,1,3,9,13,1,0,0,1,0,0,0,3,11,0,2013,8,62,52,319,0,2,1351.5,26,1,51.98076923076923,4,0.038461538461538464,Store,Wines,High
1250,1976,Graduation,Single,37697.0,1,0,2014-02-07,82,34.0,6.0,21.0,11.0,4.0,8.0,1,2,1,3,6,0,0,0,0,0,0,3,11,0,2014,2,48,38,143,1,2,84.0,7,0,12.0,8,0.14285714285714285,Store,Wines,Low
9905,1952,Graduation,Married,34074.0,1,1,2013-07-13,69,135.0,1.0,41.0,10.0,1.0,67.0,5,3,3,3,6,1,0,0,0,0,0,3,11,0,2013,7,72,62,352,2,4,255.0,14,1,18.214285714285715,9,0.35714285714285715,Web,Wines,Medium
10691,1960,Master,Married,28520.0,1,1,2013-06-14,55,11.0,0.0,10.0,0.0,2.0,20.0,1,1,1,2,6,0,0,0,0,0,0,3,11,0,2013,6,64,54,381,2,4,43.0,5,0,8.6,7,0.2,Store,Gold,Low
7002,1955,Graduation,Single,62535.0,0,1,2013-10-03,13,163.0,48.0,90.0,0.0,45.0,52.0,1,3,2,8,3,0,0,0,0,0,0,3,11,0,2013,10,69,59,270,1,2,398.0,14,0,28.428571428571427,6,0.07142857142857142,Store,Wines,Medium
2952,1977,Master,Single,36273.0,1,0,2014-04-16,80,29.0,3.0,30.0,3.0,2.0,9.0,2,3,0,3,6,0,0,0,0,0,0,3,11,0,2014,4,47,37,75,1,2,76.0,8,0,9.5,9,0.25,Web,Meat,Low
8439,1964,Graduation,Married,63404.0,0,2,2014-06-06,97,734.0,26.0,70.0,11.0,44.0,17.0,2,6,3,4,4,0,0,0,1,0,0,3,11,0,2014,6,60,50,24,2,4,902.0,15,1,60.13333333333333,10,0.13333333333333333,Web,Wines,Medium
762,1981,2N Cycle,Married,75774.0,1,0,2014-05-02,27,340.0,21.0,134.0,120.5,14.0,56.0,1,7,5,8,4,0,0,0,0,0,0,3,11,0,2014,5,43,33,59,1,3,685.5,21,0,32.642857142857146,11,0.047619047619047616,Store,Wines,High
2831,1976,Graduation,Married,78416.0,0,1,2014-06-27,99,453.0,38.0,279.0,120.5,38.0,126.5,2,7,7,10,3,0,0,0,0,0,0,3,11,0,2014,6,48,38,3,1,3,1055.0,26,0,40.57692307692308,10,0.07692307692307693,Store,Wines,High
6977,1974,Graduation,Married,75702.0,0,1,2012-10-14,87,1073.0,0.0,556.0,120.5,37.0,37.0,1,10,5,13,6,0,0,1,0,0,0,3,11,0,2012,10,50,40,624,1,3,1823.5,29,1,62.87931034482759,16,0.034482758620689655,Store,Wines,High
6289,1951,Master,Married,59385.0,1,1,2013-04-28,85,135.0,0.0,10.0,0.0,4.0,36.0,2,3,1,4,5,0,0,0,0,0,0,3,11,0,2013,4,73,63,428,2,4,185.0,10,0,18.5,8,0.2,Store,Wines,Medium
4168,1966,Graduation,Single,37070.0,1,1,2013-03-20,30,231.0,7.0,137.0,4.0,15.0,39.0,9,5,1,8,7,0,0,0,0,0,0,3,11,1,2013,3,58,48,467,2,3,433.0,23,1,18.82608695652174,12,0.391304347826087,Store,Wines,High
8397,1951,Graduation,Married,44689.0,1,1,2014-01-10,82,18.0,0.0,5.0,0.0,0.0,11.0,2,1,1,2,7,1,0,0,0,0,0,3,11,0,2014,1,73,63,171,2,4,34.0,6,1,5.666666666666667,8,0.3333333333333333,Store,Wines,Low
9284,1958,Graduation,Married,53977.0,0,1,2013-06-08,21,620.0,16.0,165.0,0.0,24.0,82.0,5,5,5,12,5,0,0,0,0,0,0,3,11,0,2013,6,66,56,387,1,3,907.0,27,0,33.592592592592595,10,0.18518518518518517,Store,Wines,High
6237,1966,Phd,Single,7144.0,0,2,2013-12-07,92,81.0,4.0,33.0,5.0,2.0,126.5,0,23,1,1,0,0,0,0,0,0,0,3,11,0,2013,12,58,48,205,2,3,251.5,25,0,10.06,23,0.0,Web,Gold,High
3130,1964,Graduation,Single,18701.0,1,1,2013-06-04,95,12.0,4.0,2.0,10.0,6.0,10.0,4,2,0,4,5,0,0,0,0,0,0,3,11,0,2013,6,60,50,391,2,3,44.0,10,0,4.4,7,0.4,Store,Wines,Medium
1619,1956,Graduation,Married,90369.0,0,0,2014-04-28,2,292.0,51.0,556.0,120.5,23.0,17.0,1,4,6,6,1,0,0,0,0,0,0,3,11,1,2014,4,68,58,63,0,2,1059.5,17,1,62.3235294117647,5,0.058823529411764705,Catalog,Meat,Medium
1990,1974,Phd,Single,63159.0,0,0,2012-11-05,74,965.0,34.0,556.0,89.0,81.0,37.0,1,3,5,8,3,1,0,0,0,0,0,3,11,0,2012,11,50,40,602,0,1,1762.0,17,1,103.6470588235294,6,0.058823529411764705,Store,Wines,Medium
5513,1966,Graduation,Married,37758.0,1,1,2012-10-04,49,27.0,2.0,10.0,0.0,0.0,1.0,2,1,0,3,8,0,0,0,0,0,0,3,11,0,2012,10,58,48,634,2,4,40.0,6,0,6.666666666666667,9,0.3333333333333333,Store,Wines,Low
269,1963,Phd,Single,46757.0,0,1,2012-11-16,71,777.0,30.0,163.0,0.0,51.0,122.0,6,4,4,7,9,0,0,0,0,0,0,3,11,0,2012,11,61,51,591,1,2,1143.0,21,0,54.42857142857143,13,0.2857142857142857,Store,Wines,High
8093,1969,Master,Married,79734.0,0,0,2014-06-28,72,572.0,8.0,232.0,23.0,62.0,17.0,1,4,3,6,1,0,0,0,1,0,0,3,11,0,2014,6,55,45,2,0,2,914.0,14,1,65.28571428571429,5,0.07142857142857142,Store,Wines,Medium
10513,1992,Graduation,Married,63207.0,0,0,2013-01-20,68,438.0,81.0,556.0,91.0,81.0,70.0,1,2,3,6,7,0,0,0,1,0,0,3,11,0,2013,1,32,22,526,0,2,1317.0,12,1,109.75,9,0.08333333333333333,Store,Meat,Medium
10177,1954,Graduation,Divorced,72071.0,0,1,2013-02-14,4,531.0,69.0,300.0,120.5,81.0,126.5,3,5,4,8,2,0,0,0,0,0,0,3,11,0,2013,2,70,60,501,1,2,1228.0,20,0,61.4,7,0.15,Store,Wines,High
2549,1983,Phd,Married,21840.0,1,0,2013-07-21,80,17.0,0.0,9.0,0.0,0.0,1.0,1,1,0,3,9,0,0,0,0,0,0,3,11,0,2013,7,41,31,344,1,3,27.0,5,0,5.4,10,0.2,Store,Wines,Low
5782,1982,2N Cycle,Married,58582.0,0,1,2013-09-28,15,402.0,35.0,106.0,101.0,77.0,42.0,2,9,2,9,5,0,1,0,0,0,0,3,11,0,2013,9,42,32,275,1,3,763.0,22,1,34.68181818181818,14,0.09090909090909091,Web,Wines,High
10057,1951,Graduation,Single,72282.0,0,0,2013-07-19,70,503.0,27.0,419.0,90.0,81.0,126.5,1,5,7,9,7,0,0,0,0,0,0,3,11,1,2013,7,73,63,346,0,1,1246.5,22,1,56.65909090909091,12,0.045454545454545456,Store,Wines,High
10307,1956,Graduation,Married,50387.0,0,2,2013-08-31,91,369.0,9.0,87.0,12.0,14.0,34.0,3,6,2,8,5,0,0,0,0,0,0,3,11,0,2013,8,68,58,303,2,4,525.0,19,0,27.63157894736842,11,0.15789473684210525,Store,Wines,Medium
8566,1961,Phd,Married,32583.0,1,1,2014-06-15,10,5.0,0.0,3.0,0.0,0.0,1.0,1,1,0,2,7,0,0,0,0,0,0,3,11,0,2014,6,63,53,15,2,4,9.0,4,0,2.25,8,0.25,Store,Wines,Low
2415,1962,Graduation,Married,62568.0,0,1,2014-04-07,99,362.0,17.0,398.0,80.0,35.0,61.0,3,5,3,5,4,0,0,0,1,0,0,3,11,0,2014,4,62,52,84,1,3,953.0,16,1,59.5625,9,0.1875,Web,Meat,Medium
5684,1971,Master,Divorced,44635.0,1,1,2013-10-11,25,56.0,0.0,9.0,0.0,0.0,3.0,2,2,0,3,7,0,0,0,0,0,0,3,11,0,2013,10,53,43,262,2,3,68.0,7,0,9.714285714285714,9,0.2857142857142857,Store,Wines,Low
8334,1971,Master,Single,33316.0,1,1,2013-10-04,34,79.0,1.0,31.0,4.0,4.0,12.0,3,2,1,4,6,0,0,0,0,0,0,3,11,0,2013,10,53,43,269,2,3,131.0,10,0,13.1,8,0.3,Store,Wines,Medium
9166,1968,Graduation,Married,63967.0,0,1,2013-08-09,57,387.0,81.0,141.0,73.0,35.0,126.5,3,4,4,12,2,0,0,0,0,0,0,3,11,0,2013,8,56,46,325,1,3,843.5,23,0,36.67391304347826,6,0.13043478260869565,Store,Wines,High
1440,1978,2N Cycle,Married,52513.0,0,0,2012-09-04,84,367.0,17.0,241.0,104.0,81.0,126.5,2,9,5,9,7,0,0,0,0,0,0,3,11,0,2012,9,46,36,664,0,2,936.5,25,0,37.46,16,0.08,Web,Wines,High
78,1969,Graduation,Married,25293.0,1,0,2013-09-15,51,15.0,0.0,11.0,0.0,2.0,9.0,1,1,1,2,8,0,0,0,0,0,0,3,11,0,2013,9,55,45,288,1,3,37.0,5,0,7.4,9,0.2,Store,Wines,Low
5441,1965,Phd,Widow,54111.0,0,1,2013-08-25,97,267.0,6.0,54.0,8.0,3.0,50.0,2,5,2,6,5,0,0,0,0,0,0,3,11,0,2013,8,59,49,309,1,2,388.0,15,0,25.866666666666667,10,0.13333333333333333,Store,Wines,Medium
5302,1986,Graduation,Married,78394.0,0,0,2013-02-15,13,298.0,27.0,556.0,120.5,24.0,126.5,1,4,6,5,2,0,0,0,0,0,0,3,11,1,2013,2,38,28,500,0,2,1152.0,16,1,72.0,6,0.0625,Catalog,Meat,Medium
4687,1958,Master,Married,80739.0,0,0,2013-05-23,92,674.0,81.0,556.0,39.0,0.0,92.0,1,3,11,9,1,0,0,0,0,0,0,3,11,0,2013,5,66,56,403,0,2,1442.0,24,0,60.083333333333336,4,0.041666666666666664,Catalog,Wines,High
1087,1975,Master,Married,22669.0,1,0,2013-05-22,30,16.0,14.0,36.0,37.0,22.0,48.0,3,4,1,2,9,0,0,0,0,0,0,3,11,1,2013,5,49,39,404,1,3,173.0,10,1,17.3,13,0.3,Web,Gold,Medium
6859,1987,Graduation,Single,29236.0,1,0,2013-10-08,30,37.0,4.0,24.0,16.0,9.0,9.0,2,4,0,3,9,0,0,0,0,0,0,3,11,0,2013,10,37,27,265,1,2,99.0,9,0,11.0,13,0.2222222222222222,Web,Wines,Low
9860,1959,Graduation,Married,44911.0,0,1,2013-03-15,11,159.0,0.0,22.0,2.0,1.0,31.0,3,4,1,4,7,0,0,0,0,0,0,3,11,0,2013,3,65,55,472,1,3,215.0,12,0,17.916666666666668,11,0.25,Web,Wines,Medium
7129,1962,Phd,Married,54693.0,0,1,2013-02-17,72,686.0,17.0,142.0,23.0,26.0,35.0,8,6,4,13,6,0,0,0,0,0,0,3,11,0,2013,2,62,52,498,1,3,929.0,31,0,29.967741935483872,12,0.25806451612903225,Store,Wines,High
5866,1974,Graduation,Married,48186.0,1,0,2014-03-20,39,97.0,3.0,66.0,12.0,7.0,34.0,3,4,1,4,7,0,0,0,0,0,0,3,11,0,2014,3,50,40,102,1,3,219.0,12,0,18.25,11,0.25,Web,Wines,Medium
10521,1977,Graduation,Married,54809.0,1,1,2013-09-11,0,63.0,6.0,57.0,13.0,13.0,22.0,4,2,1,5,4,0,0,0,0,0,0,3,11,1,2013,9,47,37,292,2,4,174.0,12,1,14.5,6,0.3333333333333333,Store,Wines,Medium
7393,1978,Graduation,Married,41580.0,1,1,2012-12-10,15,56.0,5.0,24.0,4.0,0.0,3.0,3,2,1,3,5,0,0,0,0,0,0,3,11,0,2012,12,46,36,567,2,4,92.0,9,0,10.222222222222221,7,0.3333333333333333,Store,Wines,Low
7849,1970,Phd,Married,80336.0,0,0,2013-09-09,12,209.0,19.0,456.0,120.5,81.0,66.0,1,2,9,13,1,0,0,0,0,0,0,3,11,0,2013,9,54,44,294,0,2,951.5,25,0,38.06,3,0.04,Store,Meat,High
332,1957,Graduation,Married,47743.0,0,1,2013-03-22,56,198.0,2.0,43.0,0.0,12.0,20.0,3,4,1,6,6,0,1,0,0,0,0,3,11,0,2013,3,67,57,465,1,3,275.0,14,1,19.642857142857142,10,0.21428571428571427,Store,Wines,Medium
9847,1955,2N Cycle,Married,62972.0,0,1,2012-08-03,39,313.0,15.0,47.0,20.0,0.0,126.5,2,7,4,3,6,0,0,0,0,0,0,3,11,0,2012,8,69,59,696,1,3,521.5,16,0,32.59375,13,0.125,Web,Wines,Medium
531,1954,Phd,Divorced,57333.0,0,1,2012-09-22,55,941.0,14.0,397.0,76.0,58.0,126.5,11,8,5,9,6,0,0,0,0,0,0,3,11,1,2012,9,70,60,646,1,2,1612.5,33,1,48.86363636363637,14,0.3333333333333333,Store,Wines,High
9576,1982,Phd,Married,32313.0,1,0,2013-02-11,60,86.0,4.0,56.0,2.0,4.0,7.0,3,4,0,4,9,0,0,0,0,0,0,3,11,0,2013,2,42,32,504,1,3,159.0,11,0,14.454545454545455,13,0.2727272727272727,Web,Wines,Medium
6906,1953,Master,Widow,84953.0,0,0,2013-06-03,73,167.0,48.0,556.0,63.0,72.0,72.0,1,3,10,4,2,0,1,1,1,0,0,3,11,1,2013,6,71,61,392,0,1,978.0,18,4,54.333333333333336,5,0.05555555555555555,Catalog,Meat,Medium
7419,1968,Master,Divorced,27071.0,1,0,2014-04-23,90,8.0,3.0,19.0,0.0,2.0,3.0,2,2,0,3,6,0,0,0,0,0,0,3,11,0,2014,4,56,46,68,1,2,35.0,7,0,5.0,8,0.2857142857142857,Store,Meat,Low
3170,1957,Master,Married,68148.0,0,0,2013-08-31,86,389.0,66.0,408.0,37.0,57.0,85.0,1,4,4,6,2,0,0,0,0,0,0,3,11,0,2013,8,67,57,303,0,2,1042.0,15,0,69.46666666666667,6,0.06666666666666667,Store,Meat,Medium
8527,1965,Master,Married,65735.0,1,1,2013-12-07,37,239.0,7.0,119.0,4.0,15.0,11.0,5,6,2,6,7,0,0,0,0,0,0,3,11,0,2013,12,59,49,205,2,4,395.0,19,0,20.789473684210527,13,0.2631578947368421,Web,Wines,Medium
7872,1975,Phd,Married,86836.0,0,0,2012-09-12,7,179.0,21.0,273.0,0.0,21.0,63.0,1,6,10,6,5,1,0,1,1,0,0,3,11,1,2012,9,49,39,656,0,2,557.0,23,4,24.217391304347824,11,0.043478260869565216,Catalog,Meat,High
9931,1963,Phd,Married,4023.0,1,1,2014-06-23,29,5.0,0.0,1.0,1.0,1.0,1.0,15,0,0,0,19,0,0,0,0,0,0,3,11,0,2014,6,61,51,7,2,4,9.0,15,0,0.6,19,1.0,Web,Wines,Medium
10595,1990,Graduation,Married,30093.0,0,0,2013-07-08,19,2.0,6.0,28.0,13.0,4.0,16.0,1,2,0,3,7,0,0,0,0,0,0,3,11,0,2013,7,34,24,357,0,2,69.0,6,0,11.5,9,0.16666666666666666,Store,Meat,Low
4609,1966,Phd,Married,57705.0,0,1,2014-01-11,14,383.0,0.0,53.0,6.0,4.0,40.0,3,8,1,6,6,0,0,0,0,0,0,3,11,0,2014,1,58,48,170,1,3,486.0,18,0,27.0,14,0.16666666666666666,Web,Wines,Medium
5010,1988,Graduation,Single,25008.0,1,0,2014-02-02,72,2.0,8.0,8.0,6.0,1.0,9.0,2,1,0,3,8,0,0,0,0,0,0,3,11,0,2014,2,36,26,148,1,2,34.0,6,0,5.666666666666667,9,0.3333333333333333,Store,Gold,Low
4427,1995,2N Cycle,Single,83257.0,0,0,2012-09-18,56,536.0,27.0,556.0,38.0,81.0,67.0,1,5,10,12,6,1,0,1,0,0,1,3,11,1,2012,9,29,19,650,0,1,1305.0,28,3,46.607142857142854,11,0.03571428571428571,Store,Meat,High
11148,1975,Graduation,Married,22280.0,1,0,2013-05-19,85,2.0,1.0,4.0,3.0,1.0,2.0,1,1,0,2,8,0,0,0,0,0,0,3,11,0,2013,5,49,39,407,1,3,13.0,4,0,3.25,9,0.25,Store,Meat,Low
1168,1978,Phd,Married,72159.0,0,0,2012-10-29,62,322.0,53.0,556.0,34.0,40.0,53.0,1,4,6,10,2,0,0,0,0,0,0,3,11,0,2012,10,46,36,609,0,2,1058.0,21,0,50.38095238095238,6,0.047619047619047616,Store,Meat,High
9595,1961,Graduation,Married,64260.0,0,0,2013-01-11,1,539.0,81.0,556.0,20.0,0.0,30.0,1,4,5,4,3,0,0,0,0,0,0,3,11,1,2013,1,63,53,535,0,2,1226.0,14,1,87.57142857142857,7,0.07142857142857142,Catalog,Meat,Medium
10163,1984,Phd,Single,82733.0,0,0,2013-09-10,28,712.0,50.0,420.0,65.0,38.0,38.0,1,8,4,7,4,0,0,0,0,0,0,3,11,1,2013,9,40,30,293,0,1,1323.0,20,1,66.15,12,0.05,Web,Wines,High
2886,1971,Master,Divorced,74290.0,0,1,2013-08-12,70,1121.0,0.0,72.0,0.0,12.0,12.0,4,10,8,10,6,0,1,0,1,0,0,3,11,0,2013,8,53,43,322,1,2,1217.0,32,2,38.03125,16,0.125,Web,Wines,High
6710,1951,Master,Single,58217.0,2,1,2012-11-17,84,68.0,1.0,13.0,3.0,5.0,13.0,1,2,0,4,6,0,0,0,0,0,0,3,11,0,2012,11,73,63,590,3,4,103.0,7,0,14.714285714285714,8,0.14285714285714285,Store,Wines,Low
5316,1976,Master,Married,21024.0,0,0,2013-07-04,89,36.0,4.0,18.0,6.0,2.0,18.0,1,2,0,4,7,0,0,0,0,0,0,3,11,0,2013,7,48,38,361,0,2,84.0,7,0,12.0,9,0.14285714285714285,Store,Wines,Low
9029,1972,Phd,Married,70116.0,0,0,2013-01-26,73,707.0,44.0,556.0,95.0,58.0,29.0,1,2,8,12,1,0,0,0,0,0,0,3,11,0,2013,1,52,42,520,0,2,1489.0,23,0,64.73913043478261,3,0.043478260869565216,Store,Wines,High
521,1985,Graduation,Married,54006.0,1,0,2012-09-18,42,174.0,77.0,203.0,6.0,24.0,97.0,2,8,1,7,7,0,0,0,0,0,0,3,11,0,2012,9,39,29,650,1,3,581.0,18,0,32.27777777777778,15,0.1111111111111111,Web,Meat,Medium
1459,1966,Phd,Married,69063.0,0,1,2012-11-07,16,666.0,35.0,124.0,69.0,8.0,26.0,1,5,3,5,3,0,0,0,0,0,0,3,11,0,2012,11,58,48,600,1,3,928.0,14,0,66.28571428571429,8,0.07142857142857142,Web,Wines,Medium
10241,1975,2N Cycle,Divorced,11448.0,0,0,2013-12-15,16,0.0,0.0,0.0,6.0,2.0,6.0,1,1,0,2,6,0,0,0,0,0,0,3,11,0,2013,12,49,39,197,0,1,14.0,4,0,3.5,7,0.25,Store,Fish,Low
1630,1979,Graduation,Single,61825.0,0,1,2013-08-07,56,162.0,50.0,100.0,55.0,30.0,27.0,1,4,2,8,4,0,0,0,0,0,0,3,11,0,2013,8,45,35,327,1,2,424.0,15,0,28.266666666666666,8,0.06666666666666667,Store,Wines,Medium
3254,1971,Graduation,Married,70886.0,1,0,2013-10-14,65,407.0,70.0,239.0,103.0,81.0,53.0,1,5,4,4,2,0,0,0,0,0,0,3,11,0,2013,10,53,43,259,1,3,953.0,14,0,68.07142857142857,7,0.07142857142857142,Web,Wines,Medium
9064,1982,Graduation,Married,69109.0,0,0,2012-11-09,10,823.0,25.0,459.0,120.5,29.0,95.0,1,6,6,7,4,0,0,1,0,0,0,3,11,1,2012,11,42,32,598,0,2,1551.5,20,2,77.575,10,0.05,Store,Wines,High
3678,1973,Graduation,Widow,60208.0,1,1,2012-10-07,13,488.0,23.0,71.0,15.0,0.0,59.0,11,8,3,7,7,0,1,0,0,0,0,3,11,1,2012,10,51,41,631,2,3,656.0,29,2,22.620689655172413,15,0.3793103448275862,Web,Wines,High
4227,1968,Master,Married,32889.0,1,1,2013-09-06,78,28.0,0.0,13.0,4.0,2.0,8.0,3,2,1,3,5,0,0,0,0,0,0,3,11,0,2013,9,56,46,297,2,4,55.0,9,0,6.111111111111111,7,0.3333333333333333,Store,Wines,Low
9467,1984,Graduation,Single,34738.0,1,0,2014-05-11,51,3.0,2.0,10.0,3.0,0.0,2.0,1,1,0,3,6,0,0,0,0,0,0,3,11,0,2014,5,40,30,50,1,2,20.0,5,0,4.0,7,0.2,Store,Meat,Low
8486,1971,Master,Married,30538.0,1,0,2012-10-01,27,284.0,0.0,52.0,8.0,3.0,20.0,4,9,0,4,10,0,0,0,0,0,0,3,11,0,2012,10,53,43,637,1,3,367.0,17,0,21.58823529411765,19,0.23529411764705882,Web,Wines,Medium
2186,1977,2N Cycle,Married,82326.0,0,0,2014-03-10,30,938.0,81.0,556.0,120.5,81.0,126.5,1,5,10,6,2,0,1,1,1,0,0,3,11,1,2014,3,47,37,112,0,2,1903.0,22,4,86.5,7,0.045454545454545456,Catalog,Wines,High
3286,1967,Phd,Divorced,26642.0,1,0,2014-03-01,71,13.0,2.0,15.0,2.0,2.0,8.0,2,2,0,3,6,0,0,0,0,0,0,3,11,0,2014,3,57,47,121,1,2,42.0,7,0,6.0,8,0.2857142857142857,Store,Meat,Low
8602,1964,Graduation,Divorced,69932.0,0,1,2013-06-12,97,412.0,81.0,153.0,120.5,81.0,57.0,2,7,6,11,4,0,0,0,0,0,0,3,11,0,2013,6,60,50,383,1,2,904.5,26,0,34.78846153846154,11,0.07692307692307693,Store,Wines,High
3722,1972,Graduation,Single,44503.0,1,1,2014-04-16,83,31.0,1.0,8.0,0.0,0.0,8.0,2,2,0,3,6,0,0,0,0,0,0,3,11,0,2014,4,52,42,75,2,3,48.0,7,0,6.857142857142857,8,0.2857142857142857,Store,Wines,Low
6715,1948,Phd,Single,60200.0,0,1,2013-01-02,3,502.0,19.0,132.0,0.0,6.0,26.0,6,6,2,11,6,0,0,0,0,0,0,3,11,0,2013,1,76,66,544,1,2,685.0,25,0,27.4,12,0.24,Store,Wines,High
4796,1952,Graduation,Divorced,49638.0,0,1,2014-04-19,71,18.0,10.0,3.0,3.0,5.0,0.0,1,1,0,3,2,0,0,0,0,0,0,3,11,0,2014,4,72,62,72,1,2,39.0,5,0,7.8,3,0.2,Store,Wines,Low
9612,1987,2N Cycle,Single,23830.0,0,0,2014-02-07,3,1.0,8.0,6.0,4.0,8.0,16.0,1,1,0,3,7,0,0,0,0,0,0,3,11,0,2014,2,37,27,143,0,1,43.0,5,0,8.6,8,0.2,Store,Gold,Low
3766,1959,Master,Widow,33051.0,0,0,2012-08-16,15,100.0,71.0,243.0,108.0,81.0,126.5,3,9,1,8,9,0,0,0,0,0,0,3,11,1,2012,8,65,55,683,0,1,729.5,21,1,34.73809523809524,18,0.14285714285714285,Web,Meat,High
1399,1958,Graduation,Married,72905.0,0,0,2014-01-21,52,407.0,81.0,445.0,120.5,81.0,126.5,1,3,7,9,1,0,0,0,1,0,0,3,11,0,2014,1,66,56,160,0,2,1261.0,20,1,63.05,4,0.05,Store,Meat,High
1570,1951,Phd,Married,69702.0,0,1,2013-02-19,8,664.0,9.0,240.0,50.0,19.0,57.0,2,7,7,10,4,0,0,0,0,0,0,3,11,0,2013,2,73,63,496,1,3,1039.0,26,0,39.96153846153846,11,0.07692307692307693,Store,Wines,High
3426,1975,Graduation,Divorced,70300.0,1,0,2013-07-15,89,1045.0,61.0,338.0,60.0,46.0,46.0,3,5,5,13,8,0,0,0,0,0,0,3,11,0,2013,7,49,39,350,1,2,1596.0,26,0,61.38461538461539,13,0.11538461538461539,Store,Wines,High
3074,1984,Phd,Married,70643.0,0,0,2012-10-15,66,1218.0,81.0,304.0,23.0,81.0,33.0,1,5,8,4,6,0,0,0,0,0,0,3,11,1,2012,10,40,30,623,0,2,1740.0,18,1,96.66666666666667,11,0.05555555555555555,Catalog,Wines,Medium
8341,1969,Phd,Married,30396.0,1,0,2014-04-30,22,15.0,0.0,6.0,0.0,1.0,12.0,2,1,1,2,7,1,0,0,0,0,0,3,11,1,2014,4,55,45,61,1,3,34.0,6,2,5.666666666666667,8,0.3333333333333333,Store,Wines,Low
5180,1968,Phd,Divorced,50616.0,0,1,2014-04-18,56,128.0,0.0,16.0,0.0,1.0,4.0,2,4,0,4,7,0,0,0,0,0,0,3,11,0,2014,4,56,46,73,1,2,149.0,10,0,14.9,11,0.2,Web,Wines,Medium
6461,1969,Master,Single,62772.0,0,1,2013-05-19,74,581.0,49.0,157.0,43.0,8.0,108.0,1,5,6,11,2,0,1,0,0,0,0,3,11,0,2013,5,55,45,407,1,2,946.0,23,1,41.130434782608695,7,0.043478260869565216,Store,Wines,High
7679,1985,Phd,Single,30298.0,0,0,2014-05-19,48,6.0,3.0,12.0,6.0,1.0,0.0,1,1,1,3,3,0,0,0,0,0,0,3,11,0,2014,5,39,29,42,0,1,28.0,6,0,4.666666666666667,4,0.16666666666666666,Store,Meat,Low
10702,1984,Graduation,Single,52413.0,1,0,2012-11-03,67,185.0,8.0,133.0,56.0,56.0,12.0,2,7,1,7,7,0,0,0,0,0,0,3,11,0,2012,11,40,30,604,1,2,450.0,17,0,26.470588235294116,14,0.11764705882352941,Web,Wines,Medium
7505,1957,Phd,Married,44155.0,1,1,2014-01-19,24,22.0,1.0,9.0,0.0,0.0,14.0,1,1,1,2,4,0,0,0,0,0,0,3,11,0,2014,1,67,57,162,2,4,46.0,5,0,9.2,5,0.2,Store,Wines,Low
5113,1971,Phd,Divorced,86979.0,0,0,2013-11-07,67,584.0,81.0,556.0,65.0,81.0,35.0,1,5,5,5,2,1,0,0,0,0,0,3,11,1,2013,11,53,43,235,0,1,1402.0,16,2,87.625,7,0.0625,Web,Wines,Medium
10858,1975,Graduation,Married,76532.0,1,1,2013-09-09,38,355.0,30.0,177.0,90.0,81.0,30.0,4,9,5,7,5,0,0,0,0,0,0,3,11,0,2013,9,49,39,294,2,4,763.0,25,0,30.52,14,0.16,Web,Wines,High
2961,1982,Graduation,Married,42081.0,1,0,2013-02-26,86,175.0,10.0,110.0,54.0,6.0,27.0,2,6,3,4,6,1,0,0,0,0,0,3,11,0,2013,2,42,32,489,1,3,382.0,15,1,25.466666666666665,12,0.13333333333333333,Web,Wines,Medium
2747,1988,Phd,Married,67546.0,0,0,2012-08-31,90,864.0,81.0,556.0,120.5,38.0,126.5,1,4,10,5,3,0,0,0,0,0,0,3,11,0,2012,8,36,26,668,0,2,1786.0,20,0,89.3,7,0.05,Catalog,Wines,High
3010,1989,Master,Married,88420.0,0,0,2014-05-02,87,957.0,81.0,556.0,99.0,81.0,126.5,1,4,7,8,1,1,0,1,1,0,0,3,11,0,2014,5,35,25,59,0,2,1900.5,20,3,95.025,5,0.05,Store,Wines,High
5790,1985,Graduation,Married,31158.0,1,0,2013-01-27,62,25.0,6.0,16.0,20.0,0.0,5.0,2,2,0,3,8,0,0,0,0,0,0,3,11,0,2013,1,39,29,519,1,3,72.0,7,0,10.285714285714286,10,0.2857142857142857,Store,Wines,Low
6892,1968,Graduation,Divorced,61671.0,0,1,2014-06-03,23,641.0,7.0,56.0,0.0,0.0,28.0,8,10,4,6,8,0,1,0,1,0,0,3,11,0,2014,6,56,46,27,1,2,732.0,28,2,26.142857142857142,18,0.2857142857142857,Web,Wines,High
1743,1974,Graduation,Single,69719.0,0,0,2014-05-26,99,273.0,81.0,208.0,120.5,14.0,43.0,1,2,3,5,1,0,0,0,0,0,0,3,11,0,2014,5,50,40,35,0,1,739.5,11,0,67.22727272727273,3,0.09090909090909091,Store,Wines,Medium
3578,1949,Graduation,Divorced,49160.0,0,1,2013-10-20,29,122.0,21.0,43.0,25.0,10.0,15.0,2,3,1,6,6,0,0,0,0,0,0,3,11,0,2013,10,75,65,253,1,2,236.0,12,0,19.666666666666668,9,0.16666666666666666,Store,Wines,Medium
8462,1978,Undergraduate,Married,24882.0,1,0,2012-09-09,52,1.0,4.0,10.0,29.0,0.0,36.0,1,1,1,2,6,1,0,0,0,0,0,3,11,0,2012,9,46,36,659,1,3,80.0,5,1,16.0,7,0.2,Store,Gold,Low
5558,1954,Phd,Single,90933.0,0,0,2014-03-31,90,1020.0,31.0,430.0,62.0,63.0,79.0,1,4,6,4,1,0,0,1,0,0,0,3,11,0,2014,3,70,60,91,0,1,1685.0,15,1,112.33333333333333,5,0.06666666666666667,Catalog,Wines,Medium
4619,1945,Phd,Single,113734.0,0,0,2014-05-28,9,6.0,2.0,3.0,1.0,81.0,3.0,0,27,0,0,1,0,0,0,0,0,0,3,11,0,2014,5,79,69,33,0,1,96.0,27,0,3.5555555555555554,28,0.0,Web,Sweets,High
8780,1950,Phd,Married,59292.0,0,1,2013-06-13,71,378.0,14.0,68.0,19.0,14.0,14.0,2,3,5,8,3,0,0,0,0,0,0,3,11,0,2013,6,74,64,382,1,3,507.0,18,0,28.166666666666668,6,0.1111111111111111,Store,Wines,Medium
10789,1964,Phd,Married,45759.0,1,1,2013-02-23,13,42.0,1.0,18.0,3.0,0.0,4.0,2,2,0,3,7,0,0,0,0,0,0,3,11,0,2013,2,60,50,492,2,4,68.0,7,0,9.714285714285714,9,0.2857142857142857,Store,Wines,Low
10779,1983,Graduation,Single,22148.0,0,0,2014-04-13,16,15.0,5.0,14.0,0.0,4.0,11.0,1,1,0,3,7,0,0,0,0,0,0,3,11,0,2014,4,41,31,78,0,1,49.0,5,0,9.8,8,0.2,Store,Wines,Low
5896,1987,Master,Married,73395.0,0,0,2014-03-18,94,272.0,7.0,80.0,20.0,7.0,11.0,1,4,4,6,2,0,0,0,0,0,0,3,11,0,2014,3,37,27,104,0,2,397.0,15,0,26.466666666666665,6,0.06666666666666667,Store,Wines,Medium
2337,1971,Graduation,Divorced,29819.0,1,0,2013-10-24,77,9.0,1.0,24.0,2.0,1.0,2.0,3,3,0,3,6,0,0,0,0,0,0,3,11,0,2013,10,53,43,249,1,2,39.0,9,0,4.333333333333333,9,0.3333333333333333,Web,Meat,Low
10951,1968,Graduation,Married,45688.0,0,1,2014-01-25,20,279.0,0.0,18.0,0.0,0.0,9.0,2,3,1,8,4,0,1,0,0,0,0,3,11,0,2014,1,56,46,156,1,3,306.0,14,1,21.857142857142858,7,0.14285714285714285,Store,Wines,Medium
544,1954,Graduation,Married,62820.0,0,0,2013-05-11,51,398.0,61.0,265.0,120.5,61.0,53.0,1,3,4,6,1,0,0,0,0,0,0,3,11,0,2013,5,70,60,415,0,2,958.5,14,0,68.46428571428571,4,0.07142857142857142,Store,Wines,Medium
17,1971,Phd,Married,60491.0,0,1,2013-09-06,81,637.0,47.0,237.0,12.0,19.0,76.0,4,6,11,7,5,0,0,0,0,0,0,3,11,0,2013,9,53,43,297,1,3,1028.0,28,0,36.714285714285715,11,0.14285714285714285,Catalog,Wines,High
10680,1986,Graduation,Married,33235.0,1,0,2014-02-05,71,45.0,0.0,16.0,2.0,1.0,6.0,1,3,0,3,7,0,0,0,0,0,0,3,11,0,2014,2,38,28,145,1,3,70.0,7,0,10.0,10,0.14285714285714285,Web,Wines,Low
3265,1959,Graduation,Married,35701.0,0,0,2013-03-19,36,21.0,1.0,9.0,7.0,3.0,5.0,1,1,0,3,6,0,0,0,0,0,0,3,11,0,2013,3,65,55,468,0,2,46.0,5,0,9.2,7,0.2,Store,Wines,Low
5623,1980,Master,Married,31535.0,1,0,2013-09-26,95,15.0,4.0,13.0,0.0,0.0,19.0,1,1,1,2,7,1,0,0,0,0,0,3,11,0,2013,9,44,34,277,1,3,51.0,5,1,10.2,8,0.2,Store,Gold,Low
5832,1960,2N Cycle,Married,92556.0,0,0,2014-04-20,32,493.0,81.0,352.0,120.5,23.0,28.0,0,3,5,13,0,0,0,0,0,0,0,3,11,0,2014,4,64,54,71,0,2,1097.5,21,0,52.26190476190476,3,0.0,Store,Wines,High
5544,1970,Graduation,Single,67384.0,0,1,2012-11-10,32,957.0,40.0,175.0,120.5,53.0,107.0,2,7,8,5,5,0,1,0,0,0,0,3,11,0,2012,11,54,44,597,1,2,1452.5,22,1,66.02272727272727,12,0.09090909090909091,Catalog,Wines,High
6417,1971,Master,Married,80573.0,0,0,2012-10-14,85,829.0,81.0,430.0,60.0,81.0,15.0,1,4,6,13,2,0,0,0,0,0,0,3,11,0,2012,10,53,43,624,0,2,1496.0,24,0,62.333333333333336,6,0.041666666666666664,Store,Wines,High
5831,1967,Graduation,Married,77870.0,0,1,2012-08-22,93,1017.0,50.0,500.0,65.0,50.0,126.5,3,5,5,5,8,0,1,0,1,0,0,3,11,1,2012,8,57,47,677,1,3,1808.5,18,3,100.47222222222223,13,0.16666666666666666,Web,Wines,Medium
7101,1963,Phd,Widow,52278.0,0,1,2013-01-25,24,953.0,0.0,71.0,0.0,0.0,126.5,6,10,5,10,8,0,0,0,0,0,0,3,11,0,2013,1,61,51,521,1,2,1150.5,31,0,37.11290322580645,18,0.1935483870967742,Web,Wines,High
10176,1968,Graduation,Single,57107.0,0,1,2012-08-24,44,159.0,0.0,120.0,0.0,0.0,126.5,7,4,4,8,8,0,1,0,0,1,0,3,11,1,2012,8,56,46,675,1,2,405.5,23,3,17.630434782608695,12,0.30434782608695654,Store,Wines,High
2326,1990,Graduation,Married,18929.0,0,0,2013-02-16,15,32.0,0.0,8.0,23.0,4.0,18.0,1,1,0,4,6,0,0,0,0,0,0,3,11,0,2013,2,34,24,499,0,2,85.0,6,0,14.166666666666666,7,0.16666666666666666,Store,Wines,Low
4385,1981,Phd,Single,36038.0,1,0,2013-05-31,82,23.0,0.0,15.0,0.0,2.0,7.0,2,3,0,3,6,0,0,0,0,0,0,3,11,0,2013,5,43,33,395,1,2,47.0,8,0,5.875,9,0.25,Web,Wines,Low
2929,1976,Graduation,Single,20180.0,0,0,2013-02-20,27,18.0,42.0,24.0,15.0,20.0,18.0,1,2,1,4,7,0,0,0,0,0,0,3,11,0,2013,2,48,38,495,0,1,137.0,8,0,17.125,9,0.125,Store,Fruits,Low
10686,1965,Phd,Married,34230.0,1,1,2012-12-26,72,15.0,0.0,4.0,0.0,0.0,2.0,1,1,0,2,7,0,0,0,0,0,0,3,11,0,2012,12,59,49,551,2,4,21.0,4,0,5.25,8,0.25,Store,Wines,Low
2546,1977,2N Cycle,Single,31878.0,0,1,2014-06-22,7,23.0,4.0,5.0,10.0,5.0,23.0,1,1,0,4,3,0,0,0,0,0,0,3,11,0,2014,6,47,37,8,1,2,70.0,6,0,11.666666666666666,4,0.16666666666666666,Store,Wines,Low
3283,1972,2N Cycle,Married,70932.0,0,1,2014-01-19,57,200.0,81.0,100.0,46.0,81.0,126.5,2,6,2,12,3,0,0,0,0,0,0,3,11,0,2014,1,52,42,162,1,3,634.5,22,0,28.84090909090909,9,0.09090909090909091,Store,Wines,High
3138,1956,Graduation,Single,91249.0,0,0,2012-10-20,84,1224.0,27.0,119.0,71.0,81.0,27.0,0,7,9,6,4,0,1,1,1,1,0,3,11,1,2012,10,68,58,618,0,1,1549.0,22,5,70.4090909090909,11,0.0,Catalog,Wines,High
4994,1943,Master,Single,77598.0,0,0,2013-10-01,53,1193.0,33.0,281.0,120.5,66.0,33.0,1,7,5,13,3,0,0,1,0,0,0,3,11,0,2013,10,81,71,272,0,1,1726.5,26,1,66.40384615384616,10,0.038461538461538464,Store,Wines,High
7966,1959,Graduation,Single,80982.0,1,1,2013-01-08,48,505.0,81.0,401.0,104.0,22.0,22.0,3,11,5,11,5,0,0,0,0,0,1,3,11,0,2013,1,65,55,538,2,3,1135.0,30,0,37.833333333333336,16,0.1,Web,Wines,High
3112,1977,Master,Married,22701.0,1,0,2013-09-05,2,2.0,4.0,9.0,0.0,4.0,5.0,1,1,0,3,5,0,0,0,0,0,0,3,11,0,2013,9,47,37,298,1,3,24.0,5,0,4.8,6,0.2,Store,Meat,Low
10872,1969,Phd,Married,55212.0,0,1,2012-11-23,65,1103.0,0.0,45.0,0.0,0.0,34.0,3,4,2,11,8,0,1,0,0,1,0,3,11,0,2012,11,55,45,584,1,3,1182.0,20,2,59.1,12,0.15,Store,Wines,High
2181,1970,Graduation,Married,70617.0,0,0,2013-06-23,45,353.0,61.0,556.0,40.0,46.0,27.0,1,3,3,7,2,0,0,0,0,0,0,3,11,0,2013,6,54,44,372,0,2,1083.0,14,0,77.35714285714286,5,0.07142857142857142,Store,Meat,Medium
1867,1957,Graduation,Single,64849.0,0,0,2012-11-13,42,652.0,48.0,350.0,94.0,81.0,108.0,1,9,3,6,5,0,0,0,0,0,0,3,11,1,2012,11,67,57,594,0,1,1333.0,19,1,70.15789473684211,14,0.05263157894736842,Web,Wines,Medium
1518,1965,Master,Married,62694.0,1,1,2013-06-17,29,379.0,6.0,157.0,25.0,81.0,91.0,5,9,3,7,7,0,0,0,0,0,0,3,11,0,2013,6,59,49,378,2,4,739.0,24,0,30.791666666666668,16,0.20833333333333334,Web,Wines,High
5734,1974,Phd,Married,61917.0,1,1,2013-11-20,83,46.0,4.0,36.0,2.0,2.0,1.0,1,2,0,4,5,0,0,0,0,0,0,3,11,0,2013,11,50,40,222,2,4,91.0,7,0,13.0,7,0.14285714285714285,Store,Wines,Low
2878,1947,Phd,Married,67472.0,0,1,2013-09-28,93,162.0,31.0,127.0,8.0,17.0,69.0,2,4,2,7,3,0,0,0,0,0,0,3,11,0,2013,9,77,67,275,1,3,414.0,15,0,27.6,7,0.13333333333333333,Store,Wines,Medium
1458,1982,Master,Married,21059.0,1,0,2014-01-07,40,8.0,3.0,19.0,3.0,3.0,8.0,3,3,0,3,6,0,0,0,0,0,0,3,11,0,2014,1,42,32,174,1,3,44.0,9,0,4.888888888888889,9,0.3333333333333333,Web,Meat,Low
7007,1968,Master,Married,29543.0,2,0,2014-04-01,47,17.0,3.0,18.0,3.0,4.0,18.0,2,3,1,2,7,0,0,0,0,0,0,3,11,0,2014,4,56,46,90,2,4,63.0,8,0,7.875,10,0.25,Web,Meat,Low
6200,1951,Graduation,Married,75903.0,0,1,2013-04-08,50,340.0,81.0,185.0,120.5,38.0,100.0,2,6,6,9,3,0,0,0,0,0,0,3,11,0,2013,4,73,63,448,1,3,864.5,23,0,37.58695652173913,9,0.08695652173913043,Store,Wines,High
1403,1975,2N Cycle,Married,34984.0,1,1,2012-09-06,40,8.0,4.0,15.0,3.0,5.0,3.0,2,1,0,3,7,0,0,0,0,0,0,3,11,0,2012,9,49,39,662,2,4,38.0,6,0,6.333333333333333,8,0.3333333333333333,Store,Meat,Low
4827,1956,Phd,Single,54998.0,0,1,2013-03-10,3,154.0,22.0,202.0,39.0,30.0,8.0,5,4,2,9,4,0,0,0,0,0,0,3,11,1,2013,3,68,58,477,1,2,455.0,20,1,22.75,8,0.25,Store,Meat,High
6250,1949,Phd,Widow,54356.0,0,1,2012-11-19,62,710.0,15.0,30.0,20.0,0.0,0.0,3,11,2,8,8,0,0,0,0,0,0,3,11,1,2012,11,75,65,588,1,2,775.0,24,1,32.291666666666664,19,0.125,Web,Wines,High
9291,1959,Master,Married,34242.0,0,1,2014-03-23,25,8.0,2.0,4.0,0.0,0.0,1.0,1,0,0,3,5,0,0,0,0,0,0,3,11,0,2014,3,65,55,99,1,3,15.0,4,0,3.75,5,0.25,Store,Wines,Low
2478,1973,Graduation,Married,25410.0,1,0,2013-08-31,48,2.0,2.0,4.0,13.0,13.0,4.0,1,1,0,4,4,0,0,0,0,0,0,3,11,0,2013,8,51,41,303,1,3,38.0,6,0,6.333333333333333,5,0.16666666666666666,Store,Fish,Low
1139,1984,Phd,Married,73356.0,0,0,2014-02-06,56,1050.0,14.0,322.0,0.0,14.0,112.0,1,5,11,5,2,1,0,1,1,0,0,3,11,1,2014,2,40,30,144,0,2,1512.0,22,4,68.72727272727273,7,0.045454545454545456,Catalog,Wines,High
5138,1950,Graduation,Married,28320.0,0,1,2013-01-14,68,19.0,1.0,14.0,3.0,2.0,4.0,1,1,0,3,8,0,0,0,0,0,0,3,11,0,2013,1,74,64,532,1,3,43.0,5,0,8.6,9,0.2,Store,Wines,Low
5393,1977,Graduation,Single,23763.0,1,0,2012-08-07,64,22.0,0.0,6.0,6.0,2.0,6.0,1,1,0,3,7,0,0,0,0,0,0,3,11,0,2012,8,47,37,692,1,2,42.0,5,0,8.4,8,0.2,Store,Wines,Low
10413,1984,Graduation,Married,72570.0,0,0,2014-04-25,67,274.0,81.0,216.0,120.5,81.0,126.5,1,4,6,12,1,0,0,0,0,0,0,3,11,0,2014,4,40,30,66,0,2,899.0,23,0,39.08695652173913,5,0.043478260869565216,Store,Wines,High
5015,1976,Master,Married,34529.0,1,0,2012-09-14,94,68.0,6.0,38.0,3.0,6.0,41.0,2,2,2,3,7,0,0,0,0,0,0,3,11,0,2012,9,48,38,654,1,3,162.0,9,0,18.0,9,0.2222222222222222,Store,Wines,Low
10868,1951,Graduation,Widow,70792.0,0,0,2013-02-06,82,344.0,45.0,556.0,104.0,11.0,114.0,2,3,4,10,3,0,0,0,0,0,0,3,11,0,2013,2,73,63,509,0,1,1174.0,19,0,61.78947368421053,6,0.10526315789473684,Store,Meat,Medium
10676,1982,Graduation,Married,63211.0,0,0,2012-11-02,3,145.0,81.0,459.0,120.5,26.0,126.5,2,3,8,7,2,0,0,0,0,0,0,3,11,1,2012,11,42,32,605,0,2,958.0,20,1,47.9,5,0.1,Catalog,Meat,High
2495,1974,Master,Married,83891.0,0,1,2014-06-20,24,217.0,38.0,350.0,111.0,81.0,15.0,1,4,7,10,1,0,0,0,0,0,0,3,11,0,2014,6,50,40,10,1,3,812.0,22,0,36.90909090909091,5,0.045454545454545456,Store,Meat,High
7842,1968,Graduation,Single,36065.0,1,1,2013-03-31,54,18.0,7.0,34.0,10.0,2.0,3.0,3,3,0,3,8,0,0,0,0,0,0,3,11,0,2013,3,56,46,456,2,3,74.0,9,0,8.222222222222221,11,0.3333333333333333,Web,Meat,Low
9955,1954,Graduation,Married,39898.0,0,1,2013-02-12,20,69.0,8.0,26.0,12.0,7.0,12.0,2,3,0,4,7,0,0,0,0,0,0,3,11,0,2013,2,70,60,503,1,3,134.0,9,0,14.88888888888889,10,0.2222222222222222,Store,Wines,Low
6663,1940,Phd,Single,51141.0,0,0,2013-07-08,96,144.0,0.0,7.0,0.0,0.0,6.0,1,3,1,4,5,0,0,0,0,0,0,3,11,0,2013,7,84,74,357,0,1,157.0,9,0,17.444444444444443,8,0.1111111111111111,Store,Wines,Low
2162,1976,Graduation,Married,56939.0,0,1,2013-09-18,19,256.0,34.0,103.0,90.0,29.0,49.0,2,3,3,10,3,0,0,0,0,0,0,3,11,0,2013,9,48,38,285,1,3,561.0,18,0,31.166666666666668,6,0.1111111111111111,Store,Wines,Medium
3434,1951,Graduation,Single,80872.0,0,0,2014-05-12,60,483.0,72.0,556.0,94.0,12.0,108.0,1,4,4,10,1,0,0,0,0,0,0,3,11,0,2014,5,73,63,49,0,1,1325.0,19,0,69.73684210526316,5,0.05263157894736842,Store,Meat,Medium
7919,1976,Phd,Married,72335.0,0,0,2012-08-13,2,1224.0,81.0,556.0,28.0,21.0,0.0,1,10,4,8,8,0,0,0,0,0,0,3,11,1,2012,8,48,38,686,0,2,1910.0,23,1,83.04347826086956,18,0.043478260869565216,Web,Wines,High
5626,1964,Phd,Single,61798.0,0,0,2013-11-23,13,338.0,4.0,89.0,11.0,8.0,13.0,1,4,2,9,4,0,0,0,0,0,0,3,11,0,2013,11,60,50,219,0,1,463.0,16,0,28.9375,8,0.0625,Store,Wines,Medium
6428,1950,Phd,Widow,76842.0,0,0,2014-05-03,37,605.0,10.0,345.0,84.0,54.0,32.0,1,1,8,7,0,0,0,0,0,0,0,3,11,0,2014,5,74,64,58,0,1,1130.0,17,0,66.47058823529412,1,0.058823529411764705,Catalog,Wines,Medium
8514,1976,Graduation,Married,29478.0,1,0,2014-01-17,59,8.0,0.0,7.0,3.0,1.0,1.0,1,1,0,3,6,0,0,0,0,0,0,3,11,0,2014,1,48,38,164,1,3,20.0,5,0,4.0,7,0.2,Store,Wines,Low
10448,1956,Graduation,Single,46998.0,0,1,2012-10-22,55,172.0,41.0,86.0,45.0,6.0,27.0,5,5,3,5,7,1,0,0,0,0,0,3,11,0,2012,10,68,58,616,1,2,377.0,18,1,20.944444444444443,12,0.2777777777777778,Web,Wines,Medium
2109,1990,Graduation,Single,96843.0,0,0,2013-04-23,60,448.0,71.0,556.0,40.0,17.0,17.0,1,6,11,10,2,0,0,1,0,0,0,3,11,1,2013,4,34,24,433,0,1,1149.0,28,2,41.035714285714285,8,0.03571428571428571,Catalog,Meat,High
7530,1950,Phd,Widow,56551.0,1,1,2014-05-07,48,67.0,4.0,32.0,17.0,2.0,16.0,3,2,1,4,4,0,0,0,0,0,0,3,11,0,2014,5,74,64,54,2,3,138.0,10,0,13.8,6,0.3,Store,Wines,Medium
8925,1965,Master,Married,70053.0,0,1,2013-07-03,38,512.0,53.0,98.0,81.0,81.0,89.0,3,8,5,10,5,0,0,0,0,0,0,3,11,0,2013,7,59,49,362,1,3,914.0,26,0,35.15384615384615,13,0.11538461538461539,Store,Wines,High
3009,1962,Phd,Widow,71670.0,0,0,2013-07-09,8,1224.0,16.0,128.0,0.0,0.0,126.5,1,5,3,6,6,0,1,1,0,1,0,3,11,1,2013,7,62,52,356,0,1,1494.5,15,4,99.63333333333334,11,0.06666666666666667,Store,Wines,Medium
6355,1978,Graduation,Married,44359.0,1,1,2014-06-17,19,20.0,0.0,14.0,7.0,3.0,1.0,3,2,0,4,3,0,0,0,0,0,0,3,11,0,2014,6,46,36,13,2,4,45.0,9,0,5.0,5,0.3333333333333333,Store,Wines,Low
3517,1952,Graduation,Single,40887.0,1,1,2013-05-06,32,50.0,4.0,44.0,10.0,10.0,43.0,3,3,1,3,9,0,0,0,0,0,0,3,11,1,2013,5,72,62,420,2,3,161.0,10,1,16.1,12,0.3,Web,Wines,Medium
1158,1966,Graduation,Divorced,48877.0,0,1,2014-01-05,27,102.0,1.0,15.0,2.0,0.0,24.0,1,3,0,4,7,0,0,0,0,0,0,3,11,0,2014,1,58,48,176,1,2,144.0,8,0,18.0,10,0.125,Store,Wines,Low
6203,1947,Graduation,Married,74485.0,0,0,2013-08-24,58,499.0,81.0,556.0,120.5,49.0,49.0,1,6,7,12,3,0,0,0,0,0,0,3,11,0,2013,8,77,67,310,0,2,1354.5,26,0,52.09615384615385,9,0.038461538461538464,Store,Meat,High
7165,1972,Graduation,Married,64474.0,0,1,2013-10-22,59,381.0,35.0,172.0,56.0,81.0,93.0,2,8,2,10,5,0,0,0,0,0,0,3,11,0,2013,10,52,42,251,1,3,818.0,22,0,37.18181818181818,13,0.09090909090909091,Store,Wines,High
3595,1963,Graduation,Married,77226.0,0,1,2014-02-28,29,631.0,43.0,239.0,120.5,76.0,21.0,2,6,8,12,3,0,0,0,0,0,0,3,11,0,2014,2,61,51,122,1,3,1130.5,28,0,40.375,9,0.07142857142857142,Store,Wines,High
8537,1949,Graduation,Widow,72643.0,0,0,2013-02-27,60,526.0,80.0,553.0,120.5,81.0,53.0,1,3,10,7,2,0,0,0,1,0,0,3,11,1,2013,2,75,65,488,0,1,1413.5,21,2,67.30952380952381,5,0.047619047619047616,Catalog,Meat,High
4331,1978,Master,Married,85738.0,0,0,2014-01-23,41,913.0,26.0,376.0,17.0,26.0,13.0,1,3,6,11,1,0,1,1,0,0,0,3,11,0,2014,1,46,36,158,0,2,1371.0,21,2,65.28571428571429,4,0.047619047619047616,Store,Wines,High
6281,1966,Graduation,Divorced,55686.0,0,1,2013-02-14,27,673.0,0.0,199.0,37.0,47.0,26.0,2,6,3,5,4,1,0,0,0,0,0,3,11,0,2013,2,58,48,501,1,2,982.0,16,1,61.375,10,0.125,Web,Wines,Medium
4338,1983,Graduation,Single,39062.0,1,0,2014-03-25,28,23.0,0.0,9.0,0.0,0.0,12.0,1,1,0,3,4,1,0,0,0,0,0,3,11,0,2014,3,41,31,97,1,2,44.0,5,1,8.8,5,0.2,Store,Wines,Low
2452,1971,Graduation,Married,34600.0,1,1,2013-01-01,8,199.0,33.0,60.0,8.0,3.0,15.0,5,5,2,5,8,0,0,0,0,0,0,3,11,1,2013,1,53,43,545,2,4,318.0,17,1,18.705882352941178,13,0.29411764705882354,Web,Wines,Medium
9507,1975,Graduation,Married,40794.0,0,1,2013-04-07,18,261.0,23.0,73.0,4.0,23.0,50.0,2,6,3,5,7,0,0,0,0,0,0,3,11,0,2013,4,49,39,449,1,3,434.0,16,0,27.125,13,0.125,Web,Wines,Medium
8360,1971,2N Cycle,Married,54690.0,1,1,2013-11-07,76,111.0,16.0,37.0,7.0,9.0,18.0,3,3,1,5,3,0,0,0,0,0,0,3,11,0,2013,11,53,43,235,2,4,198.0,12,0,16.5,6,0.25,Store,Wines,Medium
10311,1969,Graduation,Married,4428.0,0,1,2013-10-05,0,16.0,4.0,12.0,2.0,4.0,126.5,0,25,0,0,1,0,0,0,0,0,0,3,11,0,2013,10,55,45,268,1,3,164.5,25,0,6.58,26,0.0,Web,Gold,High
5117,1963,2N Cycle,Married,32632.0,0,0,2012-08-02,32,63.0,81.0,137.0,120.5,19.0,53.0,2,4,4,8,5,0,0,0,0,0,0,3,11,0,2012,8,61,51,697,0,2,473.5,18,0,26.305555555555557,9,0.1111111111111111,Store,Meat,Medium
4867,1968,Phd,Single,38236.0,1,1,2013-09-20,2,58.0,0.0,18.0,2.0,0.0,10.0,4,3,0,4,7,0,0,0,0,0,0,3,11,0,2013,9,56,46,283,2,3,88.0,11,0,8.0,10,0.36363636363636365,Store,Wines,Medium
9289,1979,Graduation,Married,36781.0,1,0,2014-04-10,16,29.0,1.0,17.0,0.0,3.0,13.0,1,2,1,2,8,0,0,0,0,0,0,3,11,1,2014,4,45,35,81,1,3,63.0,6,1,10.5,10,0.16666666666666666,Web,Wines,Low
10913,1984,Master,Single,31385.0,1,0,2012-12-05,56,3.0,2.0,12.0,0.0,1.0,9.0,1,1,0,2,8,1,0,0,0,0,0,3,11,1,2012,12,40,30,572,1,2,27.0,4,2,6.75,9,0.25,Store,Meat,Low
3032,1984,Graduation,Married,24570.0,1,0,2013-02-27,97,28.0,34.0,62.0,11.0,14.0,44.0,3,4,0,4,9,0,0,0,0,0,0,3,11,0,2013,2,40,30,488,1,3,193.0,11,0,17.545454545454547,13,0.2727272727272727,Web,Meat,Medium
8524,1974,Phd,Divorced,25509.0,1,0,2012-09-18,15,40.0,3.0,30.0,10.0,7.0,11.0,3,3,0,3,9,0,0,0,0,0,0,3,11,1,2012,9,50,40,650,1,2,101.0,9,1,11.222222222222221,12,0.3333333333333333,Web,Wines,Low
3334,1951,Graduation,Married,94642.0,0,0,2014-02-12,35,879.0,81.0,556.0,106.0,81.0,126.5,0,5,7,9,1,0,0,1,1,0,0,3,11,0,2014,2,73,63,138,0,2,1829.5,21,2,87.11904761904762,6,0.0,Store,Wines,High
4470,1962,Master,Married,58646.0,0,1,2013-06-10,3,62.0,1.0,44.0,6.0,5.0,22.0,1,2,1,4,4,0,0,0,0,0,0,3,11,0,2013,6,62,52,385,1,3,140.0,8,0,17.5,6,0.125,Store,Wines,Low
1406,1975,Graduation,Single,53201.0,1,1,2013-02-12,49,280.0,7.0,81.0,20.0,0.0,27.0,8,6,3,5,7,0,0,0,0,0,0,3,11,0,2013,2,49,39,503,2,3,415.0,22,0,18.863636363636363,13,0.36363636363636365,Web,Wines,High
8619,1957,Graduation,Married,21994.0,0,1,2012-12-24,4,9.0,0.0,6.0,3.0,1.0,3.0,1,0,0,3,5,0,0,0,0,0,0,3,11,0,2012,12,67,57,553,1,3,22.0,4,0,5.5,5,0.25,Store,Wines,Low
10821,1978,Graduation,Married,57113.0,1,1,2013-02-06,45,182.0,4.0,33.0,0.0,2.0,42.0,6,4,1,5,7,0,0,0,0,0,0,3,11,0,2013,2,46,36,509,2,4,263.0,16,0,16.4375,11,0.375,Store,Wines,Medium
4552,1991,Graduation,Married,51373.0,0,0,2013-06-22,37,83.0,2.0,101.0,64.0,26.0,117.0,1,3,5,3,4,0,0,0,0,0,0,3,11,0,2013,6,33,23,373,0,2,393.0,12,0,32.75,7,0.08333333333333333,Catalog,Gold,Medium
898,1986,Graduation,Married,23477.0,1,0,2013-10-21,39,38.0,15.0,54.0,3.0,8.0,29.0,3,3,0,4,8,0,0,0,0,0,0,3,11,0,2013,10,38,28,252,1,3,147.0,10,0,14.7,11,0.3,Store,Meat,Medium
9797,1956,Graduation,Married,58116.0,0,1,2014-04-13,38,228.0,19.0,130.0,4.0,11.0,51.0,2,3,3,8,2,0,0,0,0,0,0,3,11,0,2014,4,68,58,78,1,3,443.0,16,0,27.6875,5,0.125,Store,Wines,Medium
10949,1963,Phd,Divorced,72968.0,0,0,2013-12-16,8,1092.0,37.0,556.0,120.5,37.0,55.0,1,5,5,8,3,0,0,0,1,0,0,3,11,1,2013,12,61,51,196,0,1,1897.5,19,2,99.86842105263158,8,0.05263157894736842,Store,Wines,Medium
8212,1971,Master,Married,39791.0,0,1,2013-03-28,89,85.0,15.0,27.0,13.0,13.0,21.0,2,3,1,4,7,0,0,0,0,0,0,3,11,0,2013,3,53,43,459,1,3,174.0,10,0,17.4,10,0.2,Store,Wines,Medium
6248,1947,Master,Single,91712.0,0,0,2013-10-17,47,1224.0,24.0,556.0,94.0,29.0,48.0,0,9,7,11,3,0,0,1,0,0,0,3,11,1,2013,10,77,67,256,0,1,1975.0,27,2,73.14814814814815,12,0.0,Store,Wines,High
10164,1958,Graduation,Single,94472.0,0,1,2014-04-03,75,1017.0,33.0,417.0,108.0,81.0,16.0,1,5,5,5,5,0,1,1,0,0,0,3,11,0,2014,4,66,56,88,1,2,1672.0,16,2,104.5,10,0.0625,Web,Wines,Medium
4547,1960,Graduation,Married,13672.0,1,1,2013-04-17,86,6.0,2.0,9.0,2.0,1.0,5.0,2,1,0,3,8,0,0,0,0,0,0,3,11,0,2013,4,64,54,439,2,4,25.0,6,0,4.166666666666667,9,0.3333333333333333,Store,Meat,Low
6815,1980,2N Cycle,Married,96547.0,0,0,2014-05-23,4,448.0,21.0,125.0,52.0,81.0,62.0,0,7,6,8,2,1,0,1,1,0,0,3,11,1,2014,5,44,34,38,0,2,789.0,21,4,37.57142857142857,9,0.0,Store,Wines,High
4122,1975,Graduation,Married,79205.0,0,0,2012-08-29,73,504.0,23.0,117.0,120.5,28.0,44.0,1,6,5,4,4,0,0,0,1,0,0,3,11,1,2012,8,49,39,670,0,2,836.5,16,2,52.28125,10,0.0625,Web,Wines,Medium
10841,1975,Phd,Married,56559.0,0,1,2012-12-25,46,226.0,22.0,133.0,41.0,31.0,31.0,3,4,3,8,4,0,0,0,0,0,0,3,11,0,2012,12,49,39,552,1,3,484.0,18,0,26.88888888888889,8,0.16666666666666666,Store,Wines,Medium
5370,1973,Phd,Married,32644.0,1,0,2013-01-16,38,239.0,3.0,141.0,0.0,7.0,23.0,4,7,1,6,8,1,0,0,0,0,0,3,11,0,2013,1,51,41,530,1,3,413.0,18,1,22.944444444444443,15,0.2222222222222222,Web,Wines,Medium
176,1980,2N Cycle,Single,67506.0,0,1,2014-01-02,73,90.0,38.0,67.0,33.0,36.0,67.0,1,4,1,6,3,0,0,0,0,0,0,3,11,0,2014,1,44,34,179,1,2,331.0,12,0,27.583333333333332,7,0.08333333333333333,Store,Wines,Medium
4860,1970,Graduation,Single,24206.0,1,0,2013-03-08,66,7.0,2.0,8.0,3.0,2.0,3.0,1,1,0,3,6,0,0,0,0,0,0,3,11,0,2013,3,54,44,479,1,2,25.0,5,0,5.0,7,0.2,Store,Meat,Low
10757,1967,Phd,Divorced,28420.0,1,0,2013-12-24,36,4.0,2.0,5.0,2.0,0.0,0.0,1,1,0,2,6,0,0,0,0,0,0,3,11,0,2013,12,57,47,188,1,2,13.0,4,0,3.25,7,0.25,Store,Meat,Low
4023,1970,Graduation,Married,22979.0,1,0,2012-09-06,29,16.0,17.0,19.0,20.0,21.0,22.0,3,3,2,2,8,0,0,0,0,0,0,3,11,1,2012,9,54,44,662,1,3,115.0,10,1,11.5,11,0.3,Web,Gold,Medium
6679,1966,Graduation,Single,33279.0,0,0,2014-06-12,29,10.0,3.0,3.0,0.0,0.0,0.0,1,0,0,3,3,0,0,0,0,0,0,3,11,0,2014,6,58,48,18,0,1,16.0,4,0,4.0,3,0.25,Store,Wines,Low
9923,1972,Master,Single,46423.0,1,1,2013-09-18,6,68.0,0.0,16.0,0.0,0.0,8.0,3,2,0,4,7,0,0,0,0,0,0,3,11,0,2013,9,52,42,285,2,3,92.0,9,0,10.222222222222221,9,0.3333333333333333,Store,Wines,Low
7181,1977,Graduation,Married,30368.0,0,1,2013-11-07,97,35.0,0.0,13.0,2.0,0.0,2.0,2,2,0,3,8,0,0,0,0,0,0,3,11,0,2013,11,47,37,235,1,3,52.0,7,0,7.428571428571429,10,0.2857142857142857,Store,Wines,Low
3599,1970,Graduation,Married,63684.0,0,1,2012-11-26,61,575.0,80.0,428.0,120.5,81.0,80.0,3,8,4,8,5,0,0,0,0,0,0,3,11,0,2012,11,54,44,581,1,3,1364.5,23,0,59.32608695652174,13,0.13043478260869565,Web,Wines,High
405,1964,Graduation,Divorced,41638.0,0,1,2013-02-13,68,315.0,0.0,31.0,4.0,0.0,91.0,4,5,5,3,8,1,0,0,0,0,0,3,11,0,2013,2,60,50,502,1,2,441.0,17,1,25.941176470588236,13,0.23529411764705882,Web,Wines,Medium
6870,1959,Phd,Divorced,68805.0,0,1,2013-09-17,73,182.0,2.0,49.0,17.0,13.0,20.0,1,3,1,7,2,0,0,0,0,0,0,3,11,0,2013,9,65,55,286,1,2,283.0,12,0,23.583333333333332,5,0.08333333333333333,Store,Wines,Medium
832,1966,Phd,Married,65814.0,0,1,2014-03-02,90,561.0,14.0,113.0,10.0,14.0,35.0,3,8,2,10,5,0,0,0,0,0,0,3,11,0,2014,3,58,48,120,1,3,747.0,23,0,32.47826086956522,13,0.13043478260869565,Store,Wines,High
2002,1958,Graduation,Divorced,71964.0,0,0,2013-05-20,81,587.0,51.0,556.0,120.5,34.0,86.0,1,5,6,5,3,0,0,0,0,0,0,3,11,0,2013,5,66,56,406,0,1,1434.5,17,0,84.38235294117646,8,0.058823529411764705,Catalog,Wines,Medium
3657,1986,Graduation,Single,39146.0,1,0,2013-02-14,1,94.0,1.0,33.0,13.0,12.0,12.0,3,4,0,4,8,0,0,0,0,0,0,3,11,0,2013,2,38,28,501,1,2,165.0,11,0,15.0,12,0.2727272727272727,Web,Wines,Medium
500,1977,Graduation,Married,96876.0,0,0,2013-08-06,79,908.0,43.0,556.0,40.0,81.0,21.0,1,7,7,9,2,0,1,1,1,0,0,3,11,1,2013,8,47,37,328,0,2,1649.0,24,4,68.70833333333333,9,0.041666666666666664,Store,Wines,High
1951,1981,Undergraduate,Married,34445.0,0,0,2013-01-27,92,228.0,81.0,122.0,120.5,81.0,30.0,6,11,2,8,9,0,0,0,0,0,0,3,11,0,2013,1,43,33,519,0,2,662.5,27,0,24.537037037037038,20,0.2222222222222222,Web,Wines,High
3262,1958,Graduation,Single,68281.0,0,0,2012-08-07,31,995.0,81.0,417.0,42.0,48.0,41.0,1,2,9,13,5,0,0,0,0,0,0,3,11,1,2012,8,66,56,692,0,1,1624.0,25,1,64.96,7,0.04,Store,Wines,High
4102,1975,2N Cycle,Married,37284.0,1,1,2013-03-29,46,11.0,1.0,2.0,2.0,1.0,6.0,1,0,0,3,6,0,0,0,0,0,0,3,11,0,2013,3,49,39,458,2,4,23.0,4,0,5.75,6,0.25,Store,Wines,Low
7042,1983,Graduation,Married,36790.0,0,0,2013-03-01,14,3.0,3.0,14.0,15.0,21.0,10.0,1,2,1,2,9,0,0,0,0,0,0,3,11,1,2013,3,41,31,486,0,2,66.0,6,1,11.0,11,0.16666666666666666,Web,Sweets,Low
10598,1967,Graduation,Married,27943.0,1,1,2013-04-15,89,12.0,1.0,16.0,4.0,1.0,3.0,3,2,0,3,8,0,0,0,0,0,0,3,11,0,2013,4,57,47,441,2,4,37.0,8,0,4.625,10,0.375,Store,Meat,Low
255,1951,Graduation,Divorced,22263.0,1,1,2014-03-30,31,17.0,0.0,2.0,0.0,0.0,2.0,2,1,0,3,6,0,0,0,0,0,1,3,11,0,2014,3,73,63,92,2,3,21.0,6,0,3.5,7,0.3333333333333333,Store,Wines,Low
2375,1972,Graduation,Married,30261.0,1,2,2012-09-25,75,8.0,0.0,5.0,0.0,3.0,6.0,1,0,0,3,8,0,0,0,0,0,0,3,11,0,2012,9,52,42,643,3,5,22.0,4,0,5.5,8,0.25,Store,Wines,Low
9829,1978,Graduation,Married,28587.0,1,0,2014-02-12,42,22.0,4.0,17.0,12.0,10.0,13.0,3,2,0,4,6,0,0,0,0,0,0,3,11,0,2014,2,46,36,138,1,3,78.0,9,0,8.666666666666666,8,0.3333333333333333,Store,Wines,Low
6214,1982,Master,Married,43815.0,1,0,2013-04-05,53,14.0,10.0,29.0,4.0,7.0,15.0,1,2,0,3,6,0,0,0,0,0,0,3,11,0,2013,4,42,32,451,1,3,79.0,6,0,13.166666666666666,8,0.16666666666666666,Store,Meat,Low
4954,1956,Graduation,Married,48195.0,1,1,2014-01-21,53,106.0,27.0,68.0,52.0,7.0,5.0,6,4,2,5,6,0,0,0,0,0,0,3,11,0,2014,1,68,58,160,2,4,265.0,17,0,15.588235294117647,10,0.35294117647058826,Store,Wines,Medium
7861,1952,Master,Married,77027.0,0,1,2014-02-05,23,820.0,57.0,242.0,45.0,0.0,11.0,2,8,3,6,4,0,0,0,0,0,0,3,11,0,2014,2,72,62,145,1,3,1175.0,19,0,61.8421052631579,12,0.10526315789473684,Web,Wines,Medium
4837,1965,Phd,Married,71322.0,0,1,2013-02-16,57,753.0,43.0,226.0,69.0,10.0,126.5,2,8,5,13,4,0,0,0,0,0,0,3,11,0,2013,2,59,49,499,1,3,1227.5,28,0,43.839285714285715,12,0.07142857142857142,Store,Wines,High
9423,1979,Master,Married,32765.0,1,0,2014-02-23,49,13.0,3.0,17.0,7.0,3.0,3.0,2,2,0,4,5,0,0,0,0,0,0,3,11,0,2014,2,45,35,127,1,3,46.0,8,0,5.75,7,0.25,Store,Meat,Low
4198,1965,Graduation,Married,29672.0,1,1,2013-03-12,6,9.0,1.0,3.0,0.0,4.0,8.0,1,0,0,3,6,0,0,0,0,0,0,3,11,0,2013,3,59,49,475,2,4,25.0,4,0,6.25,6,0.25,Store,Wines,Low
153,1953,Graduation,Divorced,23272.0,0,0,2013-10-17,29,19.0,3.0,6.0,4.0,2.0,12.0,1,1,0,3,4,0,0,0,0,0,0,3,11,0,2013,10,71,61,256,0,1,46.0,5,0,9.2,5,0.2,Store,Wines,Low
9323,1949,Master,Married,49912.0,0,1,2012-09-07,5,520.0,8.0,223.0,32.0,49.0,42.0,4,10,5,7,8,1,0,0,0,0,0,3,11,1,2012,9,75,65,661,1,3,874.0,26,2,33.61538461538461,18,0.15384615384615385,Web,Wines,High
10001,1985,2N Cycle,Married,7500.0,1,0,2012-08-01,98,5.0,17.0,17.0,13.0,14.0,34.0,4,2,1,3,9,0,0,0,0,0,0,3,11,0,2012,8,39,29,698,1,3,100.0,10,0,10.0,11,0.4,Store,Gold,Medium
3945,1947,Phd,Widow,68117.0,0,1,2013-03-10,80,618.0,44.0,215.0,0.0,17.0,36.0,2,11,8,4,6,1,0,0,0,0,0,3,11,1,2013,3,77,67,477,1,2,930.0,25,2,37.2,17,0.08,Web,Wines,High
3799,1955,Graduation,Married,67225.0,0,1,2013-11-26,4,315.0,35.0,322.0,46.0,7.0,126.5,3,7,2,11,5,0,0,0,0,0,0,3,11,0,2013,11,69,59,216,1,3,851.5,23,0,37.02173913043478,12,0.13043478260869565,Store,Meat,High
8625,1976,Graduation,Married,17649.0,1,0,2013-11-12,70,15.0,1.0,23.0,0.0,5.0,1.0,3,3,0,3,8,0,0,0,0,0,0,3,11,0,2013,11,48,38,230,1,3,45.0,9,0,5.0,11,0.3333333333333333,Web,Meat,Low
3491,1975,Graduation,Married,55914.0,0,1,2013-04-29,32,384.0,60.0,364.0,119.0,81.0,126.5,4,11,6,8,7,0,0,0,0,0,0,3,11,0,2013,4,49,39,427,1,3,1134.5,29,0,39.12068965517241,18,0.13793103448275862,Web,Wines,High
983,1984,Graduation,Married,40059.0,1,0,2013-09-28,82,110.0,29.0,92.0,28.0,10.0,126.5,1,6,2,3,8,1,0,0,0,0,0,3,11,0,2013,9,40,30,275,1,3,395.5,12,1,32.958333333333336,14,0.08333333333333333,Web,Gold,Medium
9119,1950,Graduation,Married,60905.0,0,1,2013-12-05,27,208.0,17.0,76.0,36.0,17.0,38.0,2,3,3,7,2,0,0,0,0,0,0,3,11,0,2013,12,74,64,207,1,3,392.0,15,0,26.133333333333333,5,0.13333333333333333,Store,Wines,Medium
4786,1977,Graduation,Married,75330.0,1,1,2012-10-04,94,555.0,81.0,257.0,93.0,61.0,61.0,4,10,3,12,6,0,0,0,0,0,0,3,11,0,2012,10,47,37,634,2,4,1108.0,29,0,38.206896551724135,16,0.13793103448275862,Store,Wines,High
5872,1951,Graduation,Single,60689.0,0,1,2013-06-01,23,240.0,81.0,216.0,63.0,6.0,24.0,4,4,4,10,3,0,0,0,0,0,0,3,11,0,2013,6,73,63,394,1,2,630.0,22,0,28.636363636363637,7,0.18181818181818182,Store,Wines,High
6568,1984,Graduation,Married,38680.0,1,0,2013-03-28,97,11.0,0.0,36.0,15.0,5.0,12.0,1,2,0,3,7,0,0,0,0,0,0,3,11,0,2013,3,40,30,459,1,3,79.0,6,0,13.166666666666666,9,0.16666666666666666,Store,Meat,Low
5628,1982,Graduation,Married,61416.0,0,0,2013-02-08,25,848.0,81.0,323.0,120.5,61.0,78.0,1,10,3,10,6,1,0,0,0,0,0,3,11,0,2013,2,42,32,507,0,2,1511.5,24,1,62.979166666666664,16,0.041666666666666664,Web,Wines,High
5631,1991,Graduation,Single,49767.0,0,0,2013-05-02,92,202.0,47.0,197.0,55.0,42.0,126.5,1,5,4,8,4,0,0,0,0,0,0,3,11,0,2013,5,33,23,424,0,1,669.5,18,0,37.19444444444444,9,0.05555555555555555,Store,Wines,Medium
4974,1970,Graduation,Single,83273.0,1,2,2012-09-25,98,433.0,81.0,556.0,16.0,81.0,102.0,10,4,6,9,7,0,0,0,0,0,0,3,11,0,2012,9,54,44,643,3,4,1269.0,29,0,43.758620689655174,11,0.3448275862068966,Store,Meat,High
8416,1981,Graduation,Married,29009.0,1,0,2013-11-29,19,6.0,6.0,15.0,10.0,5.0,2.0,2,2,0,3,6,0,0,0,0,0,0,3,11,0,2013,11,43,33,213,1,3,44.0,7,0,6.285714285714286,8,0.2857142857142857,Store,Meat,Low
5454,1979,Master,Married,45057.0,1,0,2013-12-01,80,37.0,0.0,7.0,3.0,0.0,3.0,1,2,0,3,5,0,0,0,0,0,0,3,11,0,2013,12,45,35,211,1,3,50.0,6,0,8.333333333333334,7,0.16666666666666666,Store,Wines,Low
4095,1971,Graduation,Married,37150.0,1,0,2012-09-11,80,167.0,37.0,64.0,49.0,34.0,116.0,8,4,3,6,7,0,0,0,0,0,0,3,11,0,2012,9,53,43,657,1,3,467.0,21,0,22.238095238095237,11,0.38095238095238093,Store,Wines,High
5474,1970,Graduation,Single,43020.0,1,0,2013-11-30,79,45.0,7.0,99.0,4.0,25.0,43.0,3,4,1,4,6,0,0,0,0,0,0,3,11,0,2013,11,54,44,212,1,2,223.0,12,0,18.583333333333332,10,0.25,Web,Meat,Medium
4268,1959,Graduation,Married,53154.0,0,1,2014-06-09,50,129.0,0.0,21.0,0.0,1.0,7.0,1,3,1,4,4,0,0,0,0,0,0,3,11,0,2014,6,65,55,21,1,3,158.0,9,0,17.555555555555557,7,0.1111111111111111,Store,Wines,Low
10701,1973,Graduation,Married,65308.0,0,0,2013-09-11,60,713.0,0.0,264.0,120.0,80.0,34.0,1,7,8,12,4,0,0,1,1,0,0,3,11,0,2013,9,51,41,292,0,2,1211.0,28,2,43.25,11,0.03571428571428571,Store,Wines,High
3507,1970,Graduation,Single,76467.0,1,0,2012-08-17,44,676.0,81.0,426.0,120.5,44.0,58.0,2,2,5,5,6,0,0,0,0,0,0,3,11,1,2012,8,54,44,682,1,2,1405.5,14,1,100.39285714285714,8,0.14285714285714285,Catalog,Wines,Medium
2079,1947,2N Cycle,Married,81044.0,0,0,2013-12-27,0,450.0,26.0,535.0,73.0,81.0,26.0,1,5,6,10,1,0,0,0,0,0,0,3,11,0,2013,12,77,67,185,0,2,1191.0,22,0,54.13636363636363,6,0.045454545454545456,Store,Meat,High
626,1951,Graduation,Married,32871.0,1,1,2013-03-09,28,22.0,2.0,12.0,0.0,2.0,5.0,1,1,0,3,4,0,0,0,0,0,0,3,11,0,2013,3,73,63,478,2,4,43.0,5,0,8.6,5,0.2,Store,Wines,Low
4426,1975,Graduation,Single,55801.0,1,1,2013-09-22,35,367.0,4.0,51.0,6.0,4.0,95.0,6,7,2,6,7,0,0,0,1,0,0,3,11,0,2013,9,49,39,281,2,3,527.0,21,1,25.095238095238095,14,0.2857142857142857,Web,Wines,High
2591,1959,Graduation,Widow,76320.0,0,1,2014-06-22,49,526.0,35.0,214.0,69.0,53.0,35.0,2,6,3,4,2,0,0,0,0,0,0,3,11,0,2014,6,65,55,8,1,2,932.0,15,0,62.13333333333333,8,0.13333333333333333,Web,Wines,Medium
10509,1955,Master,Single,36927.0,1,1,2014-06-02,46,51.0,0.0,16.0,0.0,0.0,4.0,2,3,0,3,8,0,0,0,0,0,0,3,11,0,2014,6,69,59,28,2,3,71.0,8,0,8.875,11,0.25,Web,Wines,Low
6382,1953,Graduation,Married,48794.0,1,1,2014-06-26,97,25.0,0.0,11.0,3.0,0.0,15.0,1,1,0,3,4,0,0,0,0,0,0,3,11,0,2014,6,71,61,4,2,4,54.0,5,0,10.8,5,0.2,Store,Wines,Low
6673,1965,Graduation,Single,23478.0,0,0,2013-03-19,51,28.0,6.0,27.0,12.0,17.0,39.0,1,3,0,3,8,0,0,0,0,0,0,3,11,0,2013,3,59,49,468,0,1,129.0,7,0,18.428571428571427,11,0.14285714285714285,Web,Gold,Low
7441,1973,Graduation,Divorced,71128.0,1,0,2012-10-06,80,958.0,81.0,447.0,20.0,0.0,31.0,3,2,10,12,7,0,0,0,0,0,0,3,11,0,2012,10,51,41,632,1,2,1537.0,27,0,56.925925925925924,9,0.1111111111111111,Store,Wines,High
1071,1976,Phd,Divorced,70179.0,0,1,2013-07-21,10,532.0,81.0,168.0,69.0,44.0,126.5,3,7,3,13,5,0,0,0,0,0,0,3,11,0,2013,7,48,38,344,1,2,1020.5,26,0,39.25,12,0.11538461538461539,Store,Wines,High
10061,1950,Graduation,Married,59462.0,0,1,2013-01-05,29,724.0,17.0,143.0,0.0,8.0,126.5,2,9,2,12,7,0,0,0,0,0,0,3,11,0,2013,1,74,64,541,1,3,1018.5,25,0,40.74,16,0.08,Store,Wines,High
7187,1969,Master,Married,51381.5,1,1,2013-05-18,52,375.0,42.0,48.0,94.0,66.0,96.0,7,4,10,4,3,0,0,0,0,0,0,3,11,0,2013,5,55,45,408,2,4,721.0,25,0,28.84,7,0.28,Catalog,Wines,High
8775,1969,Graduation,Married,38361.0,1,0,2013-12-27,74,39.0,0.0,56.0,20.0,8.0,14.0,3,3,1,3,7,0,0,0,0,0,0,3,11,0,2013,12,55,45,185,1,3,137.0,10,0,13.7,10,0.3,Web,Meat,Medium
1612,1981,Phd,Single,51381.5,1,0,2013-05-31,82,23.0,0.0,15.0,0.0,2.0,7.0,2,3,0,3,6,0,0,0,0,0,0,3,11,0,2013,5,43,33,395,1,2,47.0,8,0,5.875,9,0.25,Web,Wines,Low
2345,1982,Phd,Married,70038.0,0,0,2013-10-25,54,587.0,54.0,348.0,71.0,54.0,126.5,1,4,4,8,2,0,0,0,0,0,0,3,11,0,2013,10,42,32,248,0,2,1240.5,17,0,72.97058823529412,6,0.058823529411764705,Store,Wines,Medium
322,1978,Graduation,Married,42554.0,1,1,2013-01-12,93,29.0,1.0,11.0,0.0,0.0,0.0,2,2,0,3,4,0,0,0,0,0,0,3,11,0,2013,1,46,36,534,2,4,41.0,7,0,5.857142857142857,6,0.2857142857142857,Store,Wines,Low
10897,1974,Graduation,Married,67445.0,0,1,2012-08-12,63,757.0,80.0,217.0,29.0,80.0,11.0,5,9,6,12,6,0,0,0,0,0,0,3,11,0,2012,8,50,40,687,1,3,1174.0,32,0,36.6875,15,0.15625,Store,Wines,High
123,1951,Graduation,Widow,67046.0,0,1,2013-01-06,92,544.0,35.0,133.0,23.0,81.0,107.0,2,4,5,4,2,0,0,0,0,0,0,3,11,0,2013,1,73,63,540,1,2,923.0,15,0,61.53333333333333,6,0.13333333333333333,Catalog,Wines,Medium
6103,1948,Graduation,Married,42192.0,0,0,2013-09-06,40,40.0,15.0,15.0,17.0,6.0,7.0,1,2,1,3,4,0,0,0,0,0,0,3,11,0,2013,9,76,66,297,0,2,100.0,7,0,14.285714285714286,6,0.14285714285714285,Store,Wines,Low
7899,1952,Phd,Married,77610.0,0,1,2012-10-29,70,1224.0,33.0,332.0,21.0,33.0,16.0,2,4,7,4,7,0,0,0,0,0,0,3,11,0,2012,10,72,62,609,1,3,1659.0,17,0,97.58823529411765,11,0.11764705882352941,Catalog,Wines,Medium
10500,1984,Graduation,Married,31761.0,1,0,2014-04-05,96,19.0,1.0,20.0,16.0,14.0,28.0,2,3,0,4,5,0,0,0,0,0,0,3,11,0,2014,4,40,30,86,1,3,98.0,9,0,10.88888888888889,8,0.2222222222222222,Store,Gold,Low
1655,1979,Graduation,Married,34350.0,1,0,2013-10-19,81,16.0,3.0,15.0,2.0,1.0,11.0,1,1,0,3,7,0,0,0,0,0,0,3,11,0,2013,10,45,35,254,1,3,48.0,5,0,9.6,8,0.2,Store,Wines,Low
2406,1949,Graduation,Married,54591.0,0,1,2013-08-05,63,376.0,4.0,94.0,12.0,9.0,24.0,3,6,2,8,5,0,0,0,0,0,0,3,11,0,2013,8,75,65,329,1,3,519.0,19,0,27.31578947368421,11,0.15789473684210525,Store,Wines,Medium
2712,1956,Graduation,Married,71866.0,0,1,2013-12-25,85,184.0,81.0,178.0,103.0,39.0,33.0,1,6,3,10,3,0,0,0,0,0,0,3,11,0,2013,12,68,58,187,1,3,618.0,20,0,30.9,9,0.05,Store,Wines,High
5517,1969,Graduation,Married,25293.0,1,0,2013-09-15,51,15.0,0.0,11.0,0.0,2.0,9.0,1,1,1,2,8,0,0,0,0,0,0,3,11,0,2013,9,55,45,288,1,3,37.0,5,0,7.4,9,0.2,Store,Wines,Low
10643,1987,Phd,Single,42000.0,0,0,2013-01-10,23,124.0,81.0,267.0,85.0,59.0,35.0,2,5,2,11,5,0,0,0,0,0,0,3,11,1,2013,1,37,27,536,0,1,651.0,20,1,32.55,10,0.1,Store,Meat,High
2254,1983,Graduation,Married,69520.0,0,0,2013-07-07,95,627.0,81.0,414.0,120.5,80.0,93.0,1,9,6,5,5,0,0,0,0,0,0,3,11,0,2013,7,41,31,358,0,2,1415.5,21,0,67.4047619047619,14,0.047619047619047616,Web,Wines,High
10281,1970,Graduation,Divorced,64713.0,1,0,2014-02-07,11,180.0,60.0,241.0,13.0,54.0,54.0,2,5,5,7,4,0,0,0,0,0,0,3,11,1,2014,2,54,44,143,1,2,602.0,19,1,31.68421052631579,9,0.10526315789473684,Store,Meat,Medium
6958,1977,Master,Married,27889.0,1,0,2013-07-05,42,14.0,0.0,4.0,0.0,0.0,8.0,1,1,1,2,6,0,0,0,0,0,0,3,11,0,2013,7,47,37,360,1,3,26.0,5,0,5.2,7,0.2,Store,Wines,Low
954,1960,Undergraduate,Widow,22123.0,0,0,2014-03-27,77,3.0,3.0,24.0,34.0,7.0,31.0,1,2,1,3,5,0,0,0,0,0,0,3,11,0,2014,3,64,54,95,0,1,102.0,7,0,14.571428571428571,7,0.14285714285714285,Store,Fish,Low
5079,1971,Graduation,Married,51381.5,1,1,2013-03-03,82,71.0,1.0,16.0,0.0,0.0,9.0,4,2,1,3,8,0,0,0,0,0,0,3,11,0,2013,3,53,43,484,2,4,97.0,10,0,9.7,10,0.4,Store,Wines,Medium
10339,1954,Master,Married,51381.5,0,1,2013-06-23,83,161.0,0.0,22.0,0.0,0.0,24.0,2,4,1,4,6,0,0,0,0,0,0,3,11,0,2013,6,70,60,372,1,3,207.0,11,0,18.818181818181817,10,0.18181818181818182,Web,Wines,Medium
4643,1973,Graduation,Married,27803.0,1,0,2012-08-26,40,8.0,26.0,46.0,38.0,9.0,49.0,2,3,0,4,8,0,0,0,0,0,0,3,11,0,2012,8,51,41,673,1,3,176.0,9,0,19.555555555555557,11,0.2222222222222222,Store,Gold,Low
3117,1955,Graduation,Single,51381.5,0,1,2013-10-18,95,264.0,0.0,21.0,12.0,6.0,126.5,3,6,1,5,7,0,0,0,0,0,0,3,11,0,2013,10,69,59,255,1,2,429.5,15,0,28.633333333333333,13,0.2,Web,Wines,Medium
6497,1960,Graduation,Married,51651.0,0,1,2012-11-07,32,293.0,6.0,23.0,13.0,6.0,92.0,4,6,2,5,8,0,0,0,0,0,0,3,11,0,2012,11,64,54,600,1,3,433.0,17,0,25.470588235294116,14,0.23529411764705882,Web,Wines,Medium
5396,1988,Graduation,Married,68487.0,0,0,2013-01-13,48,758.0,12.0,385.0,33.0,81.0,89.0,1,9,7,13,4,0,0,0,0,0,0,3,11,0,2013,1,36,26,533,0,2,1358.0,30,0,45.266666666666666,13,0.03333333333333333,Store,Wines,High
5250,1943,Master,Widow,51381.5,0,0,2013-10-30,75,532.0,81.0,490.0,120.5,81.0,126.0,1,5,5,11,1,0,0,1,0,0,0,3,11,1,2013,10,81,71,243,0,1,1430.5,22,2,65.02272727272727,6,0.045454545454545456,Store,Wines,High
1052,1969,Graduation,Married,56796.0,0,1,2013-02-16,24,656.0,38.0,161.0,62.0,47.0,37.0,3,8,9,7,7,0,0,0,0,0,0,3,11,0,2013,2,55,45,499,1,3,1001.0,27,0,37.074074074074076,15,0.1111111111111111,Catalog,Wines,High
2802,1992,2N Cycle,Married,87000.0,0,0,2012-12-15,61,196.0,25.0,556.0,67.0,17.0,49.0,1,4,6,7,2,0,0,0,0,0,0,3,11,0,2012,12,32,22,562,0,2,910.0,18,0,50.55555555555556,6,0.05555555555555555,Store,Meat,Medium
6343,1959,Graduation,Married,79823.0,0,1,2014-03-31,6,835.0,73.0,380.0,114.0,73.0,43.0,1,6,9,7,2,0,1,0,0,0,0,3,11,0,2014,3,65,55,91,1,3,1518.0,23,1,66.0,8,0.043478260869565216,Catalog,Wines,High
6507,1980,Graduation,Single,30828.0,1,0,2013-10-04,16,16.0,11.0,15.0,2.0,0.0,12.0,2,1,1,4,3,0,0,0,0,0,0,3,11,0,2013,10,44,34,269,1,2,56.0,8,0,7.0,4,0.25,Store,Wines,Low
7901,1971,Master,Married,34109.0,0,1,2013-11-06,39,9.0,1.0,5.0,2.0,1.0,4.0,1,0,0,3,4,0,0,0,0,0,0,3,11,0,2013,11,53,43,236,1,3,22.0,4,0,5.5,4,0.25,Store,Wines,Low
4865,1974,Master,Divorced,53367.0,1,1,2013-08-31,2,229.0,7.0,140.0,10.0,3.0,11.0,7,5,1,8,7,0,0,0,0,0,0,3,11,1,2013,8,50,40,303,2,3,400.0,21,1,19.047619047619047,12,0.3333333333333333,Store,Wines,High
2686,1969,Undergraduate,Married,22390.0,0,0,2013-10-21,49,0.0,1.0,4.0,15.0,1.0,5.0,1,1,0,2,7,0,0,0,0,0,0,3,11,0,2013,10,55,45,252,0,2,26.0,4,0,6.5,8,0.25,Store,Fish,Low
3107,1976,Graduation,Married,71322.0,0,1,2014-05-02,31,121.0,24.0,124.0,24.0,15.0,42.0,1,4,1,7,2,0,0,0,0,0,0,3,11,0,2014,5,48,38,59,1,3,350.0,13,0,26.923076923076923,6,0.07692307692307693,Store,Meat,Medium
7734,1993,Graduation,Single,79244.0,0,0,2012-12-19,58,471.0,81.0,125.0,120.5,61.0,126.5,1,4,10,7,1,0,0,1,1,0,0,3,11,1,2012,12,31,21,558,0,1,985.0,22,3,44.77272727272727,5,0.045454545454545456,Catalog,Wines,High
1146,1949,Master,Married,49912.0,0,1,2012-09-07,5,520.0,8.0,223.0,32.0,49.0,42.0,4,10,5,7,8,1,0,0,0,0,0,3,11,1,2012,9,75,65,661,1,3,874.0,26,2,33.61538461538461,18,0.15384615384615385,Web,Wines,High
11031,1950,Phd,Married,48699.0,1,1,2013-05-21,90,26.0,1.0,10.0,2.0,0.0,1.0,1,1,0,3,5,0,0,0,0,0,0,3,11,0,2013,5,74,64,405,2,4,40.0,5,0,8.0,6,0.2,Store,Wines,Low
7428,1975,Graduation,Married,80144.0,0,0,2013-09-30,47,240.0,81.0,445.0,120.5,81.0,108.0,1,3,7,8,1,0,0,0,0,0,0,3,11,0,2013,9,49,39,273,0,2,1075.5,19,0,56.60526315789474,4,0.05263157894736842,Store,Meat,Medium
975,1956,Graduation,Single,54252.0,1,1,2013-05-28,25,178.0,4.0,26.0,8.0,4.0,44.0,5,4,1,5,6,0,0,0,0,0,0,3,11,0,2013,5,68,58,398,2,3,264.0,15,0,17.6,10,0.3333333333333333,Store,Wines,Medium
1103,1976,Master,Married,81929.0,1,0,2012-09-29,60,1224.0,55.0,278.0,49.0,0.0,126.5,2,4,4,10,6,1,0,1,0,0,0,3,11,1,2012,9,48,38,639,1,3,1732.5,20,3,86.625,10,0.1,Store,Wines,High
3422,1975,Graduation,Married,76068.0,0,1,2012-11-29,67,1115.0,12.0,128.0,33.0,12.0,76.0,1,2,3,4,6,0,1,0,0,1,0,3,11,0,2012,11,49,39,578,1,3,1376.0,10,2,137.6,8,0.1,Store,Wines,Medium
1055,1976,Master,Married,53204.0,1,1,2014-03-20,40,29.0,0.0,8.0,2.0,0.0,6.0,1,1,0,3,4,0,0,0,0,0,0,3,11,0,2014,3,48,38,102,2,4,45.0,5,0,9.0,5,0.2,Store,Wines,Low
6544,1949,Phd,Married,67911.0,0,1,2014-05-22,63,529.0,0.0,356.0,63.0,28.0,0.0,3,6,7,11,3,0,0,0,0,0,0,3,11,0,2014,5,75,65,39,1,3,976.0,27,0,36.148148148148145,9,0.1111111111111111,Store,Wines,High
1241,1984,2N Cycle,Married,14796.0,1,0,2012-09-17,1,13.0,3.0,8.0,7.0,4.0,16.0,2,1,0,3,9,0,0,0,0,0,0,3,11,1,2012,9,40,30,651,1,3,51.0,6,1,8.5,10,0.3333333333333333,Store,Gold,Low
2909,1974,Phd,Married,78128.0,0,1,2014-02-19,89,934.0,24.0,230.0,16.0,24.0,36.0,2,8,4,6,3,0,1,1,0,0,0,3,11,0,2014,2,50,40,131,1,3,1264.0,20,2,63.2,11,0.1,Web,Wines,High
5802,1972,Undergraduate,Married,14188.0,0,0,2013-02-28,40,2.0,7.0,11.0,16.0,12.0,27.0,1,2,0,4,6,0,0,0,0,0,0,3,11,0,2013,2,52,42,487,0,2,75.0,7,0,10.714285714285714,8,0.14285714285714285,Store,Gold,Low
1407,1986,Undergraduate,Married,20425.0,1,0,2012-10-29,5,4.0,12.0,5.0,3.0,16.0,17.0,2,2,0,3,7,0,0,0,0,0,0,3,11,0,2012,10,38,28,609,1,3,57.0,7,0,8.142857142857142,9,0.2857142857142857,Store,Gold,Low
6183,1962,Master,Married,58646.0,0,1,2013-06-10,3,62.0,1.0,44.0,6.0,5.0,22.0,1,2,1,4,4,0,0,0,0,0,0,3,11,0,2013,6,62,52,385,1,3,140.0,8,0,17.5,6,0.125,Store,Wines,Low
340,1970,Graduation,Divorced,72967.0,0,1,2012-12-15,1,158.0,35.0,179.0,0.0,0.0,125.0,2,7,2,8,5,1,0,0,0,0,0,3,11,1,2012,12,54,44,562,1,2,497.0,19,2,26.157894736842106,12,0.10526315789473684,Store,Meat,Medium
5991,1949,Master,Married,48150.0,0,1,2013-06-08,24,173.0,2.0,39.0,3.0,2.0,47.0,3,5,1,4,7,0,0,0,0,0,0,3,11,0,2013,6,75,65,387,1,3,266.0,13,0,20.46153846153846,12,0.23076923076923078,Web,Wines,Medium
3104,1961,Graduation,Single,82332.0,0,0,2012-09-17,89,830.0,59.0,556.0,51.0,79.0,19.0,1,5,3,12,2,0,0,1,0,0,0,3,11,1,2012,9,63,53,651,0,1,1594.0,21,2,75.9047619047619,7,0.047619047619047616,Store,Wines,High
9729,1955,Graduation,Widow,58275.0,1,1,2013-06-02,48,189.0,10.0,253.0,56.0,43.0,64.0,6,8,2,7,7,0,0,0,0,0,0,3,11,0,2013,6,69,59,393,2,3,615.0,23,0,26.73913043478261,15,0.2608695652173913,Web,Meat,High
1008,1981,Phd,Married,44953.0,0,0,2012-12-21,31,728.0,17.0,133.0,11.0,8.0,124.0,1,7,3,13,6,1,0,0,0,0,0,3,11,0,2012,12,43,33,556,0,2,1021.0,24,1,42.541666666666664,13,0.041666666666666664,Store,Wines,High
11091,1953,Graduation,Married,34587.0,1,1,2014-05-16,68,7.0,2.0,9.0,2.0,0.0,2.0,2,1,0,3,4,0,0,0,0,0,0,3,11,0,2014,5,71,61,45,2,4,22.0,6,0,3.6666666666666665,5,0.3333333333333333,Store,Meat,Low
3969,1974,Master,Married,43018.0,0,1,2013-11-01,46,35.0,4.0,17.0,7.0,6.0,64.0,1,2,2,2,5,0,0,0,0,0,0,3,11,0,2013,11,50,40,241,1,3,133.0,7,0,19.0,7,0.14285714285714285,Web,Gold,Low
1916,1954,Master,Married,45736.0,0,1,2013-07-24,92,188.0,3.0,180.0,20.0,3.0,43.0,5,7,1,6,7,0,0,0,0,0,0,3,11,0,2013,7,70,60,341,1,3,437.0,19,0,23.0,14,0.2631578947368421,Web,Wines,Medium
9907,1969,Master,Married,66476.0,0,1,2013-12-04,80,742.0,28.0,152.0,25.0,9.0,57.0,2,6,8,10,4,0,0,0,0,0,0,3,11,0,2013,12,55,45,208,1,3,1013.0,26,0,38.96153846153846,10,0.07692307692307693,Store,Wines,High
87,1981,2N Cycle,Married,27733.0,1,0,2013-08-26,16,0.0,7.0,5.0,26.0,2.0,17.0,2,2,0,3,7,0,0,0,0,0,0,3,11,0,2013,8,43,33,308,1,3,57.0,7,0,8.142857142857142,9,0.2857142857142857,Store,Fish,Low
8659,1952,Phd,Married,69805.0,0,1,2014-01-21,50,750.0,71.0,174.0,13.0,10.0,20.0,2,6,8,11,2,0,0,0,0,0,0,3,11,0,2014,1,72,62,160,1,3,1038.0,27,0,38.44444444444444,8,0.07407407407407407,Store,Wines,High
6262,1962,Master,Single,72217.0,0,0,2013-04-10,93,816.0,42.0,450.0,55.0,56.0,126.5,1,3,10,8,2,0,0,0,0,0,0,3,11,0,2013,4,62,52,446,0,1,1545.5,22,0,70.25,5,0.045454545454545456,Catalog,Wines,High
6147,1971,Graduation,Divorced,25818.0,1,0,2012-10-18,51,5.0,2.0,8.0,2.0,2.0,9.0,1,0,1,2,7,0,0,0,0,0,0,3,11,0,2012,10,53,43,620,1,2,28.0,4,0,7.0,7,0.25,Store,Gold,Low
8832,1976,Master,Married,37509.0,1,0,2012-09-12,24,37.0,5.0,56.0,12.0,8.0,5.0,2,3,0,4,7,0,0,0,0,0,0,3,11,0,2012,9,48,38,656,1,3,123.0,9,0,13.666666666666666,10,0.2222222222222222,Store,Meat,Low
10067,1976,2N Cycle,Married,25176.0,1,1,2013-08-10,79,4.0,0.0,4.0,0.0,0.0,5.0,1,1,0,2,7,0,0,0,0,0,0,3,11,0,2013,8,48,38,324,2,4,13.0,4,0,3.25,8,0.25,Store,Gold,Low
7532,1980,Graduation,Married,43586.0,0,1,2012-08-30,26,99.0,2.0,11.0,4.0,0.0,16.0,3,3,0,4,8,0,0,0,0,0,0,3,11,0,2012,8,44,34,669,1,3,132.0,10,0,13.2,11,0.3,Store,Wines,Medium
4915,1956,2N Cycle,Married,53230.0,0,1,2012-08-03,86,176.0,72.0,98.0,120.5,21.0,126.5,4,5,2,12,5,0,0,0,0,0,0,3,11,0,2012,8,68,58,696,1,3,614.0,23,0,26.695652173913043,10,0.17391304347826086,Store,Wines,High
2115,1957,Graduation,Married,50116.0,1,1,2014-06-20,68,54.0,0.0,10.0,0.0,0.0,2.0,2,1,0,4,5,0,1,0,0,0,0,3,11,0,2014,6,67,57,10,2,4,66.0,7,1,9.428571428571429,6,0.2857142857142857,Store,Wines,Low
2088,1972,Graduation,Married,84906.0,0,0,2013-10-04,98,997.0,15.0,414.0,99.0,30.0,76.0,1,5,6,12,2,0,1,1,0,1,0,3,11,0,2013,10,52,42,269,0,2,1631.0,24,3,67.95833333333333,7,0.041666666666666664,Store,Wines,High
2493,1966,Graduation,Married,61286.0,0,1,2013-08-02,34,356.0,0.0,107.0,19.0,9.0,117.0,2,7,1,8,5,0,0,0,0,0,0,3,11,0,2013,8,58,48,332,1,3,608.0,18,0,33.77777777777778,12,0.1111111111111111,Store,Wines,Medium
6292,1986,Phd,Married,82333.0,0,0,2013-03-30,60,1224.0,0.0,359.0,46.0,81.0,17.0,1,4,3,10,2,0,0,1,0,0,0,3,11,1,2013,3,38,28,457,0,2,1727.0,18,2,95.94444444444444,6,0.05555555555555555,Store,Wines,Medium
1631,1965,Phd,Married,65220.0,0,0,2012-09-03,3,890.0,63.0,292.0,0.0,25.0,12.0,4,8,4,7,6,0,0,0,0,0,0,3,11,1,2012,9,59,49,665,0,2,1282.0,23,1,55.73913043478261,14,0.17391304347826086,Web,Wines,High
10104,1974,Graduation,Married,33590.0,2,1,2013-11-03,65,4.0,0.0,2.0,0.0,0.0,2.0,1,1,0,2,7,0,0,0,0,0,0,3,11,0,2013,11,50,40,239,3,5,8.0,4,0,2.0,8,0.25,Store,Wines,Low
3006,1976,Graduation,Divorced,30992.0,1,0,2013-04-22,83,17.0,0.0,14.0,7.0,3.0,2.0,1,1,0,3,7,0,0,0,0,0,0,3,11,0,2013,4,48,38,434,1,2,43.0,5,0,8.6,8,0.2,Store,Wines,Low
3919,1976,Master,Single,72309.0,0,0,2013-03-11,64,960.0,0.0,556.0,50.0,38.0,0.0,1,5,6,8,3,0,0,0,1,0,0,3,11,1,2013,3,48,38,476,0,1,1604.0,20,2,80.2,8,0.05,Store,Wines,High
11181,1949,Phd,Married,117418.0,0,0,2013-08-29,85,2.0,1.0,2.0,1.0,1.0,1.0,0,0,0,0,0,0,0,0,0,0,0,3,11,0,2013,8,75,65,305,0,2,8.0,0,0,0.0,0,0.0,Web,Wines,Low
642,1980,Undergraduate,Married,16005.0,1,0,2012-08-14,69,1.0,3.0,2.0,20.0,30.0,47.0,3,2,1,2,8,0,0,0,0,0,0,3,11,0,2012,8,44,34,685,1,3,103.0,8,0,12.875,10,0.375,Web,Gold,Low
4369,1957,Master,Single,65487.0,0,0,2014-01-10,48,240.0,67.0,500.0,120.5,0.0,126.5,3,3,5,6,2,0,0,0,0,0,0,3,11,0,2014,1,67,57,171,0,1,1054.0,17,0,62.0,5,0.17647058823529413,Store,Meat,Medium
10127,1965,Graduation,Married,58692.0,0,1,2014-04-06,21,301.0,11.0,61.0,4.0,7.0,11.0,1,8,2,4,7,0,0,0,0,0,0,3,11,0,2014,4,59,49,85,1,3,395.0,15,0,26.333333333333332,15,0.06666666666666667,Web,Wines,Medium
271,1969,Graduation,Widow,40590.0,1,1,2013-10-02,30,154.0,0.0,50.0,6.0,11.0,37.0,5,3,4,3,6,1,0,0,0,0,0,3,11,0,2013,10,55,45,271,2,3,258.0,15,1,17.2,9,0.3333333333333333,Catalog,Wines,Medium
4973,1970,Graduation,Single,20587.0,1,0,2014-05-11,39,2.0,3.0,6.0,4.0,1.0,9.0,1,1,1,2,7,0,0,0,0,0,0,3,11,0,2014,5,54,44,50,1,2,25.0,5,0,5.0,8,0.2,Store,Gold,Low
2948,1954,Master,Divorced,62637.0,0,1,2014-03-01,76,104.0,12.0,48.0,4.0,12.0,5.0,1,2,2,5,2,0,0,0,0,0,0,3,11,0,2014,3,70,60,121,1,2,185.0,10,0,18.5,4,0.1,Store,Wines,Medium
2715,1966,Master,Divorced,29435.0,1,1,2012-08-06,11,70.0,3.0,37.0,4.0,2.0,64.0,4,3,2,2,9,0,0,0,0,0,0,3,11,1,2012,8,58,48,693,2,3,180.0,11,1,16.363636363636363,12,0.36363636363636365,Web,Wines,Medium
10432,1974,Graduation,Divorced,19346.0,1,0,2014-01-30,26,2.0,0.0,9.0,3.0,6.0,2.0,1,1,0,3,8,0,0,0,0,0,0,3,11,0,2014,1,50,40,151,1,2,22.0,5,0,4.4,9,0.2,Store,Meat,Low
9216,1971,Graduation,Married,35788.0,1,1,2014-01-23,34,23.0,2.0,11.0,3.0,1.0,4.0,2,2,0,3,6,0,0,0,0,0,0,3,11,0,2014,1,53,43,158,2,4,44.0,7,0,6.285714285714286,8,0.2857142857142857,Store,Wines,Low
7124,1968,Graduation,Divorced,36997.0,1,1,2013-02-01,72,43.0,4.0,12.0,8.0,0.0,27.0,5,2,1,4,5,0,0,0,0,0,0,3,11,0,2013,2,56,46,514,2,3,94.0,12,0,7.833333333333333,7,0.4166666666666667,Store,Wines,Medium
9727,1957,Graduation,Married,23539.0,0,0,2014-02-28,13,4.0,24.0,11.0,16.0,1.0,25.0,1,2,0,4,6,0,0,0,0,0,0,3,11,0,2014,2,67,57,122,0,2,81.0,7,0,11.571428571428571,8,0.14285714285714285,Store,Gold,Low
5136,1973,Graduation,Single,65333.0,0,1,2014-01-17,58,654.0,7.0,92.0,0.0,15.0,30.0,7,9,4,8,6,0,1,1,0,0,0,3,11,0,2014,1,51,41,164,1,2,798.0,28,2,28.5,15,0.25,Web,Wines,High
9790,1957,Graduation,Single,78499.0,0,0,2013-11-23,12,912.0,72.0,170.0,47.0,36.0,97.0,1,11,3,4,4,0,0,1,0,0,0,3,11,1,2013,11,67,57,219,0,1,1334.0,19,2,70.21052631578948,15,0.05263157894736842,Web,Wines,Medium
1818,1971,Phd,Married,29732.0,1,0,2014-03-25,23,25.0,0.0,8.0,0.0,1.0,4.0,1,2,0,2,9,0,0,0,0,0,0,3,11,0,2014,3,53,43,97,1,3,38.0,5,0,7.6,11,0.2,Web,Wines,Low
1100,1960,Master,Married,41275.0,1,2,2014-03-24,33,24.0,4.0,22.0,0.0,2.0,9.0,4,3,1,3,5,0,0,0,0,0,0,3,11,0,2014,3,64,54,98,3,5,61.0,11,0,5.545454545454546,8,0.36363636363636365,Web,Wines,Medium
7873,1973,Phd,Married,63516.0,1,1,2013-07-06,30,141.0,11.0,114.0,15.0,14.0,5.0,4,4,1,7,5,0,0,0,0,0,0,3,11,0,2013,7,51,41,359,2,4,300.0,16,0,18.75,9,0.25,Store,Wines,Medium
10609,1962,Phd,Married,42769.0,0,1,2013-10-12,15,71.0,0.0,13.0,3.0,1.0,0.0,2,1,1,4,4,0,0,0,0,0,0,3,11,0,2013,10,62,52,261,1,3,88.0,8,0,11.0,5,0.25,Store,Wines,Low
6950,1958,Master,Married,49572.0,1,1,2013-12-15,25,35.0,1.0,16.0,0.0,1.0,1.0,2,2,0,3,7,0,0,0,0,0,0,3,11,0,2013,12,66,56,197,2,4,54.0,7,0,7.714285714285714,9,0.2857142857142857,Store,Wines,Low
7233,1972,Graduation,Married,69209.0,0,0,2012-09-17,4,496.0,32.0,556.0,120.5,48.0,126.5,2,5,3,6,4,0,0,0,1,0,0,3,11,0,2012,9,52,42,651,0,2,1379.0,16,1,86.1875,9,0.125,Store,Meat,Medium
9481,1976,Graduation,Married,17148.0,1,0,2014-01-28,80,9.0,9.0,11.0,13.0,10.0,16.0,4,3,1,3,8,0,0,0,0,0,0,3,11,0,2014,1,48,38,153,1,3,68.0,11,0,6.181818181818182,11,0.36363636363636365,Web,Gold,Medium
7699,1969,Graduation,Widow,40590.0,1,1,2013-10-02,30,154.0,0.0,50.0,6.0,11.0,37.0,5,3,4,3,6,1,0,0,0,0,0,3,11,0,2013,10,55,45,271,2,3,258.0,15,1,17.2,9,0.3333333333333333,Catalog,Wines,Medium
2711,1976,Master,Married,30560.0,1,0,2013-06-27,6,9.0,1.0,5.0,4.0,5.0,7.0,1,1,0,3,7,0,0,0,0,0,0,3,11,0,2013,6,48,38,368,1,3,31.0,5,0,6.2,8,0.2,Store,Wines,Low
8933,1983,2N Cycle,Married,32146.0,1,0,2014-05-12,16,26.0,3.0,23.0,4.0,7.0,3.0,2,2,0,4,6,0,0,0,0,0,0,3,11,0,2014,5,41,31,49,1,3,66.0,8,0,8.25,8,0.25,Store,Wines,Low
8726,1964,2N Cycle,Divorced,41713.0,1,1,2014-04-29,57,77.0,8.0,44.0,10.0,10.0,25.0,5,3,1,4,6,0,0,0,0,0,0,3,11,0,2014,4,60,50,62,2,3,174.0,13,0,13.384615384615385,9,0.38461538461538464,Store,Wines,Medium
1515,1975,Master,Married,34176.0,0,1,2014-01-22,9,11.0,2.0,7.0,4.0,2.0,2.0,1,1,0,3,3,0,0,0,0,0,0,3,11,0,2014,1,49,39,159,1,3,28.0,5,0,5.6,4,0.2,Store,Wines,Low
5186,1955,Phd,Married,58482.0,0,1,2014-03-12,59,576.0,7.0,115.0,19.0,7.0,7.0,2,7,4,9,6,0,1,0,0,0,0,3,11,0,2014,3,69,59,110,1,3,731.0,22,1,33.22727272727273,13,0.09090909090909091,Store,Wines,High
10157,1965,Graduation,Single,59686.0,0,1,2014-01-25,78,89.0,15.0,89.0,34.0,42.0,5.0,1,4,1,6,4,0,0,0,0,0,0,3,11,0,2014,1,59,49,156,1,2,274.0,12,0,22.833333333333332,8,0.08333333333333333,Store,Wines,Medium
5667,1964,Phd,Married,60896.0,0,1,2012-10-11,90,1013.0,30.0,399.0,60.0,46.0,126.5,3,9,10,4,6,0,0,0,0,0,0,3,11,1,2012,10,60,50,627,1,3,1674.5,26,1,64.40384615384616,15,0.11538461538461539,Catalog,Wines,High
902,1980,Graduation,Married,62994.0,1,0,2014-03-04,74,224.0,12.0,48.0,4.0,12.0,12.0,1,6,2,4,6,0,0,0,0,0,0,3,11,0,2014,3,44,34,118,1,3,312.0,13,0,24.0,12,0.07692307692307693,Web,Wines,Medium
977,1957,Graduation,Married,47320.0,0,1,2013-08-01,10,200.0,19.0,111.0,50.0,15.0,19.0,6,5,1,8,6,0,0,0,0,0,0,3,11,0,2013,8,67,57,333,1,3,414.0,20,0,20.7,11,0.3,Store,Wines,High
7313,1949,2N Cycle,Widow,74859.0,0,0,2013-06-03,63,570.0,73.0,556.0,120.5,81.0,73.0,1,6,5,11,3,0,0,0,1,0,0,3,11,0,2013,6,75,65,392,0,1,1473.5,23,1,64.06521739130434,9,0.043478260869565216,Store,Wines,High
7600,1992,Undergraduate,Single,15253.0,1,0,2013-10-28,13,1.0,3.0,3.0,8.0,1.0,13.0,2,1,0,3,7,0,0,0,0,0,0,3,11,0,2013,10,32,22,245,1,2,29.0,6,0,4.833333333333333,8,0.3333333333333333,Store,Gold,Low
9706,1974,Phd,Single,31560.0,1,0,2013-06-24,98,62.0,1.0,20.0,4.0,0.0,7.0,2,2,1,3,8,0,0,0,0,0,0,3,11,0,2013,6,50,40,371,1,2,94.0,8,0,11.75,10,0.25,Store,Wines,Low
2429,1954,Graduation,Divorced,72071.0,0,1,2013-02-14,4,531.0,69.0,300.0,120.5,81.0,126.5,3,5,4,8,2,0,0,0,0,0,0,3,11,0,2013,2,70,60,501,1,2,1228.0,20,0,61.4,7,0.15,Store,Wines,High
3520,1990,Master,Single,91172.0,0,0,2013-03-27,94,162.0,28.0,556.0,0.0,28.0,56.0,0,4,3,7,3,1,0,1,1,1,0,3,11,1,2013,3,34,24,460,0,1,830.0,14,5,59.285714285714285,7,0.0,Store,Meat,Medium
10394,1984,Graduation,Married,90000.0,0,0,2013-12-23,91,675.0,81.0,133.0,94.0,81.0,126.5,1,4,8,5,1,1,0,1,1,0,0,3,11,0,2013,12,40,30,189,0,2,1190.5,18,3,66.13888888888889,5,0.05555555555555555,Catalog,Wines,Medium
4548,1981,Graduation,Single,41967.0,1,1,2013-11-23,66,23.0,4.0,10.0,0.0,2.0,15.0,1,1,0,3,4,0,0,0,0,0,0,3,11,0,2013,11,43,33,219,2,3,54.0,5,0,10.8,5,0.2,Store,Wines,Low
9362,1965,Graduation,Single,69263.0,0,1,2014-03-05,14,492.0,5.0,32.0,13.0,5.0,21.0,1,9,1,7,6,0,1,0,0,0,0,3,11,0,2014,3,59,49,117,1,2,568.0,18,1,31.555555555555557,15,0.05555555555555555,Web,Wines,Medium
3968,1970,2N Cycle,Divorced,65706.0,0,0,2013-06-28,77,918.0,10.0,129.0,13.0,0.0,126.5,1,11,3,12,7,0,1,1,0,1,0,3,11,1,2013,6,54,44,367,0,1,1196.5,27,4,44.31481481481482,18,0.037037037037037035,Store,Wines,High
4084,1975,Graduation,Married,60934.0,0,1,2014-01-17,41,224.0,81.0,155.0,120.5,81.0,54.0,2,6,4,11,4,0,0,0,0,0,0,3,11,0,2014,1,49,39,164,1,3,715.5,23,0,31.108695652173914,10,0.08695652173913043,Store,Wines,High
6721,1951,Graduation,Married,71965.0,0,1,2013-07-29,21,572.0,19.0,286.0,50.0,38.0,126.5,3,6,3,5,3,0,0,0,0,0,0,3,11,0,2013,7,73,63,336,1,3,1091.5,17,0,64.20588235294117,9,0.17647058823529413,Web,Wines,Medium
2829,1955,Graduation,Married,65210.0,0,1,2014-03-10,25,626.0,0.0,70.0,0.0,7.0,28.0,2,9,3,8,6,0,1,0,1,0,0,3,11,0,2014,3,69,59,112,1,3,731.0,22,2,33.22727272727273,15,0.09090909090909091,Web,Wines,High
1772,1975,Phd,Married,79174.0,0,0,2013-01-11,2,1074.0,37.0,518.0,120.5,81.0,126.5,1,5,6,7,2,0,0,1,1,0,0,3,11,1,2013,1,49,39,535,0,2,1957.0,19,3,103.0,7,0.05263157894736842,Store,Wines,Medium
1544,1967,Master,Divorced,81380.0,0,0,2012-12-22,51,741.0,68.0,556.0,120.5,68.0,103.0,1,4,2,10,2,0,0,0,0,0,0,3,11,0,2012,12,57,47,555,0,1,1656.5,17,0,97.44117647058823,6,0.058823529411764705,Store,Wines,Medium
492,1973,Phd,Single,48432.0,0,1,2012-10-18,3,322.0,3.0,50.0,4.0,3.0,42.0,5,7,1,6,8,0,0,0,0,0,0,3,11,0,2012,10,51,41,620,1,2,424.0,19,0,22.31578947368421,15,0.2631578947368421,Web,Wines,Medium
4377,1971,Graduation,Married,52914.0,0,1,2013-01-07,32,254.0,10.0,44.0,30.0,10.0,126.5,2,7,3,3,7,1,0,0,0,0,0,3,11,0,2013,1,53,43,539,1,3,474.5,15,1,31.633333333333333,14,0.13333333333333333,Web,Wines,Medium
4541,1955,Graduation,Married,38946.0,0,1,2013-10-24,84,116.0,6.0,82.0,6.0,6.0,41.0,2,3,1,6,5,0,0,0,0,0,0,3,11,0,2013,10,69,59,249,1,3,257.0,12,0,21.416666666666668,8,0.16666666666666666,Store,Wines,Medium
1321,1974,Graduation,Married,26067.0,1,0,2013-11-04,49,22.0,2.0,18.0,0.0,2.0,12.0,3,3,0,3,8,0,0,0,0,0,0,3,11,0,2013,11,50,40,238,1,3,56.0,9,0,6.222222222222222,11,0.3333333333333333,Web,Wines,Low
8858,1972,Phd,Married,44325.0,0,1,2013-03-07,69,516.0,0.0,21.0,0.0,0.0,5.0,4,8,2,7,8,0,1,0,0,0,0,3,11,0,2013,3,52,42,480,1,3,542.0,21,1,25.80952380952381,16,0.19047619047619047,Web,Wines,High
3266,1964,Graduation,Married,42523.0,0,0,2014-04-23,96,14.0,36.0,11.0,3.0,26.0,35.0,1,1,1,4,2,0,0,0,0,0,0,3,11,0,2014,4,60,50,68,0,2,125.0,7,0,17.857142857142858,3,0.14285714285714285,Store,Fruits,Low
11187,1978,Undergraduate,Single,26487.0,1,0,2013-05-20,23,2.0,8.0,10.0,12.0,14.0,23.0,3,2,1,3,5,0,0,0,0,0,0,3,11,0,2013,5,46,36,406,1,2,69.0,9,0,7.666666666666667,7,0.3333333333333333,Store,Gold,Low
8207,1957,2N Cycle,Married,53233.0,0,1,2014-03-18,18,28.0,0.0,9.0,3.0,0.0,0.0,1,1,0,3,4,0,0,0,0,0,0,3,11,0,2014,3,67,57,104,1,3,40.0,5,0,8.0,5,0.2,Store,Wines,Low
9723,1960,Graduation,Married,67716.0,0,1,2013-01-10,8,530.0,81.0,217.0,62.0,9.0,56.0,4,7,4,13,5,0,1,0,0,0,0,3,11,0,2013,1,64,54,536,1,3,955.0,28,1,34.107142857142854,12,0.14285714285714285,Store,Wines,High
2666,1972,Master,Married,76234.0,0,1,2014-02-06,21,519.0,50.0,167.0,120.5,0.0,41.0,1,8,3,11,3,0,1,0,0,0,0,3,11,0,2014,2,52,42,144,1,3,897.5,23,1,39.02173913043478,11,0.043478260869565216,Store,Wines,High
5721,1956,Phd,Married,84117.0,0,0,2014-05-11,60,611.0,76.0,556.0,59.0,45.0,26.0,1,7,10,6,2,0,0,1,0,0,0,3,11,0,2014,5,68,58,50,0,2,1373.0,24,1,57.208333333333336,9,0.041666666666666664,Catalog,Wines,High
10652,1957,Master,Married,65487.0,0,0,2014-01-10,48,240.0,67.0,500.0,120.5,0.0,126.5,3,3,5,6,2,0,0,0,0,0,0,3,11,0,2014,1,67,57,171,0,2,1054.0,17,0,62.0,5,0.17647058823529413,Store,Meat,Medium
1646,1972,Undergraduate,Married,25224.0,1,0,2014-03-16,36,4.0,9.0,12.0,11.0,2.0,8.0,2,1,1,3,3,0,0,0,0,0,0,3,11,0,2014,3,52,42,106,1,3,46.0,7,0,6.571428571428571,4,0.2857142857142857,Store,Meat,Low
4418,1983,Master,Single,89616.0,0,0,2013-02-25,36,671.0,47.0,556.0,120.5,81.0,15.0,1,7,5,12,2,0,0,0,0,0,0,3,11,1,2013,2,41,31,490,0,1,1490.5,25,1,59.62,9,0.04,Store,Wines,High
2656,1971,Graduation,Divorced,40851.0,1,1,2013-02-21,63,23.0,1.0,7.0,0.0,4.0,24.0,1,1,1,2,7,0,0,0,0,0,0,3,11,0,2013,2,53,43,494,2,3,59.0,5,0,11.8,8,0.2,Store,Gold,Low
7990,1947,Graduation,Married,27469.0,0,0,2012-08-02,2,9.0,1.0,2.0,3.0,2.0,0.0,1,0,0,3,6,0,0,0,0,0,0,3,11,0,2012,8,77,67,697,0,2,17.0,4,0,4.25,6,0.25,Store,Wines,Low
8722,1957,2N Cycle,Married,82347.0,0,0,2012-11-06,38,556.0,54.0,556.0,120.5,81.0,63.0,1,7,7,10,3,1,0,0,1,0,0,3,11,1,2012,11,67,57,601,0,2,1430.5,25,3,57.22,10,0.04,Store,Wines,High
7118,1957,Graduation,Married,73803.0,0,1,2012-08-01,61,833.0,80.0,363.0,52.0,26.0,126.5,2,9,5,6,6,1,0,0,0,0,0,3,11,1,2012,8,67,57,698,1,3,1480.5,22,2,67.29545454545455,15,0.09090909090909091,Web,Wines,High
2980,1952,Master,Single,8820.0,1,1,2013-03-22,52,12.0,0.0,13.0,4.0,2.0,4.0,4,3,0,3,8,0,0,0,0,0,0,3,11,0,2013,3,72,62,465,2,3,35.0,10,0,3.5,11,0.4,Web,Meat,Medium
1839,1974,Graduation,Single,43322.0,0,0,2014-04-21,25,56.0,7.0,48.0,10.0,2.0,18.0,1,3,0,4,7,0,0,0,0,0,0,3,11,0,2014,4,50,40,70,0,1,141.0,8,0,17.625,10,0.125,Store,Wines,Low
10722,1973,Graduation,Married,55593.0,0,1,2013-08-21,63,293.0,8.0,124.0,11.0,4.0,106.0,2,6,6,3,6,1,0,0,0,0,0,3,11,0,2013,8,51,41,313,1,3,546.0,17,1,32.11764705882353,12,0.11764705882352941,Web,Wines,Medium
2632,1954,Graduation,Married,50501.0,1,1,2013-06-18,10,297.0,0.0,38.0,13.0,0.0,126.5,7,5,4,4,6,1,0,0,0,0,0,3,11,1,2013,6,70,60,377,2,4,474.5,20,2,23.725,11,0.35,Web,Wines,High
9014,1975,Graduation,Married,37085.0,1,1,2014-06-26,65,39.0,1.0,16.0,2.0,0.0,3.0,4,3,0,3,8,0,0,0,0,0,0,3,11,0,2014,6,49,39,4,2,4,61.0,10,0,6.1,11,0.4,Web,Wines,Medium
7620,1990,Undergraduate,Single,16185.0,1,0,2013-08-05,71,5.0,11.0,16.0,21.0,8.0,45.0,2,2,2,2,8,0,0,0,0,0,0,3,11,0,2013,8,34,24,329,1,2,106.0,8,0,13.25,10,0.25,Web,Gold,Low
10968,1969,Graduation,Single,57731.0,0,1,2012-11-23,0,266.0,21.0,300.0,65.0,8.0,44.0,4,8,8,6,6,0,0,0,0,0,0,3,11,0,2012,11,55,45,584,1,2,704.0,26,0,27.076923076923077,14,0.15384615384615385,Web,Meat,High
11133,1973,Phd,Single,48432.0,0,1,2012-10-18,3,322.0,3.0,50.0,4.0,3.0,42.0,5,7,1,6,8,0,0,0,0,0,0,3,11,1,2012,10,51,41,620,1,2,424.0,19,1,22.31578947368421,15,0.2631578947368421,Web,Wines,Medium
2736,1978,Graduation,Married,73807.0,0,1,2013-01-02,88,366.0,81.0,156.0,71.0,78.0,54.0,2,5,5,11,2,0,0,0,0,0,0,3,11,0,2013,1,46,36,544,1,3,806.0,23,0,35.04347826086956,7,0.08695652173913043,Store,Wines,High
1876,1990,Graduation,Married,18929.0,0,0,2013-02-16,15,32.0,0.0,8.0,23.0,4.0,18.0,1,1,0,4,6,0,0,0,0,0,0,3,11,0,2013,2,34,24,499,0,2,85.0,6,0,14.166666666666666,7,0.16666666666666666,Store,Wines,Low
5959,1968,Graduation,Single,35893.0,1,1,2012-10-15,80,158.0,0.0,23.0,0.0,0.0,18.0,6,3,1,5,8,0,0,0,0,0,0,3,11,0,2012,10,56,46,623,2,3,199.0,15,0,13.266666666666667,11,0.4,Store,Wines,Medium
1092,1980,Graduation,Married,61014.0,0,1,2012-08-11,17,269.0,81.0,495.0,120.5,43.0,29.0,4,9,3,4,7,0,0,0,0,0,0,3,11,0,2012,8,44,34,688,1,3,1037.5,20,0,51.875,16,0.2,Web,Meat,High
4333,1954,Graduation,Married,32144.0,1,1,2014-03-23,76,41.0,0.0,10.0,0.0,0.0,3.0,4,2,1,3,7,0,1,0,0,0,0,3,11,0,2014,3,70,60,99,2,4,54.0,10,1,5.4,9,0.4,Store,Wines,Medium
3850,1963,Undergraduate,Married,14918.0,0,1,2012-12-07,52,3.0,3.0,3.0,15.0,4.0,15.0,1,1,0,3,6,0,0,0,0,0,0,3,11,0,2012,12,61,51,570,1,3,43.0,5,0,8.6,7,0.2,Store,Fish,Low
6168,1963,Graduation,Divorced,45146.0,1,1,2013-07-15,28,33.0,0.0,5.0,0.0,0.0,15.0,2,1,1,2,4,0,0,0,0,0,0,3,11,0,2013,7,61,51,350,2,3,53.0,6,0,8.833333333333334,5,0.3333333333333333,Store,Wines,Low
607,1955,2N Cycle,Divorced,41769.0,0,1,2013-02-13,31,302.0,29.0,131.0,32.0,0.0,27.0,6,8,1,7,8,0,0,0,0,0,0,3,11,0,2013,2,69,59,502,1,2,521.0,22,0,23.681818181818183,16,0.2727272727272727,Web,Wines,High
10469,1981,Graduation,Married,88325.0,0,0,2014-02-05,42,519.0,71.0,556.0,93.0,27.0,53.0,1,6,2,9,2,0,0,0,0,0,0,3,11,0,2014,2,43,33,145,0,2,1319.0,18,0,73.27777777777777,8,0.05555555555555555,Store,Meat,Medium
6983,1950,Master,Divorced,38054.0,1,1,2014-05-01,24,23.0,2.0,17.0,2.0,1.0,0.0,2,2,0,3,7,0,0,0,0,0,0,3,11,0,2014,5,74,64,60,2,3,45.0,7,0,6.428571428571429,9,0.2857142857142857,Store,Wines,Low
3661,1995,2N Cycle,Single,80617.0,0,0,2012-10-12,42,594.0,51.0,556.0,72.0,55.0,32.0,1,4,6,8,2,0,0,0,0,0,0,3,11,0,2012,10,29,19,626,0,1,1360.0,19,0,71.57894736842105,6,0.05263157894736842,Store,Wines,Medium
9303,1976,Graduation,Married,5305.0,0,1,2013-07-30,12,12.0,4.0,7.0,1.0,3.0,5.0,0,1,0,0,13,0,0,0,0,0,0,3,11,0,2013,7,48,38,335,1,3,32.0,1,0,32.0,14,0.0,Web,Wines,Low
692,1954,Graduation,Married,36807.0,1,1,2012-12-20,88,4.0,2.0,5.0,0.0,0.0,5.0,1,1,0,2,6,0,0,0,0,0,0,3,11,0,2012,12,70,60,557,2,4,16.0,4,0,4.0,7,0.25,Store,Meat,Low
736,1983,Graduation,Married,28427.0,1,0,2013-03-21,67,18.0,3.0,19.0,3.0,3.0,6.0,2,2,0,3,8,0,0,0,0,0,0,3,11,0,2013,3,41,31,466,1,3,52.0,7,0,7.428571428571429,10,0.2857142857142857,Store,Meat,Low
9589,1948,Phd,Widow,82032.0,0,0,2014-04-05,54,332.0,81.0,377.0,120.5,81.0,57.0,0,4,6,7,1,0,0,0,0,0,0,3,11,0,2014,4,76,66,86,0,1,1048.5,17,0,61.6764705882353,5,0.0,Store,Meat,Medium
4838,1978,Graduation,Married,22775.0,1,0,2013-06-19,40,5.0,1.0,8.0,0.0,0.0,1.0,1,1,0,2,8,0,0,0,0,0,0,3,11,0,2013,6,46,36,376,1,3,15.0,4,0,3.75,9,0.25,Store,Meat,Low
9246,1985,Master,Married,40101.0,1,0,2012-10-14,73,171.0,3.0,129.0,26.0,24.0,62.0,4,6,1,6,7,0,0,0,0,0,0,3,11,0,2012,10,39,29,624,1,3,415.0,17,0,24.41176470588235,13,0.23529411764705882,Web,Wines,Medium
6261,1979,Graduation,Married,58025.0,0,1,2013-11-26,81,270.0,31.0,88.0,11.0,48.0,22.0,3,3,2,10,4,0,0,0,0,0,0,3,11,0,2013,11,45,35,216,1,3,470.0,18,0,26.11111111111111,7,0.16666666666666666,Store,Wines,Medium
7366,1982,Master,Single,75777.0,0,0,2013-07-04,12,712.0,26.0,538.0,69.0,13.0,80.0,1,3,6,11,1,0,1,1,0,0,0,3,11,1,2013,7,42,32,361,0,1,1438.0,21,3,68.47619047619048,4,0.047619047619047616,Store,Wines,High
10659,1979,2N Cycle,Married,7500.0,1,0,2013-05-07,7,2.0,8.0,11.0,3.0,8.0,21.0,4,3,2,2,7,0,0,0,0,0,0,3,11,0,2013,5,45,35,419,1,3,53.0,11,0,4.818181818181818,10,0.36363636363636365,Web,Gold,Medium
1448,1963,Master,Married,33562.0,1,2,2014-06-25,33,21.0,12.0,12.0,0.0,3.0,3.0,3,2,0,4,4,0,0,0,0,0,0,3,11,0,2014,6,61,51,5,3,5,51.0,9,0,5.666666666666667,6,0.3333333333333333,Store,Wines,Low
4286,1970,Phd,Single,57642.0,0,1,2014-01-09,24,580.0,6.0,58.0,8.0,0.0,27.0,3,7,6,6,4,1,0,0,0,0,0,3,11,0,2014,1,54,44,172,1,2,679.0,22,1,30.863636363636363,11,0.13636363636363635,Web,Wines,High
4749,1968,Graduation,Married,58554.0,1,1,2012-09-26,55,368.0,24.0,68.0,38.0,0.0,88.0,6,8,2,6,7,0,0,0,0,0,0,3,11,0,2012,9,56,46,642,2,4,586.0,22,0,26.636363636363637,15,0.2727272727272727,Web,Wines,High
4478,1979,Graduation,Married,63777.0,1,1,2013-03-24,87,457.0,5.0,106.0,15.0,17.0,53.0,8,11,1,6,8,0,0,0,0,0,0,3,11,0,2013,3,45,35,463,2,4,653.0,26,0,25.115384615384617,19,0.3076923076923077,Web,Wines,High
4201,1962,Graduation,Single,57967.0,0,1,2013-03-03,39,229.0,7.0,137.0,4.0,0.0,91.0,5,4,2,8,5,0,0,0,0,0,0,3,11,0,2013,3,62,52,484,1,2,468.0,19,0,24.63157894736842,9,0.2631578947368421,Store,Wines,Medium
8720,1978,2N Cycle,Married,51381.5,0,0,2012-08-12,53,32.0,2.0,556.0,12.0,4.0,22.0,0,0,0,1,0,0,1,0,0,0,0,3,11,0,2012,8,46,36,687,0,2,628.0,1,1,628.0,0,0.0,Store,Meat,Low
10084,1972,Graduation,Married,24434.0,2,0,2014-05-18,9,3.0,2.0,8.0,20.0,0.0,17.0,2,2,1,2,7,0,0,0,0,0,0,3,11,0,2014,5,52,42,43,2,4,50.0,7,0,7.142857142857143,9,0.2857142857142857,Web,Fish,Low
7004,1984,Graduation,Single,11012.0,1,0,2013-03-16,82,24.0,3.0,26.0,7.0,1.0,23.0,3,3,1,2,9,1,0,0,0,0,0,3,11,0,2013,3,40,30,471,1,2,84.0,9,1,9.333333333333334,12,0.3333333333333333,Web,Meat,Low
9817,1970,Master,Single,44802.0,0,0,2012-08-21,71,853.0,10.0,143.0,13.0,10.0,20.0,2,9,4,12,8,0,0,0,0,0,0,3,11,0,2012,8,54,44,678,0,1,1049.0,27,0,38.851851851851855,17,0.07407407407407407,Store,Wines,High
8080,1986,Graduation,Single,26816.0,0,0,2012-08-17,50,5.0,1.0,6.0,3.0,4.0,3.0,1,0,0,3,4,0,0,0,0,0,0,3,11,0,2012,8,38,28,682,0,1,22.0,4,0,5.5,4,0.25,Store,Meat,Low
9432,1977,Graduation,Married,117418.0,1,0,2013-06-02,23,9.0,14.0,18.0,8.0,1.0,12.0,4,3,1,3,6,0,0,0,0,0,0,3,11,0,2013,6,47,37,393,1,3,62.0,11,0,5.636363636363637,9,0.36363636363636365,Web,Meat,Medium
8372,1974,Graduation,Married,34421.0,1,0,2013-07-01,81,3.0,3.0,7.0,6.0,2.0,9.0,1,1,0,2,7,0,0,0,0,0,0,3,11,0,2013,7,50,40,364,1,3,30.0,4,0,7.5,8,0.25,Store,Gold,Low
10870,1967,Graduation,Married,61223.0,0,1,2013-06-13,46,709.0,43.0,182.0,42.0,81.0,126.5,2,9,3,4,5,0,0,0,0,0,0,3,11,0,2013,6,57,47,382,1,3,1183.5,18,0,65.75,14,0.1111111111111111,Web,Wines,Medium
4001,1946,Phd,Married,64014.0,2,1,2014-06-10,56,406.0,0.0,30.0,0.0,0.0,8.0,7,8,2,5,7,0,0,0,1,0,0,3,11,0,2014,6,78,68,20,3,5,444.0,22,1,20.181818181818183,15,0.3181818181818182,Web,Wines,High
7270,1981,Graduation,Divorced,56981.0,0,0,2014-01-25,91,908.0,48.0,217.0,32.0,12.0,24.0,1,2,3,13,6,0,1,0,0,0,0,3,11,0,2014,1,43,33,156,0,1,1241.0,19,1,65.3157894736842,8,0.05263157894736842,Store,Wines,Medium
8235,1956,Master,Married,69245.0,0,1,2014-01-24,8,428.0,30.0,214.0,80.0,30.0,61.0,2,6,5,10,3,0,0,0,0,0,0,3,11,0,2014,1,68,58,157,1,3,843.0,23,0,36.65217391304348,9,0.08695652173913043,Store,Wines,High
9405,1954,Phd,Married,52869.0,1,1,2012-10-15,40,84.0,3.0,61.0,2.0,1.0,21.0,3,3,1,4,7,0,0,0,0,0,0,3,11,1,2012,10,70,60,623,2,4,172.0,11,1,15.636363636363637,10,0.2727272727272727,Store,Wines,Medium
